"","CoreAssociationScore","HealthAssociationScore","StabilityAssociationScore","HAC_Score","HAC_Score_RankScaled","quadrant","quadrant2","quadrant3"
"Fusobacterium_periodonticum",0.991780821917808,0.983127787532038,0.999293530337027,0.986012132327295,1,"Q1","Q1","Q1"
"Lachnoanaerobaculum_umeaense",0.923287671232877,0.947371193315977,0.905526149597593,0.911446656809354,0.997991967871486,"Q1","Q1","Q1"
"Campylobacter_concisus",0.965753424657534,0.946760206655769,0.887426757778014,0.907204574070599,0.995983935742972,"Q1","Q1","Q1"
"Porphyromonas_catoniae",0.984931506849315,0.878976004520595,0.908063163006729,0.888671724015973,0.993975903614458,"Q1","Q1","Q1"
"Actinomyces_graevenitzii",0.965753424657534,0.913006296542956,0.847138018157927,0.869094110952937,0.991967871485944,"Q1","Q1","Q1"
"Prevotella_pallens",0.994520547945206,0.817064640471433,0.968551124050972,0.867560134997946,0.98995983935743,"Q1","Q1","Q1"
"Prevotella_melaninogenica",0.984931506849315,0.818661883715768,0.940485937799142,0.859269901743559,0.987951807228916,"Q1","Q1","Q1"
"Alloprevotella_rava",0.850684931506849,0.872211055276382,0.871231516550112,0.857533793187937,0.985943775100402,"Q1","Q1","Q1"
"Eubacterium_sulci",0.894520547945206,0.829147746765958,0.995550013841472,0.850938680492374,0.983935742971888,"Q1","Q1","Q1"
"Veillonella_rogosae",0.83013698630137,0.954500312809025,0.888058643412226,0.849444205338322,0.981927710843373,"Q1","Q1","Q1"
"Prevotella_veroralis",0.916438356164384,0.813351799156425,0.988286548093493,0.847713984825744,0.979919678714859,"Q1","Q1","Q1"
"Catonella_morbi",0.878082191780822,0.831847591370507,0.834348443771998,0.832681208837671,0.977911646586345,"Q1","Q1","Q1"
"Prevotella_shahii",0.80958904109589,0.861951423785595,0.974180955546584,0.827043168659125,0.975903614457831,"Q1","Q1","Q1"
"Eubacterium_yurii",0.76986301369863,0.981215918952191,0.934342997488828,0.824689674962029,0.973895582329317,"Q1","Q1","Q1"
"Haemophilus_parainfluenzae",0.975342465753425,0.998191257492281,0.749326496933172,0.82466515320659,0.971887550200803,"Q1","Q1","Q1"
"Cardiobacterium_hominis",0.821917808219178,0.981718835139553,0.829155187367296,0.824330267935217,0.969879518072289,"Q1","Q1","Q1"
"Neisseria_elongata",0.80958904109589,0.915321486952836,0.821755441735963,0.813644507975915,0.967871485943775,"Q1","Q1","Q1"
"Capnocytophaga_gingivalis",0.928767123287671,0.763404774878408,0.898750306013062,0.808519951923293,0.965863453815261,"Q1","Q1","Q1"
"Campylobacter_showae",0.757534246575343,0.879862868559666,0.908769614459707,0.79831045390345,0.963855421686747,"Q1","Q1","Q1"
"Leptotrichia_buccalis",0.872602739726027,0.742367762507316,0.918895035146531,0.78577942158022,0.961847389558233,"Q1","Q1","Q1"
"Leptotrichia_hofstadii",0.749315068493151,0.864482956953442,0.847414838134678,0.782014991706993,0.959839357429719,"Q1","Q1","Q1"
"Lachnoanaerobaculum_saburreum",0.845205479452055,0.895327844039475,0.7397308540994,0.774889062550285,0.957831325301205,"Q1","Q1","Q1"
"Streptococcus_lactarius",0.693150684931507,0.97207069483966,0.93674836551133,0.774349911791448,0.955823293172691,"Q4","Q1","Q4"
"Prevotella_aurantiaca",0.671232876712329,0.942235777279974,0.944039679476739,0.761567176901544,0.953815261044177,"Q4","Q1","Q4"
"Capnocytophaga_leadbetteri",0.901369863013699,0.706367580876269,0.847740955671633,0.75349203914139,0.951807228915663,"Q1","Q1","Q1"
"Cardiobacterium_valvarum",0.706849315068493,0.871311678876309,0.824407781018796,0.746035470385261,0.949799196787149,"Q1","Q1","Q1"
"Actinomyces_odontolyticus",0.958904109589041,0.73572864321608,0.761200684883784,0.744219323771982,0.947791164658635,"Q1","Q1","Q1"
"Haemophilus_pittmaniae",0.720547945205479,0.887581178987306,0.76219607132164,0.734430653910866,0.94578313253012,"Q1","Q1","Q1"
"Leptotrichia_wadei",0.938356164383562,0.659015862444754,0.861535235820668,0.726522320236725,0.943775100401606,"Q1","Q4","Q2"
"Oribacterium_sinus",0.916438356164384,0.627201771911768,0.959597185294522,0.72361396666264,0.941767068273092,"Q1","Q4","Q2"
"Propionibacterium_propionicum",0.706849315068493,0.749332606809146,0.757619047635544,0.721010412315378,0.939759036144578,"Q1","Q1","Q1"
"Leptotrichia_goodfellowii",0.76986301369863,0.693390446206938,0.858580426644771,0.718881302037502,0.937751004016064,"Q1","Q4","Q2"
"Prevotella_oulorum",0.894520547945206,0.619283263708099,0.931301576808862,0.711029025120468,0.93574297188755,"Q1","Q4","Q2"
"Prevotella_salivae",1,0.629500615527436,0.862691090220211,0.707230773758361,0.933734939759036,"Q1","Q4","Q2"
"Prevotella_loescheii",0.865753424657534,0.656274343605578,0.807616942108782,0.706721876439979,0.931726907630522,"Q1","Q4","Q2"
"Neisseria_meningitidis",0.66027397260274,0.917543238279752,0.791029342781191,0.703859095995557,0.929718875502008,"Q4","Q1","Q4"
"Leptotrichia_hongkongensis",0.80958904109589,0.637858973582773,0.816447801475442,0.695102329420479,0.927710843373494,"Q1","Q4","Q2"
"Eubacterium_infirmum",0.706849315068493,0.694845512704083,0.695234066271452,0.694975030559873,0.92570281124498,"Q2","Q3","Q2"
"Streptococcus_mutans",0.671232876712329,0.706955460031079,0.807554253846441,0.683140404485246,0.923694779116466,"Q4","Q1","Q4"
"Orientia_tsutsugamushi",0.591780821917808,0.956406631551331,0.860571526272323,0.681377723369313,0.921686746987952,"Q4","Q1","Q4"
"Actinomyces_massiliensis",0.683561643835616,0.994674375895542,0.680192861325685,0.681315788828996,0.919678714859438,"Q3","Q2","Q4"
"Neisseria_oralis",0.671232876712329,0.729550261346895,0.701335023207965,0.681266925544208,0.917670682730924,"Q4","Q1","Q4"
"Streptobacillus_moniliformis",0.621917808219178,0.862795705434805,0.761014437646868,0.668283351361742,0.91566265060241,"Q4","Q1","Q4"
"Neisseria_flavescens",0.923287671232877,0.945751448003068,0.540594689726743,0.668159016895454,0.913654618473896,"Q2","Q2","Q1"
"Gemella_sanguinis",0.912328767123288,0.541950515630361,0.925502850590598,0.66540993279467,0.911646586345382,"Q1","Q4","Q2"
"Corynebacterium_durum",0.850684931506849,0.96565145002119,0.57026836257984,0.663740552222177,0.909638554216867,"Q2","Q2","Q1"
"Porphyromonas_gingivalis",0.720547945205479,0.623742003188634,0.775701531538372,0.656010650527582,0.907630522088353,"Q1","Q4","Q2"
"Peptococcus_niger",0.645205479452055,0.658801638715667,0.774189525681193,0.649737532539925,0.905622489959839,"Q4","Q4","Q3"
"Actinomyces_meyeri",0.645205479452055,0.656641541038526,0.816437718555124,0.649017499980879,0.903614457831325,"Q4","Q4","Q3"
"Corynebacterium_matruchotii",0.872602739726027,0.639059453895986,0.655417637161231,0.644512181651068,0.901606425702811,"Q2","Q3","Q2"
"Haemophilus_sputorum",0.731506849315068,0.979807269278117,0.594375626871922,0.640086034352971,0.899598393574297,"Q2","Q2","Q1"
"Streptococcus_australis",0.645205479452055,0.903754212831224,0.636853294207231,0.639637355955506,0.897590361445783,"Q3","Q2","Q4"
"Leptotrichia_trevisanii",0.782191780821918,0.566865149038364,0.875412654299426,0.638640692966216,0.895582329317269,"Q1","Q4","Q2"
"Veillonella_tobetsuensis",0.621917808219178,0.736299570139856,0.664846567597666,0.636227394678674,0.893574297188755,"Q3","Q2","Q4"
"Neisseria_subflava",0.645205479452055,0.953080260741458,0.620209812542651,0.628541701512452,0.891566265060241,"Q3","Q2","Q4"
"Stomatobaculum_longum",0.947945205479452,0.465006558898912,0.958744367935132,0.625986107759092,0.889558232931727,"Q1","Q4","Q2"
"Treponema_vincentii",0.720547945205479,0.739556416621259,0.574348447266076,0.623081613245877,0.887550200803213,"Q2","Q2","Q1"
"Aggregatibacter_segnis",0.865753424657534,0.950189299913221,0.49918182372936,0.621372357372085,0.885542168674699,"Q2","Q2","Q1"
"Shuttleworthia_satelles",0.645205479452055,0.720643680248633,0.601992312378595,0.616396701403082,0.883534136546185,"Q3","Q2","Q4"
"Veillonella_sp_T11011_6",0.552054794520548,0.743716776654356,0.964459006421497,0.615942121898484,0.881526104417671,"Q4","Q1","Q4"
"Atopobium_parvulum",0.997260273972603,0.453583984177918,0.92838633048324,0.611851432946359,0.879518072289157,"Q1","Q4","Q2"
"Capnocytophaga_sputigena",0.901369863013699,0.464688200036326,0.918607129825082,0.610248754362117,0.877510040160643,"Q1","Q4","Q2"
"Kingella_oralis",0.821917808219178,0.815539545115134,0.500169606218866,0.605292919184289,0.875502008032129,"Q2","Q2","Q1"
"Prevotella_maculosa",0.76986301369863,0.520026740126334,0.871203410901681,0.603305497983766,0.873493975903614,"Q1","Q4","Q2"
"Selenomonas_dianae",0.683561643835616,0.559026558495288,0.763313160355225,0.600538253608731,0.8714859437751,"Q4","Q4","Q3"
"Solobacterium_moorei",0.932876712328767,0.429113539585478,0.976038406352647,0.597034597166574,0.869477911646586,"Q1","Q4","Q2"
"Prevotella_micans",0.591780821917808,0.592866037012371,0.906307685163048,0.592142560282663,0.867469879518072,"Q4","Q4","Q3"
"Rothia_aeria",0.901369863013699,0.902957861597142,0.435359310217974,0.590696161149882,0.865461847389558,"Q2","Q2","Q1"
"Capnocytophaga_haemolytica",0.505479452054794,0.974584468527376,0.752512447938277,0.587823784015955,0.863453815261044,"Q4","Q1","Q4"
"Neisseria_mucosa",0.706849315068493,0.888998809307582,0.521513889582708,0.583292364744636,0.86144578313253,"Q2","Q2","Q1"
"Lachnospiraceae_bacterium_oral_taxon_096",0.423287671232877,0.899729773364816,0.986669053115397,0.582101705276857,0.859437751004016,"Q4","Q1","Q4"
"Haemophilus_haemolyticus",0.698630136986301,0.691542047587334,0.520523489462774,0.577529675504294,0.857429718875502,"Q3","Q3","Q3"
"Veillonella_parvula",0.878082191780822,0.454220298278541,0.822558704688098,0.576999767081727,0.855421686746988,"Q1","Q4","Q2"
"Kingella_denitrificans",0.621917808219178,0.87504924219491,0.552333117464321,0.575528014382606,0.853413654618474,"Q3","Q2","Q4"
"Planobacterium_taklimakanense",0.621917808219178,0.552100260337834,0.76590995426541,0.575372776298282,0.85140562248996,"Q4","Q4","Q3"
"Dialister_invisus",0.857534246575342,0.551573328489839,0.621260745653002,0.574802467544226,0.849397590361446,"Q2","Q3","Q2"
"Prevotella_nigrescens",0.83013698630137,0.716249419789712,0.501158795453471,0.572855670232218,0.847389558232932,"Q2","Q2","Q1"
"Capnocytophaga_ochracea",0.887671232876712,0.534028677524167,0.645360891296053,0.571139415448129,0.845381526104418,"Q2","Q3","Q2"
"Tannerella_forsythia",0.947945205479452,0.407582692579363,0.877870211338813,0.564345198832513,0.843373493975904,"Q1","Q4","Q2"
"Treponema_amylovorum",0.683561643835616,0.709223930899477,0.490663080644954,0.554962601708508,0.84136546184739,"Q3","Q2","Q4"
"Aggregatibacter_aphrophilus",0.79041095890411,0.634293051603399,0.512867543613523,0.553342712943481,0.839357429718876,"Q2","Q3","Q2"
"Anaeroglobus_geminatus",0.706849315068493,0.551405017053137,0.556476727766052,0.553095587290775,0.837349397590361,"Q2","Q3","Q2"
"Haemophilus_parahaemolyticus",0.591780821917808,0.531754354099816,0.787348686654532,0.551763176705814,0.835341365461847,"Q4","Q4","Q3"
"Alloprevotella_tannerae",0.80958904109589,0.452441827611955,0.748461619141321,0.551115091455077,0.833333333333333,"Q1","Q4","Q2"
"Prevotella_stercorea",0.505479452054794,0.636316320558616,0.805539746161055,0.549091741556068,0.831325301204819,"Q4","Q4","Q3"
"Streptococcus_peroris",0.645205479452055,0.543676212387237,0.556782740521058,0.548045055098511,0.829317269076305,"Q3","Q3","Q3"
"Brachymonas_denitrificans",0.591780821917808,0.525975056002906,0.797259212583038,0.547910311307873,0.827309236947791,"Q4","Q4","Q3"
"Prevotella_denticola",0.821917808219178,0.456750216948195,0.729917211412483,0.547805881769624,0.825301204819277,"Q1","Q4","Q2"
"Prevotella_nanceiensis",0.958904109589041,0.430132187039616,0.777970595648209,0.54607832324248,0.823293172690763,"Q1","Q4","Q2"
"Streptococcus_sanguinis",0.947945205479452,0.903559564892737,0.366267883325681,0.5453651105147,0.821285140562249,"Q2","Q2","Q1"
"Megasphaera_micronuciformis",0.989041095890411,0.351840225222498,0.929408179264573,0.544362876569856,0.819277108433735,"Q1","Q4","Q2"
"Catenibacterium_mitsuokai",0.505479452054794,0.755636919537446,0.61603073190134,0.54232987867031,0.817269076305221,"Q3","Q2","Q4"
"Campylobacter_rectus",0.552054794520548,0.725004137151622,0.536747751029,0.541850098859516,0.815261044176707,"Q3","Q2","Q4"
"Treponema_lecithinolyticum",0.591780821917808,0.901161530544288,0.510796527626864,0.537791292390512,0.813253012048193,"Q3","Q2","Q4"
"Prevotella_enoeca",0.505479452054794,0.589867005711287,0.733409024020595,0.533608636606959,0.811244979919679,"Q4","Q4","Q3"
"Mogibacterium_diversum",0.552054794520548,0.523223446550019,0.834319528497336,0.532833895873529,0.808232931726908,"Q4","Q4","Q3"
"Veillonella_infantium",0.552054794520548,0.523223446550019,0.707241942537662,0.532833895873529,0.808232931726908,"Q4","Q4","Q3"
"Klebsiella_pneumoniae",0.423287671232877,0.750967689854897,0.807689725546323,0.532514344106883,0.805220883534137,"Q4","Q1","Q4"
"Prevotella_sp_oral_taxon_306",0.552054794520548,0.517299449052491,0.967567642092025,0.52888456420851,0.803212851405622,"Q4","Q4","Q3"
"Campylobacter_gracilis",0.857534246575342,0.762024681641137,0.407490421258259,0.525668508052552,0.801204819277108,"Q2","Q2","Q1"
"Treponema_socranskii",0.797260273972603,0.769056628524147,0.403096704046538,0.525083345539075,0.799196787148594,"Q2","Q2","Q1"
"Leptotrichia_shahii",0.76986301369863,0.442506912070392,0.683515612656499,0.522843145599094,0.79718875502008,"Q2","Q3","Q2"
"Actinomyces_lingnae",0.938356164383562,0.581682206211782,0.485116694556557,0.517305198441632,0.795180722891566,"Q2","Q3","Q2"
"Porphyromonas_endodontalis",0.836986301369863,0.444754293556134,0.65605390044793,0.515187495853399,0.793172690763052,"Q2","Q3","Q2"
"Olsenella_profusa",0.66027397260274,0.852407014994652,0.43923714713143,0.5129160889552,0.791164658634538,"Q3","Q2","Q4"
"Streptococcus_salivarius",0.857534246575342,0.561162539605659,0.487185091392384,0.511844240796809,0.789156626506024,"Q2","Q3","Q2"
"Olsenella_uli",0.591780821917808,0.510680208270267,0.512020898270495,0.51112710493701,0.78714859437751,"Q3","Q3","Q3"
"Capnocytophaga_granulosa",0.782191780821918,0.373532017517305,0.866946558701813,0.509751938618843,0.785140562248996,"Q1","Q4","Q2"
"Fretibacterium_fastidiosum",0.80958904109589,0.579987588545135,0.473688706512106,0.509121667189782,0.783132530120482,"Q2","Q3","Q2"
"Aggregatibacter_sp_oral_taxon_458",0.505479452054794,0.702434965994632,0.515711653467608,0.508890185859066,0.781124497991968,"Q3","Q2","Q4"
"Soonwooa_buanensis",0.423287671232877,0.769282355552865,0.672875367976724,0.506483570147492,0.779116465863454,"Q3","Q2","Q4"
"Neisseria_shayeganii",0.423287671232877,0.751955056406531,0.666368164675514,0.504314502380422,0.77710843373494,"Q3","Q2","Q4"
"Prevotella_histicola",0.978082191780822,0.348705374260863,0.81456712170537,0.503992623409032,0.775100401606426,"Q1","Q4","Q2"
"Sneathia_sanguinegens",0.423287671232877,0.662307723355735,0.803315186479379,0.502961021940496,0.773092369477912,"Q4","Q4","Q3"
"Treponema_pedis",0.505479452054794,0.760590906338924,0.49720341425475,0.499962093521432,0.771084337349398,"Q3","Q2","Q4"
"Butyrivibrio_fibrisolvens",0.423287671232877,0.858649875885451,0.65152282285642,0.499366055107391,0.769076305220884,"Q3","Q2","Q4"
"Oribacterium_parvum",0.423287671232877,0.649678210328752,0.975851999543506,0.498751184264835,0.767068273092369,"Q4","Q4","Q3"
"Bacteroides_intestinalis",0.423287671232877,0.640354382353535,0.701655951280078,0.495643241606429,0.765060240963855,"Q4","Q4","Q3"
"Streptococcus_infantis",0.749315068493151,0.354649855704224,0.796974808504516,0.486204926633866,0.763052208835341,"Q1","Q4","Q2"
"Prevotella_copri",0.591780821917808,0.666522875421283,0.428181983673063,0.482714929754645,0.761044176706827,"Q3","Q3","Q3"
"Neisseria_bacilliformis",0.552054794520548,0.445345300801195,0.565320677943029,0.480915132040979,0.759036144578313,"Q3","Q3","Q3"
"Neisseria_canis",0.423287671232877,0.589109806058404,0.801852140840445,0.478561716174719,0.757028112449799,"Q4","Q4","Q3"
"Johnsonella_ignava",0.505479452054794,0.462497225081229,0.905433009324434,0.476824634072418,0.755020080321285,"Q4","Q4","Q3"
"Actinomyces_georgiae",0.671232876712329,0.771372827995399,0.36573732237012,0.467569173817523,0.753012048192771,"Q3","Q2","Q4"
"Prevotella_pleuritidis",0.621917808219178,0.838305281427216,0.390364999230828,0.467549268893612,0.751004016064257,"Q3","Q2","Q4"
"Eubacterium_brachy",0.741095890410959,0.691732053843515,0.353227319615594,0.466062231024901,0.748995983935743,"Q2","Q3","Q2"
"Actinobacillus_rossii",0.423287671232877,0.853108918084398,0.531794893972754,0.459456745479502,0.746987951807229,"Q3","Q2","Q4"
"Peptostreptococcus_stomatis",0.947945205479452,0.241425702811245,0.892294784793665,0.458382063472052,0.744979919678715,"Q1","Q4","Q2"
"Treponema_denticola",0.757534246575343,0.640433997295715,0.366528539136995,0.457830358523235,0.742971887550201,"Q2","Q3","Q2"
"Selenomonas_infelix",0.76986301369863,0.301142459284374,0.801867886787957,0.457382644089126,0.740963855421687,"Q1","Q4","Q2"
"Actinomyces_sp_HMSC035G02",0.505479452054794,0.432126495933483,0.863395539494457,0.456577481307253,0.738955823293173,"Q4","Q4","Q3"
"Filifactor_alocis",0.782191780821918,0.366305422695808,0.623174629771452,0.451928491721023,0.736947791164659,"Q2","Q3","Q2"
"Veillonella_denticariosi",0.423287671232877,0.613781457488244,0.503135623039975,0.449903655168576,0.734939759036145,"Q3","Q3","Q3"
"Selenomonas_noxia",0.80958904109589,0.389660249036346,0.567862230531559,0.449060909534751,0.732931726907631,"Q2","Q3","Q2"
"Eggerthia_catenaformis",0.423287671232877,0.588445742770075,0.498016115010628,0.448197152492127,0.730923694779116,"Q3","Q3","Q3"
"Prevotella_saccharolytica",0.693150684931507,0.317905794030393,0.842787742619985,0.442987424330764,0.728915662650602,"Q4","Q4","Q3"
"Pasteurella_pneumotropica",0.423287671232877,0.621082420132792,0.481036706807017,0.44253734975759,0.726907630522088,"Q3","Q3","Q3"
"Faecalibacterium_prausnitzii",0.552054794520548,0.587921838106194,0.386324290256598,0.441567791677915,0.724899598393574,"Q3","Q3","Q3"
"Haemophilus_influenzae",0.741095890410959,0.411153256241045,0.491960823903474,0.438089112128521,0.72289156626506,"Q2","Q3","Q2"
"Streptococcus_pyogenes",0.505479452054794,0.432126495933483,0.442614134976882,0.435622375614616,0.720883534136546,"Q3","Q3","Q3"
"Bergeyella_zoohelcum",0.423287671232877,0.606995217049101,0.456336870463577,0.434304070976443,0.718875502008032,"Q3","Q3","Q3"
"Granulicatella_elegans",0.757534246575343,0.385539545115134,0.531820247473716,0.434299779234661,0.716867469879518,"Q2","Q3","Q2"
"Prevotella_ruminicola",0.423287671232877,0.563851587253537,0.455206968151003,0.433927436872252,0.714859437751004,"Q3","Q3","Q3"
"Bacteroides_vulgatus",0.423287671232877,0.454903029202236,0.554185758464155,0.43382612388933,0.71285140562249,"Q3","Q3","Q3"
"Eubacterium_nodatum",0.693150684931507,0.633081370708967,0.333944120269551,0.433656537082689,0.710843373493976,"Q3","Q3","Q3"
"Abiotrophia_defectiva",0.782191780821918,0.293883069968315,0.712354243486311,0.433373461140981,0.708835341365462,"Q1","Q4","Q2"
"Streptococcus_thermophilus",0.96986301369863,0.793174607979657,0.252749208353057,0.432891008228591,0.706827309236948,"Q2","Q2","Q1"
"Acinetobacter_johnsonii",0.423287671232877,0.441572016710056,0.510894948966374,0.429382453058603,0.704819277108434,"Q3","Q3","Q3"
"Prevotella_baroniae",0.591780821917808,0.347384815644487,0.615478526941853,0.428850151068928,0.70281124497992,"Q3","Q3","Q3"
"Actinomyces_sp_oral_taxon_181",0.423287671232877,0.436647898125164,0.879525482605929,0.427741080196972,0.700803212851406,"Q4","Q4","Q3"
"Eubacterium_biforme",0.423287671232877,0.451000686161732,0.43638847420658,0.427654605557444,0.698795180722892,"Q3","Q3","Q3"
"Centipeda_periodontii",0.731506849315068,0.275112510342879,0.899640974157983,0.427243956666942,0.696787148594378,"Q1","Q4","Q2"
"Actinomyces_turicensis",0.423287671232877,0.432126495933483,0.617212446064296,0.426233946133079,0.694779116465863,"Q3","Q3","Q3"
"Actinomyces_sp_ICM47",0.621917808219178,0.523223446550019,0.37613545727821,0.425164787035479,0.692771084337349,"Q3","Q3","Q3"
"Fusobacterium_nucleatum",0.972602739726027,0.396339024439466,0.476615478648959,0.423097842509297,0.690763052208835,"Q2","Q3","Q2"
"Streptococcus_parasanguinis",0.923287671232877,0.38798238178846,0.491703440381675,0.422556067986199,0.688755020080321,"Q2","Q3","Q2"
"Gemella_morbillorum",0.841095890410959,0.452213073399124,0.403868682530692,0.419983479486836,0.686746987951807,"Q2","Q3","Q2"
"Dorea_longicatena",0.552054794520548,0.428259470040968,0.415267935763349,0.419598447189222,0.684738955823293,"Q3","Q3","Q3"
"Gemella_haemolysans",0.908219178082192,0.542300357207725,0.356027949288624,0.418118751928324,0.682730923694779,"Q2","Q3","Q2"
"Methylobacterium_jeotgali",0.423287671232877,0.670808459970535,0.411002222274537,0.415097371927317,0.680722891566265,"Q3","Q3","Q3"
"Atopobium_rimae",0.79041095890411,0.28931151742649,0.645968597591937,0.408197210814972,0.678714859437751,"Q2","Q3","Q2"
"Lautropia_mirabilis",0.908219178082192,0.427791366470909,0.394456258866431,0.405567961401257,0.676706827309237,"Q2","Q3","Q2"
"Leptotrichia_sp_oral_taxon_215",0.505479452054794,0.355597061613287,0.749168511727818,0.405557858427123,0.674698795180723,"Q4","Q4","Q3"
"Lachnoanaerobaculum_orale",0.845205479452055,0.213770156000888,0.781547767569737,0.403029359857171,0.672690763052209,"Q1","Q4","Q2"
"Dialister_succinatiphilus",0.423287671232877,0.581854856612379,0.390283659887038,0.401284997002318,0.670682730923695,"Q3","Q3","Q3"
"Mycoplasma_faucium",0.505479452054794,0.488877015600089,0.355193433123164,0.399754627282139,0.668674698795181,"Q3","Q3","Q3"
"Treponema_medium",0.83013698630137,0.38014288309015,0.437883780471918,0.399389848884072,0.666666666666667,"Q2","Q3","Q2"
"Prevotella_jejuni",0.591780821917808,0.302428608907994,0.736526904155935,0.398879346577932,0.664658634538153,"Q4","Q4","Q3"
"Actinomyces_gerencseriae",0.552054794520548,0.524816451736595,0.313104068304692,0.383674862781993,0.662650602409639,"Q3","Q3","Q3"
"Rothia_mucilaginosa",0.958904109589041,0.648956428729995,0.248437642328803,0.381943904462534,0.660642570281124,"Q2","Q3","Q2"
"Parvimonas_micra",0.932876712328767,0.37955671933967,0.385468693267624,0.381527377315655,0.65863453815261,"Q2","Q3","Q2"
"Eikenella_corrodens",0.797260273972603,0.299139976993401,0.544520582941109,0.380933512309304,0.656626506024096,"Q2","Q3","Q2"
"Slackia_exigua",0.552054794520548,0.294101430849024,0.794564672337108,0.380085885406199,0.654618473895582,"Q4","Q4","Q3"
"Actinomyces_hyovaginalis",0.423287671232877,0.351173639280741,0.522369660776203,0.375211649931453,0.652610441767068,"Q3","Q3","Q3"
"Prevotella_buccae",0.552054794520548,0.431808237977034,0.343276131700043,0.372786833792374,0.650602409638554,"Q3","Q3","Q3"
"Streptococcus_oligofermentans",0.552054794520548,0.531190187887227,0.269699030412945,0.356862749571039,0.64859437751004,"Q3","Q3","Q3"
"Mogibacterium_timidum",0.552054794520548,0.447279772355755,0.308988617844526,0.355085669348269,0.646586345381526,"Q3","Q3","Q3"
"Selenomonas_sputigena",0.882191780821918,0.0893065730257714,0.94895437913113,0.353601642291154,0.644578313253012,"Q1","Q4","Q2"
"Streptococcus_cristatus",0.621917808219178,0.504608181469597,0.276328098478126,0.352421459475283,0.642570281124498,"Q3","Q3","Q3"
"Treponema_succinifaciens",0.423287671232877,0.313230308167343,0.723068196732184,0.349916095855854,0.640562248995984,"Q4","Q4","Q3"
"Propionibacterium_acnes",0.423287671232877,0.698030211297451,0.313212199579676,0.349904023464076,0.63855421686747,"Q3","Q3","Q3"
"Porphyromonas_somerae",0.645205479452055,0.196074549454098,0.668372809065334,0.345784859453417,0.636546184738956,"Q3","Q3","Q3"
"Veillonella_atypica",0.947945205479452,0.0915222699844604,0.842033325300461,0.341692621756461,0.634538152610442,"Q1","Q4","Q2"
"Morococcus_cerebrosus",0.423287671232877,0.773745030372747,0.299227106266761,0.340580627922133,0.632530120481928,"Q3","Q2","Q4"
"Dialister_pneumosintes",0.720547945205479,0.31713355936308,0.380146010522824,0.338137709749662,0.630522088353414,"Q2","Q3","Q2"
"Prevotella_intermedia",0.741095890410959,0.140135113317592,0.720737616996419,0.333669281210534,0.6285140562249,"Q1","Q4","Q2"
"Bacillus_pumilus",0.591780821917808,0.668691247401667,0.20232758039837,0.332145327571516,0.626506024096386,"Q3","Q3","Q3"
"Lactococcus_lactis",0.423287671232877,0.777893079857117,0.282005434349579,0.329099513310679,0.624497991967871,"Q3","Q2","Q4"
"Bacillus_cereus",0.423287671232877,0.639985772234667,0.276675064675804,0.325545933528161,0.622489959839357,"Q3","Q3","Q3"
"Treponema_maltophilum",0.66027397260274,0.466934269742286,0.252003633182758,0.323647178702601,0.620481927710843,"Q3","Q3","Q3"
"Selenomonas_artemidis",0.741095890410959,0.170283949869831,0.626393449068243,0.322320449602635,0.618473895582329,"Q2","Q3","Q2"
"Veillonella_caviae",0.552054794520548,0.908580351556982,0.205356929614582,0.320922884583238,0.616465863453815,"Q3","Q2","Q4"
"Schwartzia_succinivorans",0.671232876712329,0.22211156182519,0.508542883834074,0.317588669161485,0.614457831325301,"Q3","Q3","Q3"
"Veillonella_dispar",0.980821917808219,0.177238804464088,0.59439898877657,0.316292199234915,0.612449799196787,"Q2","Q3","Q2"
"Actinomyces_naeslundii",0.731506849315068,0.626423886500777,0.158711961556199,0.314615936537725,0.610441767068273,"Q2","Q3","Q2"
"Prevotella_marshii",0.423287671232877,0.255919456721358,0.609407056484288,0.311708861558531,0.608433734939759,"Q3","Q3","Q3"
"Pseudomonas_putida",0.423287671232877,0.332706605315735,0.300831187463739,0.311456326747738,0.606425702811245,"Q3","Q3","Q3"
"Acinetobacter_lwoffii",0.423287671232877,0.281751528727977,0.35953908726713,0.307680714907695,0.604417670682731,"Q3","Q3","Q3"
"Kingella_potus",0.423287671232877,0.835152166454764,0.248081578005443,0.306483609081254,0.602409638554217,"Q3","Q2","Q4"
"Neisseria_sicca",0.505479452054794,0.811615103630603,0.189783952474685,0.295015785668055,0.600401606425703,"Q3","Q2","Q4"
"Bulleidia_extructa",0.505479452054794,0.20745040463361,0.459357196250483,0.291419335172567,0.598393574297189,"Q3","Q3","Q3"
"Bifidobacterium_longum",0.423287671232877,0.241849609493249,0.386770514156823,0.290156577714441,0.596385542168675,"Q3","Q3","Q3"
"Rothia_dentocariosa",0.887671232876712,0.512043147464229,0.176748609529591,0.288513455507804,0.594377510040161,"Q2","Q3","Q2"
"Prevotella_scopos",0,0.858949466206535,0.919036794660782,0.286316488735512,0.592369477911647,"Q4","Q1","Q4"
"Moryella_indoligenes",0,0.855840043591451,0.855653891186718,0.285217963728906,0.590361445783133,"Q4","Q1","Q4"
"Simonsiella_muelleri",0,0.869310508365119,0.830453410867604,0.276817803622535,0.588353413654618,"Q4","Q1","Q4"
"Cryptobacterium_curtum",0.423287671232877,0.194174890516841,0.444352738672469,0.270545817422186,0.586345381526104,"Q3","Q3","Q3"
"Streptococcus_suis",0.591780821917808,0.246262537587536,0.304762548779526,0.265762541318199,0.58433734939759,"Q3","Q3","Q3"
"Anaerostipes_hadrus",0.505479452054794,0.147711852434865,0.470057825375381,0.255160510081704,0.582329317269076,"Q3","Q3","Q3"
"Treponema_refringens",0,0.756075053984783,0.800501113462093,0.252025017994928,0.580321285140562,"Q4","Q1","Q4"
"Streptococcus_sp_A12",0,0.743716776654356,0.813636058859257,0.247905592218119,0.578313253012048,"Q4","Q1","Q4"
"Terrahaemophilus_aromaticivorans",0.505479452054794,0.271581804605356,0.231606417828247,0.24493154675395,0.576305220883534,"Q3","Q3","Q3"
"Mobiluncus_mulieris",0,0.728544227159896,0.757312929497302,0.242848075719965,0.57429718875502,"Q4","Q1","Q4"
"Streptococcus_oralis",0.836986301369863,0.470075175072148,0.124882601138353,0.239946792449618,0.572289156626506,"Q2","Q3","Q2"
"Selenomonas_flueggei",0.591780821917808,0.0638824645314928,0.778428625115811,0.239848583660265,0.570281124497992,"Q4","Q4","Q3"
"Prevotella_oris",0.887671232876712,0.135013824140784,0.439947150752307,0.236658266344625,0.568273092369478,"Q2","Q3","Q2"
"Megasphaera_elsdenii",0.423287671232877,0.350813000746705,0.173084753129383,0.232327502335157,0.566265060240964,"Q3","Q3","Q3"
"Butyrivibrio_hungatei",0,0.682146071724082,0.814690076872081,0.227382023908028,0.56425702811245,"Q4","Q4","Q3"
"Prevotella_paludivivens",0,0.680596859801013,0.778283103321928,0.226865619933671,0.562248995983936,"Q4","Q4","Q3"
"Streptococcus_pneumoniae",0.757534246575343,0.104546830538233,0.468409619186266,0.225834426754244,0.560240963855422,"Q2","Q3","Q2"
"Prevotella_oralis",0.591780821917808,0.269938245444088,0.202998483783397,0.225311737670294,0.558232931726908,"Q3","Q3","Q3"
"Eubacterium_saphenum",0.621917808219178,0.0907080583641097,0.487577028283341,0.222997715003854,0.556224899598394,"Q3","Q3","Q3"
"Odoribacter_denticanis",0,0.778687715686868,0.664680641703659,0.22156021390122,0.55421686746988,"Q3","Q2","Q4"
"Escherichia_coli",0.423287671232877,0.444386591592501,0.117058811544597,0.219135098107357,0.552208835341365,"Q3","Q3","Q3"
"Campylobacter_mucosalis",0,0.655081330346512,0.691586959565181,0.218360443448837,0.550200803212851,"Q3","Q3","Q3"
"Haemophilus_haemoglobinophilus",0,0.975387176848096,0.648200698004524,0.216066899334842,0.548192771084337,"Q3","Q2","Q4"
"Riemerella_anatipestifer",0,0.641959395370426,0.783048836412202,0.213986465123476,0.546184738955823,"Q4","Q4","Q3"
"Prevotella_corporis",0,0.639080240560231,0.882223453619958,0.21302674685341,0.544176706827309,"Q4","Q4","Q3"
"Neisseria_perflava",0,0.801078484793445,0.636701623099597,0.212233874366533,0.542168674698795,"Q3","Q2","Q4"
"Prevotella_fusca",0,0.922543742810438,0.635826066216945,0.211942022072315,0.540160642570281,"Q3","Q2","Q4"
"Eubacterium_rectale",0.505479452054794,0.147711852434865,0.337643975625982,0.211022560165237,0.538152610441767,"Q3","Q3","Q3"
"Streptococcus_gordonii",0.797260273972603,0.321693911323687,0.155068519860901,0.210610317015163,0.536144578313253,"Q2","Q3","Q2"
"Mycoplasma_orale",0,0.69674688704567,0.626256605323045,0.208752201774348,0.534136546184739,"Q3","Q3","Q3"
"Bacteroides_thetaiotaomicron",0.423287671232877,0.0995707452927287,0.577336949043383,0.207476387272778,0.532128514056225,"Q3","Q3","Q3"
"Natranaerovirga_hydrolytica",0,0.621082420132792,0.626448594985018,0.207027473377598,0.529116465863454,"Q3","Q3","Q3"
"Ottowia_pentelensis",0,0.621082420132792,0.819240934389426,0.207027473377598,0.529116465863454,"Q4","Q4","Q3"
"Sporanaerobacter_acetigenes",0,0.621082420132792,0.864530014311152,0.207027473377597,0.526104417670683,"Q4","Q4","Q3"
"Phocaeicola_abscessus",0.552054794520548,0.044688906379286,0.52681794165018,0.205398584802917,0.524096385542169,"Q3","Q3","Q3"
"Tannerella_sp_oral_taxon_HOT_286",0,0.611338015378095,0.81000848336605,0.203779338459365,0.522088353413655,"Q4","Q4","Q3"
"Veillonella_ratti",0,0.677467356864645,0.603188367090089,0.20106278903003,0.520080321285141,"Q3","Q3","Q3"
"Clostridium_aminobutyricum",0,0.909718270065185,0.602030320043748,0.200676773347916,0.518072289156627,"Q3","Q2","Q4"
"Streptococcus_uberis",0,0.620679703739581,0.600306248998027,0.200102082999342,0.516064257028112,"Q3","Q3","Q3"
"Bacteroides_coprocola",0.423287671232877,0.104193860870618,0.384377154120281,0.197588291953839,0.514056224899598,"Q3","Q3","Q3"
"Desulfobulbus_rhabdoformis",0,0.642707412564832,0.592564939291405,0.197521646430468,0.512048192771084,"Q3","Q3","Q3"
"Moraxella_bovoculi",0,0.621082420132792,0.590633519565168,0.196877839855056,0.51004016064257,"Q3","Q3","Q3"
"Selenomonas_bovis",0,0.586958083590644,0.605269215086643,0.195652694530215,0.508032128514056,"Q3","Q3","Q3"
"Neisseria_dentiae",0,0.684093459264192,0.575136584886987,0.191712194962329,0.506024096385542,"Q3","Q3","Q3"
"Collinsella_aerofaciens",0.505479452054794,0.719468325563561,0.0344788053636663,0.191479020927376,0.504016064257028,"Q3","Q2","Q4"
"Bacteroides_heparinolyticus",0,0.570862949284575,0.621367117910828,0.190287649761525,0.502008032128514,"Q3","Q3","Q3"
"Atopobium_vaginae",0,0.710697967750399,0.569271183825612,0.189757061275204,0.5,"Q3","Q2","Q4"
"Haemophilus_parasuis",0,0.618705172448588,0.568812022775421,0.189604007591807,0.497991967871486,"Q3","Q3","Q3"
"Ornatilinea_apprima",0,0.563333938770156,0.685245501815415,0.187777979590052,0.495983935742972,"Q3","Q3","Q3"
"Streptococcus_constellatus",0.505479452054794,0.0279227462614276,0.510807722557038,0.187108314859217,0.493975903614458,"Q3","Q3","Q3"
"Campylobacter_curvus",0,0.760863252002987,0.560516490446324,0.186838830148775,0.491967871485944,"Q3","Q2","Q4"
"Streptococcus_sobrinus",0,0.666076365764566,0.560346976041113,0.186782325347038,0.48995983935743,"Q3","Q3","Q3"
"Actinomyces_oris",0.645205479452055,0.225887166757482,0.167204178279079,0.186765174438547,0.487951807228916,"Q3","Q3","Q3"
"Clostridium_ultunense",0,0.548086012391274,0.838221600557352,0.182695337463758,0.485943775100402,"Q4","Q4","Q3"
"Barnesiella_viscericola",0,0.618705172448588,0.546116904466385,0.182038968155462,0.483935742971888,"Q3","Q3","Q3"
"Sutterella_wadsworthensis",0,0.792983189037557,0.543421870836625,0.181140623612209,0.481927710843373,"Q3","Q2","Q4"
"Fusobacterium_russii",0,0.769282355552865,0.533272908502924,0.177757636167642,0.479919678714859,"Q3","Q2","Q4"
"Streptococcus_agalactiae",0.423287671232877,0.153949466206535,0.217149482895655,0.175016138436242,0.477911646586345,"Q3","Q3","Q3"
"Alysiella_crassa",0,0.762018627272911,0.522901766593215,0.174300588864405,0.475903614457831,"Q3","Q2","Q4"
"Desulfomicrobium_orale",0,0.944049766906823,0.51946144654995,0.17315381551665,0.473895582329317,"Q3","Q2","Q4"
"Prevotella_falsenii",0,0.557924360759621,0.514481009374686,0.171493669791562,0.471887550200803,"Q3","Q3","Q3"
"Gemella_cuniculi",0,0.513122136788359,0.621259069806176,0.171040712262787,0.469879518072289,"Q3","Q3","Q3"
"Eubacterium_hallii",0.423287671232877,0.129115456802083,0.254523229604502,0.170918047736222,0.467871485943775,"Q3","Q3","Q3"
"Ruminococcus_bromii",0.552054794520548,0.0595791205021089,0.388527097753742,0.169228446252653,0.465863453815261,"Q3","Q3","Q3"
"Bergeriella_denitrificans",0,0.501942745857803,0.558423364123715,0.167314248619268,0.463855421686747,"Q3","Q3","Q3"
"Blautia_luti",0.423287671232877,0.465112913967427,0.037966240459768,0.166406717384138,0.461847389558233,"Q3","Q3","Q3"
"Actinomyces_suimastitidis",0,0.557924360759621,0.49794235605075,0.16598078535025,0.459839357429719,"Q3","Q3","Q3"
"Mannheimia_granulomatis",0,0.749585578494884,0.491152145707961,0.163717381902654,0.457831325301205,"Q3","Q2","Q4"
"Chryseobacterium_kwangjuense",0,0.608792859881738,0.490220173811663,0.163406724603888,0.455823293172691,"Q3","Q3","Q3"
"Bacteroides_pyogenes",0,0.791961413493169,0.478114413562957,0.159371471187652,0.453815261044177,"Q3","Q2","Q4"
"Bradyrhizobium_elkanii",0,0.465330366692902,0.585875870173517,0.155110122230967,0.451807228915663,"Q3","Q3","Q3"
"Moraxella_lacunata",0,0.7443349276503,0.464515410110887,0.154838470036963,0.449799196787149,"Q3","Q2","Q4"
"Paraprevotella_clara",0,0.463954006982705,0.59551854401234,0.154651335660902,0.447791164658635,"Q3","Q3","Q3"
"Corynebacterium_jeikeium",0,0.459335331274848,0.662594918714884,0.153111777091616,0.44578313253012,"Q3","Q3","Q3"
"Veillonella_montpellierensis",0,0.645824100421788,0.457279723968678,0.152426574656226,0.443775100401606,"Q3","Q3","Q3"
"Haemophilus_quentini",0,0.457024177110452,0.77757958607014,0.152341392370151,0.441767068273092,"Q4","Q4","Q3"
"Leptotrichia_amnionii",0,0.621082420132792,0.456714748515403,0.152238249505134,0.439759036144578,"Q3","Q3","Q3"
"Mobiluncus_curtisii",0,0.455813505277391,0.552430665647988,0.151937835092464,0.437751004016064,"Q3","Q3","Q3"
"Roseburia_faecis",0,0.448475106455975,0.457929560825282,0.149491702151992,0.43574297188755,"Q3","Q3","Q3"
"Campylobacter_lanienae",0,0.447955742568263,0.777286925888628,0.149318580856088,0.433734939759036,"Q4","Q4","Q3"
"Coprococcus_comes",0,0.73865270125729,0.447236744787085,0.149078914929028,0.431726907630522,"Q3","Q2","Q4"
"Selenomonas_ruminantium",0,0.596874936933664,0.445854347554825,0.148618115851608,0.429718875502008,"Q3","Q3","Q3"
"Eubacterium_coprostanoligenes",0,0.437982179976186,0.444321495509356,0.145994059992062,0.427710843373494,"Q3","Q3","Q3"
"Prevotella_amnii",0,0.845387479566507,0.434693729289918,0.144897909763306,0.42570281124498,"Q3","Q2","Q4"
"Alkaliphilus_crotonatoxidans",0,0.432632842929507,0.855653492143433,0.144210947643169,0.423694779116466,"Q4","Q4","Q3"
"Prevotella_sp_oral_taxon_473",0,0.432126495933483,0.721889232363613,0.144042165311161,0.421686746987952,"Q4","Q4","Q3"
"Conchiformibius_steedae",0,0.432126495933483,0.509427087703853,0.144042165311161,0.417670682730924,"Q3","Q3","Q3"
"Actinomyces_funkei",0,0.432126495933483,0.723243573315597,0.144042165311161,0.417670682730924,"Q4","Q4","Q3"
"Kingella_kingae",0,0.432126495933483,0.661402762243662,0.144042165311161,0.417670682730924,"Q3","Q3","Q3"
"Streptococcus_vestibularis",0,0.432126495933483,0.450870198453856,0.144042165311161,0.410642570281124,"Q3","Q3","Q3"
"Mycoplasma_feliminutum",0,0.432126495933483,0.797004221299094,0.144042165311161,0.410642570281124,"Q4","Q4","Q3"
"Mogibacterium_neglectum",0,0.432126495933483,0.749402778476397,0.144042165311161,0.410642570281124,"Q4","Q4","Q3"
"Prevotella_albensis",0,0.432126495933483,0.549453102879845,0.144042165311161,0.410642570281124,"Q3","Q3","Q3"
"Actinomyces_howellii",0,0.432126495933483,0.508088855070611,0.144042165311161,0.402610441767068,"Q3","Q3","Q3"
"Propionigenium_maris",0,0.432126495933483,0.830405252932592,0.144042165311161,0.402610441767068,"Q4","Q4","Q3"
"Mycoplasma_hyosynoviae",0,0.432126495933483,0.450828009989356,0.144042165311161,0.402610441767068,"Q3","Q3","Q3"
"Gemella_bergeri",0,0.432126495933483,0.528491056802496,0.144042165311161,0.402610441767068,"Q3","Q3","Q3"
"Actinobacillus_minor",0,0.432126495933483,0.46099703117192,0.144042165311161,0.397590361445783,"Q3","Q3","Q3"
"Eubacterium_eligens",0,0.654773263909911,0.431348651256245,0.143782883752082,0.395582329317269,"Q3","Q3","Q3"
"Neisseria_cinerea",0,0.589656414603136,0.430164287172084,0.143388095724028,0.393574297188755,"Q3","Q3","Q3"
"Enterococcus_faecium",0,0.432126495933483,0.427885153486725,0.142628384495575,0.391566265060241,"Q3","Q3","Q3"
"Vagococcus_lutrae",0,0.426266472926883,0.431673114409752,0.142088824308961,0.389558232931727,"Q3","Q3","Q3"
"Aggregatibacter_actinomycetemcomitans",0,0.823794777098343,0.421512332839395,0.140504110946465,0.387550200803213,"Q3","Q2","Q4"
"Bacteroides_eggerthii",0,0.432126495933483,0.418560010625891,0.139520003541964,0.385542168674699,"Q3","Q3","Q3"
"Butyrivibrio_proteoclasticus",0,0.621082420132792,0.411989026051916,0.137329675350639,0.383534136546185,"Q3","Q3","Q3"
"Mannheimia_haemolytica",0,0.432126495933483,0.408245689451013,0.136081896483671,0.381526104417671,"Q3","Q3","Q3"
"Phascolarctobacterium_succinatutens",0,0.402218017799843,0.41185933662416,0.134072672599948,0.379518072289157,"Q3","Q3","Q3"
"Scardovia_inopinata",0,0.438250993925451,0.398788703927594,0.132929567975865,0.377510040160643,"Q3","Q3","Q3"
"Actinobaculum_schaalii",0,0.432126495933483,0.398614464675028,0.132871488225009,0.375502008032129,"Q3","Q3","Q3"
"Desulfovibrio_fairfieldensis",0,0.397704082662308,0.500247589379844,0.132568027554103,0.373493975903614,"Q3","Q3","Q3"
"Neisseria_pharyngis",0,0.717707917095518,0.391413397480018,0.130471132493339,0.3714859437751,"Q3","Q2","Q4"
"Flavonifractor_plautii",0,0.544083974087304,0.388958650317869,0.12965288343929,0.369477911646586,"Q3","Q3","Q3"
"Clostridium_hylemonae",0,0.388090654073581,0.568147314359373,0.12936355135786,0.367469879518072,"Q3","Q3","Q3"
"Gemella_palaticanis",0,0.385718249883958,0.644244890467249,0.128572749961319,0.365461847389558,"Q3","Q3","Q3"
"Streptococcus_mitis",0.865753424657534,0.201589069847228,0.0899641554904185,0.127172460276022,0.363453815261044,"Q2","Q3","Q2"
"Neisseria_macacae",0,0.621082420132792,0.381289681321726,0.127096560440575,0.36144578313253,"Q3","Q3","Q3"
"Peptoniphilus_lacrimalis",0,0.449066719137858,0.379013252453882,0.126337750817961,0.359437751004016,"Q3","Q3","Q3"
"Ruminococcus_torques",0,0.448475106455975,0.375678403500786,0.125226134500262,0.357429718875502,"Q3","Q3","Q3"
"Clostridium_ruminantium",0,0.374133216282214,0.408492390808899,0.124711072094071,0.355421686746988,"Q3","Q3","Q3"
"Eubacterium_siraeum",0,0.703329095275575,0.364767371937283,0.121589123979094,0.353413654618474,"Q3","Q2","Q4"
"Mycoplasma_salivarium",0,0.733419809892838,0.362098401305964,0.120699467101988,0.35140562248996,"Q3","Q2","Q4"
"Parabacteroides_goldsteinii",0.423287671232877,0.127991160622389,0.11683497589383,0.120553704136683,0.349397590361446,"Q3","Q3","Q3"
"Prevotella_dentalis",0,0.571905208774798,0.36132783019422,0.12044261006474,0.347389558232932,"Q3","Q3","Q3"
"Bacteroides_acidifaciens",0,0.680479405057416,0.359949142184136,0.119983047394712,0.345381526104418,"Q3","Q3","Q3"
"Ralstonia_solanacearum",0,0.766102298641803,0.359400298057674,0.119800099352558,0.343373493975904,"Q3","Q2","Q4"
"Peptostreptococcus_russellii",0,0.432126495933483,0.358452508625766,0.119484169541922,0.34136546184739,"Q3","Q3","Q3"
"Streptococcus_sinensis",0,0.820972735161753,0.357164444457417,0.119054814819139,0.339357429718876,"Q3","Q2","Q4"
"Neisseria_sp_oral_taxon_014",0,0.355597061613287,0.517963144671812,0.118532353871096,0.337349397590361,"Q3","Q3","Q3"
"Streptococcus_massiliensis",0,0.355171641339226,0.357664085842104,0.118390547113075,0.335341365461847,"Q3","Q3","Q3"
"Anaerovorax_odorimutans",0,0.741905915117757,0.35476019740355,0.118253399134517,0.333333333333333,"Q3","Q2","Q4"
"Scardovia_wiggsiae",0.621917808219178,0.0330469617162116,0.288289218656891,0.118127714029772,0.331325301204819,"Q3","Q3","Q3"
"Actinomyces_johnsonii",0,0.671310468002664,0.35435076526533,0.11811692175511,0.329317269076305,"Q3","Q3","Q3"
"Clostridium_hathewayi",0,0.461818227684608,0.352421631592034,0.117473877197345,0.327309236947791,"Q3","Q3","Q3"
"Actinobaculum_massiliense",0,0.351173639280741,0.361341170117066,0.117057879760247,0.325301204819277,"Q3","Q3","Q3"
"Lactobacillus_amylovorus",0,0.557924360759621,0.349029596891893,0.116343198963964,0.323293172690763,"Q3","Q3","Q3"
"Porphyromonas_gulae",0,0.347889850860729,0.720439384481336,0.115963283620243,0.321285140562249,"Q4","Q4","Q3"
"Roseburia_hominis",0,0.560847813364009,0.343143312481314,0.114381104160438,0.319277108433735,"Q3","Q3","Q3"
"Prevotella_multiformis",0,0.340481120461747,0.567657062005795,0.113493706820582,0.317269076305221,"Q3","Q3","Q3"
"Acidaminococcus_intestini",0,0.610480817743335,0.333469701615526,0.111156567205175,0.315261044176707,"Q3","Q3","Q3"
"Bacteroides_cellulosilyticus",0,0.483299832495812,0.328935679881699,0.109645226627233,0.313253012048193,"Q3","Q3","Q3"
"Parascardovia_denticolens",0,0.327370083348469,0.334108392205898,0.109123361116156,0.311244979919679,"Q3","Q3","Q3"
"Dialister_micraerophilus",0,0.327098242215092,0.411790101165935,0.109032747405031,0.309236947791165,"Q3","Q3","Q3"
"Oscillospira_guilliermondii",0,0.691171116627313,0.325666461240242,0.108555487080081,0.307228915662651,"Q3","Q3","Q3"
"Bacteroides_zoogleoformans",0,0.794604851567072,0.324082391502679,0.108027463834226,0.305220883534137,"Q3","Q2","Q4"
"Actinomyces_bowdenii",0,0.323238279752175,0.399940701919299,0.107746093250725,0.303212851405622,"Q3","Q3","Q3"
"Actinomyces_oricola",0,0.323034651167484,0.492600621778764,0.107678217055828,0.301204819277108,"Q3","Q3","Q3"
"Desulfobulbus_propionicus",0,0.368335654174487,0.322188029116127,0.107396009705376,0.299196787148594,"Q3","Q3","Q3"
"Oscillibacter_valericigenes",0,0.31585195051563,0.326106122893837,0.10528398350521,0.29718875502008,"Q3","Q3","Q3"
"Streptococcus_pseudopneumoniae",0,0.641155375269924,0.313850881497335,0.104616960499112,0.295180722891566,"Q3","Q3","Q3"
"Lactobacillus_delbrueckii",0,0.386250731569494,0.313392860703365,0.104464286901122,0.293172690763052,"Q3","Q3","Q3"
"Bacteroides_massiliensis",0,0.382933341405824,0.312901622501335,0.104300540833778,0.291164658634538,"Q3","Q3","Q3"
"Dialister_propionicifaciens",0,0.750691106133075,0.312768821379363,0.104256273793121,0.289156626506024,"Q3","Q2","Q4"
"Lactobacillus_iners",0,0.660267401263345,0.309663936840508,0.103221312280169,0.28714859437751,"Q3","Q3","Q3"
"Eubacterium_desmolans",0,0.448475106455975,0.309164913919086,0.103054971306362,0.285140562248996,"Q3","Q3","Q3"
"Treponema_pectinovorum",0,0.647617101572118,0.308326112565486,0.102775370855162,0.283132530120482,"Q3","Q3","Q3"
"Moraxella_boevrei",0,0.305510786866057,0.828102856576538,0.101836928955352,0.281124497991968,"Q4","Q4","Q3"
"Lactobacillus_ruminis",0,0.491523480858106,0.302495753272666,0.100831917757555,0.279116465863454,"Q3","Q3","Q3"
"Pseudomonas_fluorescens",0,0.441313495186777,0.302162063470331,0.100720687823444,0.27710843373494,"Q3","Q3","Q3"
"Chryseobacterium_piscicola",0,0.618705172448588,0.295263506710119,0.0984211689033729,0.275100401606426,"Q3","Q3","Q3"
"Treponema_bryantii",0,0.295103630602813,0.465838973465016,0.0983678768676045,0.273092369477912,"Q3","Q3","Q3"
"Actinobacillus_porcinus",0,0.294943391657081,0.874707064085421,0.0983144638856936,0.271084337349398,"Q4","Q4","Q3"
"Snodgrassella_alvi",0,0.707247583298016,0.294273211533466,0.0980910705111553,0.269076305220884,"Q3","Q2","Q4"
"Clostridium_leptum",0,0.291105931262739,0.298164461314796,0.0970353104209132,0.267068273092369,"Q3","Q3","Q3"
"Ruminococcus_flavefaciens",0,0.290547314887691,0.493565740407852,0.0968491049625639,0.265060240963855,"Q3","Q3","Q3"
"Prevotella_timonensis",0,0.562588646041452,0.289958618082986,0.0966528726943288,0.263052208835341,"Q3","Q3","Q3"
"Lactobacillus_mucosae",0,0.289682751104922,0.634514141968665,0.0965609170349741,0.261044176706827,"Q3","Q3","Q3"
"Porphyromonas_uenonis",0,0.478739076910658,0.289511257862721,0.0965037526209069,0.259036144578313,"Q3","Q3","Q3"
"Mycoplasma_spermatophilum",0,0.73460878690642,0.286468373275749,0.0954894577585832,0.257028112449799,"Q3","Q2","Q4"
"Helicobacter_pylori",0,0.284501826401082,0.437682562198985,0.0948339421336939,0.255020080321285,"Q3","Q3","Q3"
"Bacteroides_stercoris",0,0.535458719299308,0.283258772593738,0.0944195908645795,0.253012048192771,"Q3","Q3","Q3"
"Clostridium_scindens",0,0.280955177493895,0.374291602627964,0.0936517258312984,0.251004016064257,"Q3","Q3","Q3"
"Alistipes_shahii",0,0.287140723698815,0.278649083578253,0.0928830278594178,0.248995983935743,"Q3","Q3","Q3"
"Eubacterium_minutum",0,0.277329720893625,0.746640299127474,0.092443240297875,0.246987951807229,"Q4","Q4","Q3"
"Eubacterium_ventriosum",0,0.27535942766039,0.612904655884283,0.0917864758867968,0.244979919678715,"Q3","Q3","Q3"
"Elizabethkingia_meningoseptica",0,0.274720792718613,0.898674479751519,0.0915735975728712,0.242971887550201,"Q4","Q4","Q3"
"Sediminibacterium_salmoneum",0,0.27434259651672,0.752175844526922,0.0914475321722401,0.240963855421687,"Q4","Q4","Q3"
"Granulicatella_adiacens",0.720547945205479,0.0417757462008839,0.190402161213507,0.091317884538425,0.238955823293173,"Q2","Q3","Q2"
"Anaerococcus_octavius",0,0.291735888276725,0.273468804525257,0.0911562681750856,0.236947791164659,"Q3","Q3","Q3"
"Veillonella_criceti",0,0.771874533309116,0.271315408845159,0.0904384696150532,0.234939759036145,"Q3","Q2","Q4"
"Granulicatella_balaenopterae",0,0.270427438396803,0.36186000559556,0.0901424794656011,0.232931726907631,"Q3","Q3","Q3"
"Pseudomonas_aeruginosa",0,0.268716272123671,0.285596122375533,0.0895720907078902,0.230923694779116,"Q3","Q3","Q3"
"Ruminofilibacter_xylanolyticum",0,0.455392323061089,0.267169949151034,0.0890566497170113,0.228915662650602,"Q3","Q3","Q3"
"Clostridium_symbiosum",0,0.266910254081653,0.548927278330985,0.0889700846938845,0.226907630522088,"Q3","Q3","Q3"
"Pseudoflavonifractor_capillosus",0,0.266910254081653,0.478927100523061,0.0889700846938844,0.224899598393574,"Q3","Q3","Q3"
"Alistipes_putredinis",0,0.327640612702065,0.263835664818406,0.0879452216061353,0.22289156626506,"Q3","Q3","Q3"
"Micrococcus_luteus",0,0.432126495933483,0.2634281467576,0.0878093822525335,0.220883534136546,"Q3","Q3","Q3"
"Clostridium_disporicum",0,0.266910254081653,0.259701499546683,0.0865671665155609,0.218875502008032,"Q3","Q3","Q3"
"Actinobacillus_succinogenes",0,0.64339771144881,0.255626713418683,0.0852089044728943,0.216867469879518,"Q3","Q3","Q3"
"Acinetobacter_calcoaceticus",0,0.432126495933483,0.254755546514361,0.084918515504787,0.214859437751004,"Q3","Q3","Q3"
"Prevotella_bergensis",0,0.266910254081653,0.253961202127799,0.0846537340425997,0.21285140562249,"Q3","Q3","Q3"
"Bilophila_wadsworthia",0,0.396803697200864,0.253344099789575,0.0844480332631918,0.210843373493976,"Q3","Q3","Q3"
"Treponema_putidum",0,0.253258662791871,0.357586476279094,0.084419554263957,0.208835341365462,"Q3","Q3","Q3"
"Veillonella_rodentium",0,0.247181691590483,0.710074939674611,0.0823938971968276,0.206827309236948,"Q4","Q4","Q3"
"Ruminococcus_callidus",0,0.246628322334564,0.662790029246493,0.0822094407781882,0.204819277108434,"Q3","Q3","Q3"
"Neisseria_lactamica",0,0.432126495933483,0.243795610816392,0.081265203605464,0.20281124497992,"Q3","Q3","Q3"
"Lactobacillus_vaginalis",0,0.242684305059434,0.366219404047021,0.0808947683531446,0.200803212851406,"Q3","Q3","Q3"
"Veillonella_magna",0,0.271581804605356,0.240971138529188,0.0803237128430625,0.198795180722892,"Q3","Q3","Q3"
"Porphyromonas_asaccharolytica",0,0.432126495933483,0.237680781040469,0.0792269270134898,0.196787148594378,"Q3","Q3","Q3"
"Lactobacillus_helveticus",0,0.237121854251176,0.315300019630139,0.0790406180837252,0.194779116465863,"Q3","Q3","Q3"
"Propionibacterium_acidifaciens",0,0.232933341405824,0.507403386024777,0.0776444471352748,0.192771084337349,"Q3","Q3","Q3"
"Ruminococcus_gnavus",0,0.230369114649553,0.311209604591259,0.0767897048831844,0.190763052208835,"Q3","Q3","Q3"
"Eubacterium_ramulus",0,0.569734011422575,0.229902297913018,0.0766340993043393,0.188755020080321,"Q3","Q3","Q3"
"Peptostreptococcus_anaerobius",0,0.64339771144881,0.224379619134942,0.074793206378314,0.186746987951807,"Q3","Q3","Q3"
"Corynebacterium_argentoratense",0,0.312309236947791,0.223851424289886,0.0746171414299621,0.184738955823293,"Q3","Q3","Q3"
"Gardnerella_vaginalis",0,0.299569534419083,0.222990098465837,0.0743300328219456,0.182730923694779,"Q3","Q3","Q3"
"Murdochiella_asaccharolytica",0,0.443782365643478,0.222338812863799,0.0741129376212664,0.180722891566265,"Q3","Q3","Q3"
"Ruminococcus_albus",0,0.221079897479365,0.829583406437067,0.0736932991597883,0.178714859437751,"Q4","Q4","Q3"
"Lactobacillus_frumenti",0,0.219875078202256,0.483624895460799,0.0732916927340855,0.176706827309237,"Q3","Q3","Q3"
"Corynebacterium_tuberculostearicum",0,0.243062501261327,0.218969554515088,0.0729898515050292,0.174698795180723,"Q3","Q3","Q3"
"Actinomyces_cardiffensis",0,0.218332828802648,0.594944295587047,0.0727776096008826,0.172690763052209,"Q3","Q3","Q3"
"Prevotella_disiens",0,0.215880204234022,0.554339301816547,0.0719600680780072,0.170682730923695,"Q3","Q3","Q3"
"Bacteroides_uniformis",0,0.215192428003471,0.45701349447871,0.0717308093344905,0.168674698795181,"Q3","Q3","Q3"
"Enterococcus_italicus",0,0.439027668462796,0.214757385067969,0.0715857950226563,0.166666666666667,"Q3","Q3","Q3"
"Bifidobacterium_breve",0,0.432126495933483,0.214282236717106,0.0714274122390354,0.164658634538153,"Q3","Q3","Q3"
"Azospira_oryzae",0,0.432126495933483,0.214247147829985,0.0714157159433285,0.162650602409639,"Q3","Q3","Q3"
"Staphylococcus_epidermidis",0,0.432126495933483,0.214144105788273,0.0713813685960909,0.160642570281124,"Q3","Q3","Q3"
"Bacteroides_ovatus",0,0.287849387499748,0.209628493434575,0.0698761644781917,0.15863453815261,"Q3","Q3","Q3"
"Parabacteroides_merdae",0,0.530923896591391,0.206397039166845,0.0687990130556152,0.156626506024096,"Q3","Q3","Q3"
"Rothia_terrae",0,0.744534217271094,0.20620413241747,0.0687347108058234,0.154618473895582,"Q3","Q2","Q4"
"Coprococcus_eutactus",0,0.675369518274101,0.203680363986418,0.0678934546621395,0.152610441767068,"Q3","Q3","Q3"
"Bacteroides_dorei",0,0.203449577203285,0.224338897287899,0.0678165257344285,0.150602409638554,"Q3","Q3","Q3"
"Acinetobacter_baumannii",0,0.45333938770156,0.201636064051414,0.0672120213504714,0.14859437751004,"Q3","Q3","Q3"
"Lactobacillus_plantarum",0,0.201609150168513,0.247434210165255,0.0672030500561711,0.146586345381526,"Q3","Q3","Q3"
"Staphylococcus_aureus",0,0.281751528727977,0.201426402456722,0.0671421341522405,0.144578313253012,"Q3","Q3","Q3"
"Stenotrophomonas_maltophilia",0,0.641356985731872,0.199424053436686,0.0664746844788953,0.142570281124498,"Q3","Q3","Q3"
"Pseudoramibacter_alactolyticus",0,0.192141127323364,0.285716062153843,0.0640470424411213,0.140562248995984,"Q3","Q3","Q3"
"Treponema_parvum",0,0.189473572682691,0.634645695579127,0.0631578575608969,0.13855421686747,"Q3","Q3","Q3"
"Gemmiger_formicilis",0,0.599159956408549,0.186710757163291,0.0622369190544305,0.136546184738956,"Q3","Q3","Q3"
"Wolinella_succinogenes",0,0.778687715686868,0.186167743123024,0.0620559143743413,0.134538152610442,"Q3","Q2","Q4"
"Megamonas_funiformis",0,0.636316320558616,0.18220475313272,0.0607349177109067,0.132530120481928,"Q3","Q3","Q3"
"Odoribacter_splanchnicus",0,0.181945672135779,0.246385824661544,0.0606485573785931,0.130522088353414,"Q3","Q3","Q3"
"Phascolarctobacterium_faecium",0,0.181343968840185,0.408408168307347,0.060447989613395,0.1285140562249,"Q3","Q3","Q3"
"Streptococcus_anginosus",0.683561643835616,0.0236135496760913,0.132779062660511,0.0600020540042313,0.126506024096386,"Q3","Q3","Q3"
"Parabacteroides_distasonis",0,0.175502714375088,0.567479285923034,0.0585009047916961,0.124497991967871,"Q3","Q3","Q3"
"Pyramidobacter_piscolens",0,0.49558545740752,0.175378771487744,0.0584595904959148,0.122489959839357,"Q3","Q3","Q3"
"Coprococcus_catus",0,0.173608403463099,0.299332562184065,0.0578694678210329,0.120481927710843,"Q3","Q3","Q3"
"Fusobacterium_canifelinum",0,0.170956388367541,0.1995353275867,0.0569854627891802,0.118473895582329,"Q3","Q3","Q3"
"Roseburia_inulinivorans",0,0.421341647999031,0.168746037501486,0.0562486791671621,0.116465863453815,"Q3","Q3","Q3"
"Bacteroides_caccae",0,0.165991907327804,0.264550308088026,0.0553306357759346,0.114457831325301,"Q3","Q3","Q3"
"Actinomyces_radicidentis",0,0.164343807390365,0.570318554170083,0.0547812691301219,0.112449799196787,"Q3","Q3","Q3"
"Corynebacterium_kroppenstedtii",0,0.164343807390365,0.570457526736686,0.0547812691301218,0.110441767068273,"Q3","Q3","Q3"
"Bacteroides_plebeius",0,0.164268935036629,0.440872300803943,0.0547563116788764,0.108433734939759,"Q3","Q3","Q3"
"Necropsobacter_rosorum",0,0.432126495933483,0.161723788620603,0.0539079295402009,0.106425702811245,"Q3","Q3","Q3"
"Parasutterella_excrementihominis",0,0.159150572137797,0.410570114048081,0.0530501907125992,0.104417670682731,"Q3","Q3","Q3"
"Rhodococcus_erythropolis",0,0.614823716978467,0.159123388424905,0.0530411294749684,0.102409638554217,"Q3","Q3","Q3"
"Clostridium_bartlettii",0,0.15400587273718,0.405260818854917,0.0513352909123933,0.100401606425703,"Q3","Q3","Q3"
"Paludibacter_propionicigenes",0,0.647011362031039,0.151511000817124,0.0505036669390415,0.0983935742971888,"Q3","Q3","Q3"
"Streptococcus_intermedius",0,0.497912050210894,0.149477745036684,0.0498259150122279,0.0963855421686747,"Q3","Q3","Q3"
"Lactobacillus_oris",0,0.149270448628686,0.56034587214942,0.0497568162095619,0.0943775100401606,"Q3","Q3","Q3"
"Dorea_formicigenerans",0,0.325623095396662,0.146927570996552,0.0489758569988508,0.0923694779116466,"Q3","Q3","Q3"
"Bacteroides_fragilis",0,0.146405521583823,0.249636500797988,0.0488018405279409,0.0903614457831325,"Q3","Q3","Q3"
"Pseudomonas_stutzeri",0,0.215351254263284,0.145473030307708,0.0484910101025693,0.0883534136546185,"Q3","Q3","Q3"
"Clostridium_ramosum",0,0.268212851405623,0.144478529442625,0.0481595098142084,0.0863453815261044,"Q3","Q3","Q3"
"Fusobacterium_necrophorum",0,0.143520413311538,0.343118966568222,0.0478401377705126,0.0843373493975904,"Q3","Q3","Q3"
"Actinomyces_timonensis",0,0.143042017315493,0.570713387728951,0.0476806724384978,0.0823293172690763,"Q3","Q3","Q3"
"Dolosigranulum_pigrum",0,0.267687433149684,0.141478736576776,0.0471595788589253,0.0803212851405622,"Q3","Q3","Q3"
"Roseburia_intestinalis",0,0.188844019293253,0.140956282056529,0.0469854273521763,0.0783132530120482,"Q3","Q3","Q3"
"Achromobacter_xylosoxidans",0,0.266910254081653,0.140032215146862,0.0466774050489539,0.0763052208835341,"Q3","Q3","Q3"
"Fusicatenibacter_saccharivorans",0,0.24577475732074,0.139065563704042,0.0463551879013474,0.0742971887550201,"Q3","Q3","Q3"
"Alistipes_finegoldii",0,0.138526770398176,0.302767261909669,0.0461755901327252,0.072289156626506,"Q3","Q3","Q3"
"Prevotella_multisaccharivorax",0,0.137223365825109,0.176604279149249,0.0457411219417032,0.070281124497992,"Q3","Q3","Q3"
"Lactobacillus_gasseri",0,0.157788238380658,0.136143889061398,0.0453812963537994,0.0682730923694779,"Q3","Q3","Q3"
"Akkermansia_muciniphila",0,0.133710217755444,0.673064678216958,0.0445700725851481,0.0662650602409639,"Q3","Q3","Q3"
"Streptococcus_troglodytae",0,0.432126495933483,0.133670194354658,0.0445567314515526,0.0642570281124498,"Q3","Q3","Q3"
"Barnesiella_intestinihominis",0,0.428092268571775,0.130550481348308,0.0435168271161027,0.0622489959839357,"Q3","Q3","Q3"
"Clostridium_lactatifermentans",0,0.127991160622389,0.324453965350683,0.042663720207463,0.0602409638554217,"Q3","Q3","Q3"
"Lactobacillus_reuteri",0,0.133704466105629,0.127849139117037,0.0426163797056791,0.0582329317269076,"Q3","Q3","Q3"
"Turicibacter_sanguinis",0,0.816302092793284,0.127841626374805,0.0426138754582685,0.0562248995983936,"Q3","Q2","Q4"
"Intestinimonas_butyriciproducens",0,0.31585195051563,0.118538812820578,0.0395129376068595,0.0542168674698795,"Q3","Q3","Q3"
"Acidithiobacillus_thiooxidans",0,0.69674688704567,0.117172152472078,0.0390573841573595,0.0522088353413655,"Q3","Q3","Q3"
"Actinomyces_viscosus",0,0.116718027890456,0.568939868286608,0.0389060092968188,0.0502008032128514,"Q3","Q3","Q3"
"Lactobacillus_animata",0,0.113942200964663,0.152140613778595,0.0379807336548876,0.0481927710843374,"Q3","Q3","Q3"
"Finegoldia_magna",0,0.112701963633428,0.251152512963543,0.0375673212111427,0.0461847389558233,"Q3","Q3","Q3"
"Lactobacillus_crispatus",0,0.112695102016105,0.489973173503459,0.0375650340053683,0.0441767068273092,"Q3","Q3","Q3"
"Agrobacterium_tumefaciens",0,0.432126495933483,0.107157327613443,0.0357191092044811,0.0421686746987952,"Q3","Q3","Q3"
"Acinetobacter_junii",0,0.680479405057416,0.0915311559827576,0.0305103853275859,0.0401606425702811,"Q3","Q3","Q3"
"Streptococcus_equinus",0,0.266910254081653,0.0882987958391811,0.0294329319463937,0.0381526104417671,"Q3","Q3","Q3"
"Enterococcus_faecalis",0,0.243062501261327,0.086690713871964,0.028896904623988,0.036144578313253,"Q3","Q3","Q3"
"Blautia_faecis",0,0.229179027668463,0.0827642262162475,0.0275880754054159,0.034136546184739,"Q3","Q3","Q3"
"Bacillus_subtilis",0,0.614823716978467,0.0825689448701922,0.0275229816233975,0.0321285140562249,"Q3","Q3","Q3"
"Lactobacillus_casei",0,0.164343807390365,0.0760944284532473,0.0253648094844158,0.0301204819277108,"Q3","Q3","Q3"
"Saccharofermentans_acetigenes",0,0.376776149825432,0.0758031676019618,0.0252677225339873,0.0281124497991968,"Q3","Q3","Q3"
"Actinomyces_israelii",0,0.0717164133922625,0.560981535831387,0.0239054711307542,0.0261044176706827,"Q3","Q3","Q3"
"Alloscardovia_omnicolens",0,0.0702288551189683,0.603364483132432,0.0234096183729895,0.0240963855421687,"Q3","Q3","Q3"
"Moraxella_osloensis",0,0.614823716978467,0.0670812411231321,0.0223604137077107,0.0220883534136546,"Q3","Q3","Q3"
"Atopobium_minutum",0,0.219875078202256,0.0574168063227293,0.0191389354409098,0.0200803212851406,"Q3","Q3","Q3"
"Howardella_ureilytica",0,0.05607202680067,0.322994943866731,0.0186906756002234,0.0180722891566265,"Q3","Q3","Q3"
"Lactobacillus_salivarius",0,0.0502365239853888,0.415415769534192,0.0167455079951296,0.0160642570281124,"Q3","Q3","Q3"
"Lactobacillus_rhamnosus",0,0.225892212064338,0.0444223462770513,0.0148074487590171,0.0140562248995984,"Q3","Q3","Q3"
"Bifidobacterium_dentium",0,0.0391647999031301,0.640732907506566,0.0130549333010434,0.0120481927710843,"Q3","Q3","Q3"
"Prevotella_bivia",0,0.0341570301305725,0.152676584890853,0.0113856767101909,0.0100401606425703,"Q3","Q3","Q3"
"Lactobacillus_johnsonii",0,0.0800320881516014,0.0322706134830181,0.0107568711610061,0.00803212851405622,"Q3","Q3","Q3"
"Bryobacter_aggregatus",0,0.432126495933483,0.0291382061727356,0.00971273539091191,0.00602409638554217,"Q3","Q3","Q3"
"Ruminococcus_obeum",0,0.489856107848479,0.026894705672817,0.00896490189093905,0.00401606425702811,"Q3","Q3","Q3"
"Lactobacillus_fermentum",0,0.00612449799196787,0.198635959848403,0.00204149933065599,0.00200803212851406,"Q3","Q3","Q3"
"Gemmatimonas_aurantiaca",0,0.609427660390305,0.0004491747340849,0.000149724911361688,0,"Q3","Q3","Q3"
