"","CoreAssociationScore","HealthAssociationScore","StabilityAssociationScore","HAC_Score","HAC_Score_RankScaled","mean_scores","RewardGini","HAC_Score_confirm"
"Fusobacterium_periodonticum",0.991780821917808,0.983127787532038,0.999293530337027,0.986012132327295,1,0.991400713262291,0.994564679182785,0.986012132327295
"Lachnoanaerobaculum_umeaense",0.923287671232877,0.947371193315977,0.905526149597593,0.911446656809354,0.997991967871486,0.925395004715482,0.984927141561114,0.911446656809354
"Campylobacter_concisus",0.965753424657534,0.946760206655769,0.887426757778014,0.907204574070599,0.995983935742972,0.933313463030439,0.972025594835989,0.907204574070599
"Porphyromonas_catoniae",0.984931506849315,0.878976004520595,0.908063163006729,0.888671724015973,0.993975903614458,0.923990224792213,0.961776109932134,0.888671724015973
"Actinomyces_graevenitzii",0.965753424657534,0.913006296542956,0.847138018157927,0.869094110952937,0.991967871485944,0.908632579786139,0.956485746039936,0.869094110952937
"Prevotella_pallens",0.994520547945206,0.817064640471433,0.968551124050972,0.867560134997946,0.98995983935743,0.92671210415587,0.936170069547322,0.867560134997946
"Prevotella_melaninogenica",0.984931506849315,0.818661883715768,0.940485937799142,0.859269901743559,0.987951807228916,0.914693109454742,0.939407865722066,0.859269901743559
"Alloprevotella_rava",0.850684931506849,0.872211055276382,0.871231516550112,0.857533793187937,0.985943775100402,0.864709167777781,0.99170197928133,0.857533793187937
"Eubacterium_sulci",0.894520547945206,0.829147746765958,0.995550013841472,0.850938680492374,0.983935742971888,0.906406102850878,0.93880510933891,0.850938680492374
"Veillonella_rogosae",0.83013698630137,0.954500312809025,0.888058643412226,0.849444205338322,0.981927710843373,0.89089864750754,0.953468958242113,0.849444205338322
"Prevotella_veroralis",0.916438356164384,0.813351799156425,0.988286548093493,0.847713984825744,0.979919678714859,0.906025567804767,0.935640245649681,0.847713984825744
"Catonella_morbi",0.878082191780822,0.831847591370507,0.834348443771998,0.832681208837671,0.977911646586345,0.848092742307776,0.981828009247941,0.832681208837671
"Prevotella_shahii",0.80958904109589,0.861951423785595,0.974180955546584,0.827043168659125,0.975903614457831,0.88190714014269,0.937789400962682,0.827043168659125
"Eubacterium_yurii",0.76986301369863,0.981215918952191,0.934342997488828,0.824689674962029,0.973895582329317,0.895140643379883,0.921296201955657,0.824689674962029
"Haemophilus_parainfluenzae",0.975342465753425,0.998191257492281,0.749326496933172,0.82466515320659,0.971887550200803,0.907620073392959,0.908601712745005,0.82466515320659
"Cardiobacterium_hominis",0.821917808219178,0.981718835139553,0.829155187367296,0.824330267935217,0.969879518072289,0.877597276908676,0.93930358448571,0.824330267935217
"Neisseria_elongata",0.80958904109589,0.915321486952836,0.821755441735963,0.813644507975915,0.967871485943775,0.848888656594897,0.958482012516983,0.813644507975915
"Capnocytophaga_gingivalis",0.928767123287671,0.763404774878408,0.898750306013062,0.808519951923293,0.965863453815261,0.86364073472638,0.936176258730372,0.808519951923293
"Campylobacter_showae",0.757534246575343,0.879862868559666,0.908769614459707,0.79831045390345,0.963855421686747,0.848722243198238,0.940602724037464,0.79831045390345
"Leptotrichia_buccalis",0.872602739726027,0.742367762507316,0.918895035146531,0.78577942158022,0.961847389558233,0.844621845793291,0.930332817572572,0.78577942158022
"Leptotrichia_hofstadii",0.749315068493151,0.864482956953442,0.847414838134678,0.782014991706993,0.959839357429719,0.820404287860424,0.953206855788689,0.782014991706993
"Lachnoanaerobaculum_saburreum",0.845205479452055,0.895327844039475,0.7397308540994,0.774889062550285,0.957831325301205,0.826754725863643,0.937265960881955,0.774889062550285
"Streptococcus_lactarius",0.693150684931507,0.97207069483966,0.93674836551133,0.774349911791448,0.955823293172691,0.867323248427499,0.892804283979916,0.774349911791448
"Prevotella_aurantiaca",0.671232876712329,0.942235777279974,0.944039679476739,0.761567176901544,0.953815261044177,0.852502777823014,0.893331020980733,0.761567176901544
"Capnocytophaga_leadbetteri",0.901369863013699,0.706367580876269,0.847740955671633,0.75349203914139,0.951807228915663,0.818492799853867,0.920584810612773,0.75349203914139
"Cardiobacterium_valvarum",0.706849315068493,0.871311678876309,0.824407781018796,0.746035470385261,0.949799196787149,0.8008562583212,0.931547281592258,0.746035470385261
"Actinomyces_odontolyticus",0.958904109589041,0.73572864321608,0.761200684883784,0.744219323771982,0.947791164658635,0.818611145896302,0.909124347381237,0.744219323771982
"Haemophilus_pittmaniae",0.720547945205479,0.887581178987306,0.76219607132164,0.734430653910866,0.94578313253012,0.790108398504808,0.929531511499807,0.734430653910866
"Leptotrichia_wadei",0.938356164383562,0.659015862444754,0.861535235820668,0.726522320236725,0.943775100401606,0.819635754216328,0.88639656884096,0.726522320236725
"Oribacterium_sinus",0.916438356164384,0.627201771911768,0.959597185294522,0.72361396666264,0.941767068273092,0.834412437790225,0.867213782885341,0.72361396666264
"Propionibacterium_propionicum",0.706849315068493,0.749332606809146,0.757619047635544,0.721010412315378,0.939759036144578,0.737933656504394,0.977066713193185,0.721010412315378
"Leptotrichia_goodfellowii",0.76986301369863,0.693390446206938,0.858580426644771,0.718881302037502,0.937751004016064,0.773944628850113,0.928853661153485,0.718881302037502
"Prevotella_oulorum",0.894520547945206,0.619283263708099,0.931301576808862,0.711029025120468,0.93574297188755,0.815035129487389,0.872390648446853,0.711029025120468
"Prevotella_salivae",1,0.629500615527436,0.862691090220211,0.707230773758361,0.933734939759036,0.830730568582549,0.851335921061733,0.707230773758361
"Prevotella_loescheii",0.865753424657534,0.656274343605578,0.807616942108782,0.706721876439979,0.931726907630522,0.776548236790631,0.910081103732545,0.706721876439979
"Neisseria_meningitidis",0.66027397260274,0.917543238279752,0.791029342781191,0.703859095995557,0.929718875502008,0.789615517887894,0.891394710527317,0.703859095995557
"Leptotrichia_hongkongensis",0.80958904109589,0.637858973582773,0.816447801475442,0.695102329420479,0.927710843373494,0.754631938718035,0.921114378754383,0.695102329420479
"Eubacterium_infirmum",0.706849315068493,0.694845512704083,0.695234066271452,0.694975030559873,0.92570281124498,0.698976298014676,0.994275531994191,0.694975030559873
"Streptococcus_mutans",0.671232876712329,0.706955460031079,0.807554253846441,0.683140404485246,0.923694779116466,0.72858086352995,0.937631550155536,0.683140404485246
"Orientia_tsutsugamushi",0.591780821917808,0.956406631551331,0.860571526272323,0.681377723369313,0.921686746987952,0.802919659913821,0.848625033596072,0.681377723369313
"Actinomyces_massiliensis",0.683561643835616,0.994674375895542,0.680192861325685,0.681315788828996,0.919678714859438,0.786142960352281,0.866656350294976,0.681315788828996
"Neisseria_oralis",0.671232876712329,0.729550261346895,0.701335023207965,0.681266925544208,0.917670682730924,0.70070605375573,0.972257798962447,0.681266925544208
"Streptobacillus_moniliformis",0.621917808219178,0.862795705434805,0.761014437646868,0.668283351361742,0.91566265060241,0.74857598376695,0.892739502540325,0.668283351361742
"Neisseria_flavescens",0.923287671232877,0.945751448003068,0.540594689726743,0.668159016895454,0.913654618473896,0.803211269654229,0.831859614199745,0.668159016895454
"Gemella_sanguinis",0.912328767123288,0.541950515630361,0.925502850590598,0.66540993279467,0.911646586345382,0.793260711114749,0.838828803029443,0.66540993279467
"Corynebacterium_durum",0.850684931506849,0.96565145002119,0.57026836257984,0.663740552222177,0.909638554216867,0.795534914702627,0.834332396926017,0.663740552222177
"Porphyromonas_gingivalis",0.720547945205479,0.623742003188634,0.775701531538372,0.656010650527582,0.907630522088353,0.706663826644162,0.928320689121554,0.656010650527582
"Peptococcus_niger",0.645205479452055,0.658801638715667,0.774189525681193,0.649737532539925,0.905622489959839,0.692732214616305,0.937934628750889,0.649737532539925
"Actinomyces_meyeri",0.645205479452055,0.656641541038526,0.816437718555124,0.649017499980879,0.903614457831325,0.706094913015235,0.919164673215646,0.649017499980879
"Corynebacterium_matruchotii",0.872602739726027,0.639059453895986,0.655417637161231,0.644512181651068,0.901606425702811,0.722359943594415,0.892231341682677,0.644512181651068
"Haemophilus_sputorum",0.731506849315068,0.979807269278117,0.594375626871922,0.640086034352971,0.899598393574297,0.768563248488369,0.832834559305183,0.640086034352971
"Streptococcus_australis",0.645205479452055,0.903754212831224,0.636853294207231,0.639637355955506,0.897590361445783,0.72860432883017,0.877893982571436,0.639637355955506
"Leptotrichia_trevisanii",0.782191780821918,0.566865149038364,0.875412654299426,0.638640692966216,0.895582329317269,0.741489861386569,0.861293897898984,0.638640692966216
"Veillonella_tobetsuensis",0.621917808219178,0.736299570139856,0.664846567597666,0.636227394678674,0.893574297188755,0.674354648652233,0.943461123831858,0.636227394678674
"Neisseria_subflava",0.645205479452055,0.953080260741458,0.620209812542651,0.628541701512452,0.891566265060241,0.739498517578721,0.849956675464927,0.628541701512452
"Stomatobaculum_longum",0.947945205479452,0.465006558898912,0.958744367935132,0.625986107759092,0.889558232931727,0.790565377437832,0.79182079765227,0.625986107759092
"Treponema_vincentii",0.720547945205479,0.739556416621259,0.574348447266076,0.623081613245877,0.887550200803213,0.678150936364272,0.91879488744256,0.623081613245877
"Aggregatibacter_segnis",0.865753424657534,0.950189299913221,0.49918182372936,0.621372357372085,0.885542168674699,0.771708182766705,0.805190836702495,0.621372357372085
"Shuttleworthia_satelles",0.645205479452055,0.720643680248633,0.601992312378595,0.616396701403082,0.883534136546185,0.655947157359761,0.939704813851358,0.616396701403082
"Veillonella_sp_T11011_6",0.552054794520548,0.743716776654356,0.964459006421497,0.615942121898484,0.881526104417671,0.753410192532134,0.817538875905523,0.615942121898484
"Atopobium_parvulum",0.997260273972603,0.453583984177918,0.92838633048324,0.611851432946359,0.879518072289157,0.79307686287792,0.771490711160164,0.611851432946359
"Capnocytophaga_sputigena",0.901369863013699,0.464688200036326,0.918607129825082,0.610248754362117,0.877510040160643,0.761555064291702,0.801319278113776,0.610248754362117
"Kingella_oralis",0.821917808219178,0.815539545115134,0.500169606218866,0.605292919184289,0.875502008032129,0.712542319851059,0.849483465502528,0.605292919184289
"Prevotella_maculosa",0.76986301369863,0.520026740126334,0.871203410901681,0.603305497983766,0.873493975903614,0.720364388242215,0.837500448149459,0.603305497983766
"Selenomonas_dianae",0.683561643835616,0.559026558495288,0.763313160355225,0.600538253608731,0.8714859437751,0.668633787562043,0.898157204706031,0.600538253608731
"Solobacterium_moorei",0.932876712328767,0.429113539585478,0.976038406352647,0.597034597166574,0.869477911646586,0.779342886088964,0.766074352924062,0.597034597166574
"Prevotella_micans",0.591780821917808,0.592866037012371,0.906307685163048,0.592142560282663,0.867469879518072,0.696984848031076,0.849577378841758,0.592142560282663
"Rothia_aeria",0.901369863013699,0.902957861597142,0.435359310217974,0.590696161149882,0.865461847389558,0.746562344942938,0.79122147688152,0.590696161149882
"Capnocytophaga_haemolytica",0.505479452054794,0.974584468527376,0.752512447938277,0.587823784015955,0.863453815261044,0.744192122840149,0.789881760334379,0.587823784015955
"Neisseria_mucosa",0.706849315068493,0.888998809307582,0.521513889582708,0.583292364744636,0.86144578313253,0.705787337986261,0.82644209289568,0.583292364744636
"Lachnospiraceae_bacterium_oral_taxon_096",0.423287671232877,0.899729773364816,0.986669053115397,0.582101705276857,0.859437751004016,0.769895499237697,0.756078852069168,0.582101705276857
"Haemophilus_haemolyticus",0.698630136986301,0.691542047587334,0.520523489462774,0.577529675504294,0.857429718875502,0.636898558012136,0.906784397984598,0.577529675504294
"Veillonella_parvula",0.878082191780822,0.454220298278541,0.822558704688098,0.576999767081727,0.855421686746988,0.71828706491582,0.803299676779434,0.576999767081727
"Kingella_denitrificans",0.621917808219178,0.87504924219491,0.552333117464321,0.575528014382606,0.853413654618474,0.68310005595947,0.842523740646208,0.575528014382606
"Planobacterium_taklimakanense",0.621917808219178,0.552100260337834,0.76590995426541,0.575372776298282,0.85140562248996,0.646642674274141,0.889784728396004,0.575372776298282
"Dialister_invisus",0.857534246575342,0.551573328489839,0.621260745653002,0.574802467544226,0.849397590361446,0.676789440239394,0.849307677349261,0.574802467544226
"Prevotella_nigrescens",0.83013698630137,0.716249419789712,0.501158795453471,0.572855670232218,0.847389558232932,0.682515067181517,0.839330437931365,0.572855670232218
"Capnocytophaga_ochracea",0.887671232876712,0.534028677524167,0.645360891296053,0.571139415448129,0.845381526104418,0.689020267232311,0.828915262162474,0.571139415448129
"Tannerella_forsythia",0.947945205479452,0.407582692579363,0.877870211338813,0.564345198832513,0.843373493975904,0.744466036465876,0.758053653477019,0.564345198832513
"Treponema_amylovorum",0.683561643835616,0.709223930899477,0.490663080644954,0.554962601708508,0.84136546184739,0.627816218460016,0.883957096664033,0.554962601708508
"Aggregatibacter_aphrophilus",0.79041095890411,0.634293051603399,0.512867543613523,0.553342712943481,0.839357429718876,0.64585718470701,0.856757075783716,0.553342712943481
"Anaeroglobus_geminatus",0.706849315068493,0.551405017053137,0.556476727766052,0.553095587290775,0.837349397590361,0.604910353295894,0.914343066335693,0.553095587290775
"Haemophilus_parahaemolyticus",0.591780821917808,0.531754354099816,0.787348686654532,0.551763176705814,0.835341365461847,0.636961287557385,0.866242874542205,0.551763176705814
"Alloprevotella_tannerae",0.80958904109589,0.452441827611955,0.748461619141321,0.551115091455077,0.833333333333333,0.670164162616389,0.822358344712836,0.551115091455077
"Prevotella_stercorea",0.505479452054794,0.636316320558616,0.805539746161055,0.549091741556068,0.831325301204819,0.649111839591489,0.845912380679473,0.549091741556068
"Streptococcus_peroris",0.645205479452055,0.543676212387237,0.556782740521058,0.548045055098511,0.829317269076305,0.581888144120117,0.94183918444879,0.548045055098511
"Brachymonas_denitrificans",0.591780821917808,0.525975056002906,0.797259212583038,0.547910311307873,0.827309236947791,0.638338363501251,0.858338371365643,0.547910311307873
"Prevotella_denticola",0.821917808219178,0.456750216948195,0.729917211412483,0.547805881769624,0.825301204819277,0.669528412193285,0.818196616892009,0.547805881769624
"Prevotella_nanceiensis",0.958904109589041,0.430132187039616,0.777970595648209,0.54607832324248,0.823293172690763,0.722335630758955,0.755989736611384,0.54607832324248
"Streptococcus_sanguinis",0.947945205479452,0.903559564892737,0.366267883325681,0.5453651105147,0.821285140562249,0.739257551232623,0.737720040336915,0.5453651105147
"Megasphaera_micronuciformis",0.989041095890411,0.351840225222498,0.929408179264573,0.544362876569856,0.819277108433735,0.756763166792494,0.719330565303691,0.544362876569856
"Catenibacterium_mitsuokai",0.505479452054794,0.755636919537446,0.61603073190134,0.54232987867031,0.817269076305221,0.625715701164527,0.866735288344168,0.54232987867031
"Campylobacter_rectus",0.552054794520548,0.725004137151622,0.536747751029,0.541850098859516,0.815261044176707,0.604602227567057,0.896209233366444,0.541850098859516
"Treponema_lecithinolyticum",0.591780821917808,0.901161530544288,0.510796527626864,0.537791292390512,0.813253012048193,0.667912960029653,0.805181699673316,0.537791292390512
"Prevotella_enoeca",0.505479452054794,0.589867005711287,0.733409024020595,0.533608636606959,0.811244979919679,0.609585160595559,0.875363560500108,0.533608636606959
"Mogibacterium_diversum",0.552054794520548,0.523223446550019,0.834319528497336,0.532833895873529,0.808232931726908,0.636532589855968,0.837088162279478,0.532833895873529
"Veillonella_infantium",0.552054794520548,0.523223446550019,0.707241942537662,0.532833895873529,0.808232931726908,0.594173394536076,0.896764986068687,0.532833895873529
"Klebsiella_pneumoniae",0.423287671232877,0.750967689854897,0.807689725546323,0.532514344106883,0.805220883534137,0.660648362211365,0.806048080289515,0.532514344106883
"Prevotella_sp_oral_taxon_306",0.552054794520548,0.517299449052491,0.967567642092025,0.52888456420851,0.803212851405622,0.678973961888355,0.778946754802765,0.52888456420851
"Campylobacter_gracilis",0.857534246575342,0.762024681641137,0.407490421258259,0.525668508052552,0.801204819277108,0.67568311649158,0.777980824475881,0.525668508052552
"Treponema_socranskii",0.797260273972603,0.769056628524147,0.403096704046538,0.525083345539075,0.799196787148594,0.656471202181096,0.799857394801949,0.525083345539075
"Leptotrichia_shahii",0.76986301369863,0.442506912070392,0.683515612656499,0.522843145599094,0.79718875502008,0.63196184614184,0.827333404367809,0.522843145599094
"Actinomyces_lingnae",0.938356164383562,0.581682206211782,0.485116694556557,0.517305198441632,0.795180722891566,0.6683850217173,0.773962883118633,0.517305198441632
"Porphyromonas_endodontalis",0.836986301369863,0.444754293556134,0.65605390044793,0.515187495853399,0.793172690763052,0.645931498457976,0.797588439460376,0.515187495853399
"Olsenella_profusa",0.66027397260274,0.852407014994652,0.43923714713143,0.5129160889552,0.791164658634538,0.65063937824294,0.788326231253226,0.5129160889552
"Streptococcus_salivarius",0.857534246575342,0.561162539605659,0.487185091392384,0.511844240796809,0.789156626506024,0.635293959191128,0.805680950356432,0.511844240796809
"Olsenella_uli",0.591780821917808,0.510680208270267,0.512020898270495,0.51112710493701,0.78714859437751,0.538160642819523,0.949766787588033,0.51112710493701
"Capnocytophaga_granulosa",0.782191780821918,0.373532017517305,0.866946558701813,0.509751938618843,0.785140562248996,0.674223452347012,0.756057857145678,0.509751938618843
"Fretibacterium_fastidiosum",0.80958904109589,0.579987588545135,0.473688706512106,0.509121667189782,0.783132530120482,0.621088445384377,0.81972490548379,0.509121667189782
"Aggregatibacter_sp_oral_taxon_458",0.505479452054794,0.702434965994632,0.515711653467608,0.508890185859066,0.781124497991968,0.574542023839011,0.885731878163987,0.508890185859066
"Soonwooa_buanensis",0.423287671232877,0.769282355552865,0.672875367976724,0.506483570147492,0.779116465863454,0.621815131587488,0.814524356868648,0.506483570147492
"Neisseria_shayeganii",0.423287671232877,0.751955056406531,0.666368164675514,0.504314502380422,0.77710843373494,0.613870297438307,0.821532666566434,0.504314502380422
"Prevotella_histicola",0.978082191780822,0.348705374260863,0.81456712170537,0.503992623409032,0.775100401606426,0.713784895915685,0.706084741065417,0.503992623409032
"Sneathia_sanguinegens",0.423287671232877,0.662307723355735,0.803315186479379,0.502961021940496,0.773092369477912,0.629636860355997,0.798811272986975,0.502961021940496
"Treponema_pedis",0.505479452054794,0.760590906338924,0.49720341425475,0.499962093521432,0.771084337349398,0.587757924216156,0.85062586640272,0.499962093521432
"Butyrivibrio_fibrisolvens",0.423287671232877,0.858649875885451,0.65152282285642,0.499366055107391,0.769076305220884,0.644486789991583,0.774827448540742,0.499366055107391
"Oribacterium_parvum",0.423287671232877,0.649678210328752,0.975851999543506,0.498751184264835,0.767068273092369,0.682939293701711,0.730300905021107,0.498751184264835
"Bacteroides_intestinalis",0.423287671232877,0.640354382353535,0.701655951280078,0.495643241606429,0.765060240963855,0.58843266828883,0.842310885029151,0.495643241606429
"Streptococcus_infantis",0.749315068493151,0.354649855704224,0.796974808504516,0.486204926633866,0.763052208835341,0.633646577567297,0.767312479616807,0.486204926633866
"Prevotella_copri",0.591780821917808,0.666522875421283,0.428181983673063,0.482714929754645,0.761044176706827,0.562161893670718,0.858676006306097,0.482714929754645
"Neisseria_bacilliformis",0.552054794520548,0.445345300801195,0.565320677943029,0.480915132040979,0.759036144578313,0.520906924421591,0.923226606317399,0.480915132040979
"Neisseria_canis",0.423287671232877,0.589109806058404,0.801852140840445,0.478561716174719,0.757028112449799,0.604749872710575,0.791338266893282,0.478561716174719
"Johnsonella_ignava",0.505479452054794,0.462497225081229,0.905433009324434,0.476824634072418,0.755020080321285,0.624469895486819,0.763567047056286,0.476824634072418
"Actinomyces_georgiae",0.671232876712329,0.771372827995399,0.36573732237012,0.467569173817523,0.753012048192771,0.602781009025949,0.775686637130591,0.467569173817523
"Prevotella_pleuritidis",0.621917808219178,0.838305281427216,0.390364999230828,0.467549268893612,0.751004016064257,0.616862696292408,0.757947062942484,0.467549268893612
"Eubacterium_brachy",0.741095890410959,0.691732053843515,0.353227319615594,0.466062231024901,0.748995983935743,0.595351754623356,0.782835067513576,0.466062231024901
"Actinobacillus_rossii",0.423287671232877,0.853108918084398,0.531794893972754,0.459456745479502,0.746987951807229,0.602730494430009,0.762292184857847,0.459456745479502
"Peptostreptococcus_stomatis",0.947945205479452,0.241425702811245,0.892294784793665,0.458382063472052,0.744979919678715,0.693888564361454,0.660598959277956,0.458382063472052
"Treponema_denticola",0.757534246575343,0.640433997295715,0.366528539136995,0.457830358523235,0.742971887550201,0.588165594336018,0.778403842271804,0.457830358523235
"Selenomonas_infelix",0.76986301369863,0.301142459284374,0.801867886787957,0.457382644089126,0.740963855421687,0.624291119923653,0.732643200411149,0.457382644089126
"Actinomyces_sp_HMSC035G02",0.505479452054794,0.432126495933483,0.863395539494457,0.456577481307253,0.738955823293173,0.600333829160911,0.760539318507859,0.456577481307253
"Filifactor_alocis",0.782191780821918,0.366305422695808,0.623174629771452,0.451928491721023,0.736947791164659,0.590557277763059,0.765257679039803,0.451928491721023
"Veillonella_denticariosi",0.423287671232877,0.613781457488244,0.503135623039975,0.449903655168576,0.734939759036145,0.513401583920365,0.87631918026642,0.449903655168576
"Selenomonas_noxia",0.80958904109589,0.389660249036346,0.567862230531559,0.449060909534751,0.732931726907631,0.589037173554599,0.762364294981336,0.449060909534751
"Eggerthia_catenaformis",0.423287671232877,0.588445742770075,0.498016115010628,0.448197152492127,0.730923694779116,0.503249843004526,0.890605647914918,0.448197152492127
"Prevotella_saccharolytica",0.693150684931507,0.317905794030393,0.842787742619985,0.442987424330764,0.728915662650602,0.617948073860628,0.71686836332898,0.442987424330764
"Pasteurella_pneumotropica",0.423287671232877,0.621082420132792,0.481036706807017,0.44253734975759,0.726907630522088,0.508468932724229,0.870333114329333,0.44253734975759
"Faecalibacterium_prausnitzii",0.552054794520548,0.587921838106194,0.386324290256598,0.441567791677915,0.724899598393574,0.508766974294447,0.8679175614539,0.441567791677915
"Haemophilus_influenzae",0.741095890410959,0.411153256241045,0.491960823903474,0.438089112128521,0.72289156626506,0.548069990185159,0.799330596408896,0.438089112128521
"Streptococcus_pyogenes",0.505479452054794,0.432126495933483,0.442614134976882,0.435622375614616,0.720883534136546,0.460073360988386,0.946854159690442,0.435622375614616
"Bergeyella_zoohelcum",0.423287671232877,0.606995217049101,0.456336870463577,0.434304070976443,0.718875502008032,0.495539919581851,0.876426002859507,0.434304070976443
"Granulicatella_elegans",0.757534246575343,0.385539545115134,0.531820247473716,0.434299779234661,0.716867469879518,0.558298013054731,0.777899560950231,0.434299779234661
"Prevotella_ruminicola",0.423287671232877,0.563851587253537,0.455206968151003,0.433927436872252,0.714859437751004,0.480782075545806,0.902544955278622,0.433927436872252
"Bacteroides_vulgatus",0.423287671232877,0.454903029202236,0.554185758464155,0.43382612388933,0.71285140562249,0.477458819633089,0.908614745503519,0.43382612388933
"Eubacterium_nodatum",0.693150684931507,0.633081370708967,0.333944120269551,0.433656537082689,0.710843373493976,0.553392058636675,0.783633466210261,0.433656537082689
"Abiotrophia_defectiva",0.782191780821918,0.293883069968315,0.712354243486311,0.433373461140981,0.708835341365462,0.596143031425515,0.726962219292718,0.433373461140981
"Streptococcus_thermophilus",0.96986301369863,0.793174607979657,0.252749208353057,0.432891008228591,0.706827309236948,0.671928943343782,0.644251170479955,0.432891008228591
"Acinetobacter_johnsonii",0.423287671232877,0.441572016710056,0.510894948966374,0.429382453058603,0.704819277108434,0.458584878969769,0.936320565177007,0.429382453058603
"Prevotella_baroniae",0.591780821917808,0.347384815644487,0.615478526941853,0.428850151068928,0.70281124497992,0.518214721501383,0.827553007036261,0.428850151068928
"Actinomyces_sp_oral_taxon_181",0.423287671232877,0.436647898125164,0.879525482605929,0.427741080196972,0.700803212851406,0.579820350654657,0.737713120476064,0.427741080196972
"Eubacterium_biforme",0.423287671232877,0.451000686161732,0.43638847420658,0.427654605557444,0.698795180722892,0.436892277200396,0.978855951169137,0.427654605557444
"Centipeda_periodontii",0.731506849315068,0.275112510342879,0.899640974157983,0.427243956666942,0.696787148594378,0.635420111271977,0.672380286817945,0.427243956666942
"Actinomyces_turicensis",0.423287671232877,0.432126495933483,0.617212446064296,0.426233946133079,0.694779116465863,0.490875537743552,0.868313683122984,0.426233946133079
"Actinomyces_sp_ICM47",0.621917808219178,0.523223446550019,0.37613545727821,0.425164787035479,0.692771084337349,0.507092237349136,0.838436788656166,0.425164787035479
"Fusobacterium_nucleatum",0.972602739726027,0.396339024439466,0.476615478648959,0.423097842509297,0.690763052208835,0.615185747604818,0.687756249484971,0.423097842509297
"Streptococcus_parasanguinis",0.923287671232877,0.38798238178846,0.491703440381675,0.422556067986199,0.688755020080321,0.600991164467671,0.703098636001544,0.422556067986199
"Gemella_morbillorum",0.841095890410959,0.452213073399124,0.403868682530692,0.419983479486836,0.686746987951807,0.565725882113592,0.742379821686341,0.419983479486836
"Dorea_longicatena",0.552054794520548,0.428259470040968,0.415267935763349,0.419598447189222,0.684738955823293,0.465194066774955,0.901985810133321,0.419598447189222
"Gemella_haemolysans",0.908219178082192,0.542300357207725,0.356027949288624,0.418118751928324,0.682730923694779,0.602182494859514,0.694338934621255,0.418118751928324
"Methylobacterium_jeotgali",0.423287671232877,0.670808459970535,0.411002222274537,0.415097371927317,0.680722891566265,0.501699451159316,0.827382551382344,0.415097371927317
"Atopobium_rimae",0.79041095890411,0.28931151742649,0.645968597591937,0.408197210814972,0.678714859437751,0.575230357974179,0.709623901374996,0.408197210814972
"Lautropia_mirabilis",0.908219178082192,0.427791366470909,0.394456258866431,0.405567961401257,0.676706827309237,0.576822267806511,0.70310732445111,0.405567961401257
"Leptotrichia_sp_oral_taxon_215",0.505479452054794,0.355597061613287,0.749168511727818,0.405557858427123,0.674698795180723,0.536748341798633,0.755582880923501,0.405557858427123
"Lachnoanaerobaculum_orale",0.845205479452055,0.213770156000888,0.781547767569737,0.403029359857171,0.672690763052209,0.61350780100756,0.656926218697266,0.403029359857171
"Dialister_succinatiphilus",0.423287671232877,0.581854856612379,0.390283659887038,0.401284997002318,0.670682730923695,0.465142062577431,0.862714919349003,0.401284997002318
"Mycoplasma_faucium",0.505479452054794,0.488877015600089,0.355193433123164,0.399754627282139,0.668674698795181,0.449849966926016,0.888639894793822,0.399754627282139
"Treponema_medium",0.83013698630137,0.38014288309015,0.437883780471918,0.399389848884072,0.666666666666667,0.549387883287812,0.726972437932055,0.399389848884072
"Prevotella_jejuni",0.591780821917808,0.302428608907994,0.736526904155935,0.398879346577932,0.664658634538153,0.543578778327246,0.733802279414592,0.398879346577932
"Actinomyces_gerencseriae",0.552054794520548,0.524816451736595,0.313104068304692,0.383674862781993,0.662650602409639,0.463325104853945,0.828089949718869,0.383674862781993
"Rothia_mucilaginosa",0.958904109589041,0.648956428729995,0.248437642328803,0.381943904462534,0.660642570281124,0.618766060215946,0.617267056194448,0.381943904462534
"Parvimonas_micra",0.932876712328767,0.37955671933967,0.385468693267624,0.381527377315655,0.65863453815261,0.565967374978687,0.674115495314588,0.381527377315655
"Eikenella_corrodens",0.797260273972603,0.299139976993401,0.544520582941109,0.380933512309304,0.656626506024096,0.546973611302371,0.69643855651881,0.380933512309304
"Slackia_exigua",0.552054794520548,0.294101430849024,0.794564672337108,0.380085885406199,0.654618473895582,0.546906965902227,0.694973567906884,0.380085885406199
"Actinomyces_hyovaginalis",0.423287671232877,0.351173639280741,0.522369660776203,0.375211649931453,0.652610441767068,0.43227699042994,0.867988947453043,0.375211649931453
"Prevotella_buccae",0.552054794520548,0.431808237977034,0.343276131700043,0.372786833792374,0.650602409638554,0.442379721399208,0.84268517691833,0.372786833792374
"Streptococcus_oligofermentans",0.552054794520548,0.531190187887227,0.269699030412945,0.356862749571039,0.64859437751004,0.450981337606907,0.79130269883162,0.356862749571039
"Mogibacterium_timidum",0.552054794520548,0.447279772355755,0.308988617844526,0.355085669348269,0.646586345381526,0.436107728240276,0.814215493912624,0.355085669348269
"Selenomonas_sputigena",0.882191780821918,0.0893065730257714,0.94895437913113,0.353601642291154,0.644578313253012,0.64015091099294,0.552372317556623,0.353601642291154
"Streptococcus_cristatus",0.621917808219178,0.504608181469597,0.276328098478126,0.352421459475283,0.642570281124498,0.467618029388967,0.75365241998002,0.352421459475283
"Treponema_succinifaciens",0.423287671232877,0.313230308167343,0.723068196732184,0.349916095855854,0.640562248995984,0.486528725377468,0.719209529888242,0.349916095855854
"Propionibacterium_acnes",0.423287671232877,0.698030211297451,0.313212199579676,0.349904023464076,0.63855421686747,0.478176694036668,0.731746293426096,0.349904023464076
"Porphyromonas_somerae",0.645205479452055,0.196074549454098,0.668372809065334,0.345784859453417,0.636546184738956,0.503217612657162,0.687147768194268,0.345784859453417
"Veillonella_atypica",0.947945205479452,0.0915222699844604,0.842033325300461,0.341692621756461,0.634538152610442,0.627166933588125,0.544819255380033,0.341692621756461
"Morococcus_cerebrosus",0.423287671232877,0.773745030372747,0.299227106266761,0.340580627922133,0.632530120481928,0.498753269290795,0.682863950759508,0.340580627922133
"Dialister_pneumosintes",0.720547945205479,0.31713355936308,0.380146010522824,0.338137709749662,0.630522088353414,0.472609171697128,0.715470054327167,0.338137709749662
"Prevotella_intermedia",0.741095890410959,0.140135113317592,0.720737616996419,0.333669281210534,0.6285140562249,0.533989540241657,0.624861080723665,0.333669281210534
"Bacillus_pumilus",0.591780821917808,0.668691247401667,0.20232758039837,0.332145327571516,0.626506024096386,0.487599883239282,0.681184181925903,0.332145327571516
"Lactococcus_lactis",0.423287671232877,0.777893079857117,0.282005434349579,0.329099513310679,0.624497991967871,0.494395395146524,0.66566055538026,0.329099513310679
"Bacillus_cereus",0.423287671232877,0.639985772234667,0.276675064675804,0.325545933528161,0.622489959839357,0.446649502714449,0.728862187352056,0.325545933528161
"Treponema_maltophilum",0.66027397260274,0.466934269742286,0.252003633182758,0.323647178702601,0.620481927710843,0.459737291842595,0.703982871185946,0.323647178702601
"Selenomonas_artemidis",0.741095890410959,0.170283949869831,0.626393449068243,0.322320449602635,0.618473895582329,0.512591096449678,0.628806180667397,0.322320449602635
"Veillonella_caviae",0.552054794520548,0.908580351556982,0.205356929614582,0.320922884583238,0.616465863453815,0.555330691897371,0.577895097940214,0.320922884583238
"Schwartzia_succinivorans",0.671232876712329,0.22211156182519,0.508542883834074,0.317588669161485,0.614457831325301,0.467295774123864,0.679630946282221,0.317588669161485
"Veillonella_dispar",0.980821917808219,0.177238804464088,0.59439898877657,0.316292199234915,0.612449799196787,0.584153237016292,0.541454158245285,0.316292199234915
"Actinomyces_naeslundii",0.731506849315068,0.626423886500777,0.158711961556199,0.314615936537725,0.610441767068273,0.505547565790681,0.6223270723214,0.314615936537725
"Prevotella_marshii",0.423287671232877,0.255919456721358,0.609407056484288,0.311708861558531,0.608433734939759,0.429538061479508,0.725683913748821,0.311708861558531
"Pseudomonas_putida",0.423287671232877,0.332706605315735,0.300831187463739,0.311456326747738,0.606425702811245,0.352275154670784,0.88412799659064,0.311456326747738
"Acinetobacter_lwoffii",0.423287671232877,0.281751528727977,0.35953908726713,0.307680714907695,0.604417670682731,0.354859429075995,0.867049568638639,0.307680714907695
"Kingella_potus",0.423287671232877,0.835152166454764,0.248081578005443,0.306483609081254,0.602409638554217,0.502173805231028,0.610313811450708,0.306483609081254
"Neisseria_sicca",0.505479452054794,0.811615103630603,0.189783952474685,0.295015785668055,0.600401606425703,0.502292836053361,0.587338230793946,0.295015785668055
"Bulleidia_extructa",0.505479452054794,0.20745040463361,0.459357196250483,0.291419335172567,0.598393574297189,0.390762350979629,0.745771271060245,0.291419335172567
"Bifidobacterium_longum",0.423287671232877,0.241849609493249,0.386770514156823,0.290156577714441,0.596385542168675,0.35063593162765,0.827515241713922,0.290156577714441
"Rothia_dentocariosa",0.887671232876712,0.512043147464229,0.176748609529591,0.288513455507804,0.594377510040161,0.525487663290177,0.549039445952673,0.288513455507804
"Prevotella_scopos",0,0.858949466206535,0.919036794660782,0.286316488735512,0.592369477911647,0.592662086955772,0.483102420480759,0.286316488735512
"Moryella_indoligenes",0,0.855840043591451,0.855653891186718,0.285217963728906,0.590361445783133,0.57049797825939,0.499945616983809,0.285217963728906
"Simonsiella_muelleri",0,0.869310508365119,0.830453410867604,0.276817803622535,0.588353413654618,0.566587973077574,0.488569854596321,0.276817803622535
"Cryptobacterium_curtum",0.423287671232877,0.194174890516841,0.444352738672469,0.270545817422186,0.586345381526104,0.353938433474062,0.764386661167761,0.270545817422186
"Streptococcus_suis",0.591780821917808,0.246262537587536,0.304762548779526,0.265762541318199,0.58433734939759,0.380935302761623,0.697657947140973,0.265762541318199
"Anaerostipes_hadrus",0.505479452054794,0.147711852434865,0.470057825375381,0.255160510081704,0.582329317269076,0.37441637662168,0.681488647435752,0.255160510081704
"Treponema_refringens",0,0.756075053984783,0.800501113462093,0.252025017994928,0.580321285140562,0.518858722482292,0.485729558114018,0.252025017994928
"Streptococcus_sp_A12",0,0.743716776654356,0.813636058859257,0.247905592218119,0.578313253012048,0.519117611837871,0.47755188143288,0.247905592218119
"Terrahaemophilus_aromaticivorans",0.505479452054794,0.271581804605356,0.231606417828247,0.24493154675395,0.576305220883534,0.336222558162799,0.728480409203698,0.24493154675395
"Mobiluncus_mulieris",0,0.728544227159896,0.757312929497302,0.242848075719965,0.57429718875502,0.495285718885733,0.490319156115205,0.242848075719965
"Streptococcus_oralis",0.836986301369863,0.470075175072148,0.124882601138353,0.239946792449618,0.572289156626506,0.477314692526788,0.502701459239392,0.239946792449618
"Selenomonas_flueggei",0.591780821917808,0.0638824645314928,0.778428625115811,0.239848583660265,0.570281124497992,0.478030637188371,0.501743120631306,0.239848583660265
"Prevotella_oris",0.887671232876712,0.135013824140784,0.439947150752307,0.236658266344625,0.568273092369478,0.487544069256601,0.485408973809235,0.236658266344625
"Megasphaera_elsdenii",0.423287671232877,0.350813000746705,0.173084753129383,0.232327502335157,0.566265060240964,0.315728475036322,0.735845895142748,0.232327502335157
"Butyrivibrio_hungatei",0,0.682146071724082,0.814690076872081,0.227382023908028,0.56425702811245,0.498945382865388,0.455725279192279,0.227382023908028
"Prevotella_paludivivens",0,0.680596859801013,0.778283103321928,0.226865619933671,0.562248995983936,0.48629332104098,0.466520122974407,0.226865619933671
"Streptococcus_pneumoniae",0.757534246575343,0.104546830538233,0.468409619186266,0.225834426754244,0.560240963855422,0.443496898766614,0.509213091190267,0.225834426754244
"Prevotella_oralis",0.591780821917808,0.269938245444088,0.202998483783397,0.225311737670294,0.558232931726908,0.354905850381764,0.63484931969403,0.225311737670294
"Eubacterium_saphenum",0.621917808219178,0.0907080583641097,0.487577028283341,0.222997715003854,0.556224899598394,0.40006763162221,0.557400042836842,0.222997715003854
"Odoribacter_denticanis",0,0.778687715686868,0.664680641703659,0.22156021390122,0.55421686746988,0.481122785796842,0.460506590919964,0.22156021390122
"Escherichia_coli",0.423287671232877,0.444386591592501,0.117058811544597,0.219135098107357,0.552208835341365,0.328244358123325,0.667597455018635,0.219135098107357
"Campylobacter_mucosalis",0,0.655081330346512,0.691586959565181,0.218360443448837,0.550200803212851,0.448889429970564,0.486445946083329,0.218360443448837
"Haemophilus_haemoglobinophilus",0,0.975387176848096,0.648200698004524,0.216066899334842,0.548192771084337,0.541195958284207,0.399239676548684,0.216066899334842
"Riemerella_anatipestifer",0,0.641959395370426,0.783048836412202,0.213986465123476,0.546184738955823,0.475002743927543,0.45049521894155,0.213986465123476
"Prevotella_corporis",0,0.639080240560231,0.882223453619958,0.21302674685341,0.544176706827309,0.507101231393396,0.420087220589196,0.21302674685341
"Neisseria_perflava",0,0.801078484793445,0.636701623099597,0.212233874366533,0.542168674698795,0.479260035964347,0.442836578141727,0.212233874366533
"Prevotella_fusca",0,0.922543742810438,0.635826066216945,0.211942022072315,0.540160642570281,0.519456603009128,0.408007176816253,0.211942022072315
"Eubacterium_rectale",0.505479452054794,0.147711852434865,0.337643975625982,0.211022560165237,0.538152610441767,0.330278426705214,0.638923232953338,0.211022560165237
"Streptococcus_gordonii",0.797260273972603,0.321693911323687,0.155068519860901,0.210610317015163,0.536144578313253,0.424674235052397,0.495933823226119,0.210610317015163
"Mycoplasma_orale",0,0.69674688704567,0.626256605323045,0.208752201774348,0.534136546184739,0.441001164122905,0.473359752211833,0.208752201774348
"Bacteroides_thetaiotaomicron",0.423287671232877,0.0995707452927287,0.577336949043383,0.207476387272778,0.532128514056225,0.366731788522996,0.565744213525597,0.207476387272778
"Natranaerovirga_hydrolytica",0,0.621082420132792,0.626448594985018,0.207027473377598,0.529116465863454,0.415843671705937,0.497849281986902,0.207027473377598
"Ottowia_pentelensis",0,0.621082420132792,0.819240934389426,0.207027473377598,0.529116465863454,0.480107784840739,0.43121040715112,0.207027473377598
"Sporanaerobacter_acetigenes",0,0.621082420132792,0.864530014311152,0.207027473377597,0.526104417670683,0.495204144814648,0.418064904232752,0.207027473377597
"Phocaeicola_abscessus",0.552054794520548,0.044688906379286,0.52681794165018,0.205398584802917,0.524096385542169,0.374520547516671,0.548430750101299,0.205398584802917
"Tannerella_sp_oral_taxon_HOT_286",0,0.611338015378095,0.81000848336605,0.203779338459365,0.522088353413655,0.473782166248048,0.430111880472674,0.203779338459365
"Veillonella_ratti",0,0.677467356864645,0.603188367090089,0.20106278903003,0.520080321285141,0.426885241318244,0.470999626056729,0.20106278903003
"Clostridium_aminobutyricum",0,0.909718270065185,0.602030320043748,0.200676773347916,0.518072289156627,0.503916196702978,0.398234418065749,0.200676773347916
"Streptococcus_uberis",0,0.620679703739581,0.600306248998027,0.200102082999342,0.516064257028112,0.406995317579203,0.49165696595613,0.200102082999342
"Bacteroides_coprocola",0.423287671232877,0.104193860870618,0.384377154120281,0.197588291953839,0.514056224899598,0.303952895407925,0.650062213385605,0.197588291953839
"Desulfobulbus_rhabdoformis",0,0.642707412564832,0.592564939291405,0.197521646430468,0.512048192771084,0.411757450618746,0.479703879392234,0.197521646430468
"Moraxella_bovoculi",0,0.621082420132792,0.590633519565168,0.196877839855056,0.51004016064257,0.403905313232654,0.487435627621102,0.196877839855056
"Selenomonas_bovis",0,0.586958083590644,0.605269215086643,0.195652694530215,0.508032128514056,0.397409099559096,0.492320620608036,0.195652694530215
"Neisseria_dentiae",0,0.684093459264192,0.575136584886987,0.191712194962329,0.506024096385542,0.419743348050393,0.456736707925893,0.191712194962329
"Collinsella_aerofaciens",0.505479452054794,0.719468325563561,0.0344788053636663,0.191479020927376,0.504016064257028,0.419808860994007,0.456110003190498,0.191479020927376
"Bacteroides_heparinolyticus",0,0.570862949284575,0.621367117910828,0.190287649761525,0.502008032128514,0.397410022398468,0.478819453553517,0.190287649761525
"Atopobium_vaginae",0,0.710697967750399,0.569271183825612,0.189757061275204,0.5,0.42665638385867,0.444753831078409,0.189757061275204
"Haemophilus_parasuis",0,0.618705172448588,0.568812022775421,0.189604007591807,0.497991967871486,0.39583906507467,0.478992662222564,0.189604007591807
"Ornatilinea_apprima",0,0.563333938770156,0.685245501815415,0.187777979590052,0.495983935742972,0.416193146861857,0.451179893292139,0.187777979590052
"Streptococcus_constellatus",0.505479452054794,0.0279227462614276,0.510807722557038,0.187108314859217,0.493975903614458,0.34806997362442,0.537559482396241,0.187108314859217
"Campylobacter_curvus",0,0.760863252002987,0.560516490446324,0.186838830148775,0.491967871485944,0.44045991414977,0.424190315955162,0.186838830148775
"Streptococcus_sobrinus",0,0.666076365764566,0.560346976041113,0.186782325347038,0.48995983935743,0.408807780601893,0.456895230986151,0.186782325347038
"Actinomyces_oris",0.645205479452055,0.225887166757482,0.167204178279079,0.186765174438547,0.487951807228916,0.346098941496205,0.539629429755405,0.186765174438547
"Clostridium_ultunense",0,0.548086012391274,0.838221600557352,0.182695337463758,0.485943775100402,0.462102537649542,0.395356706745276,0.182695337463758
"Barnesiella_viscericola",0,0.618705172448588,0.546116904466385,0.182038968155462,0.483935742971888,0.388274025638325,0.468841478273466,0.182038968155462
"Sutterella_wadsworthensis",0,0.792983189037557,0.543421870836625,0.181140623612209,0.481927710843373,0.445468353291394,0.406629611899095,0.181140623612209
"Fusobacterium_russii",0,0.769282355552865,0.533272908502924,0.177757636167642,0.479919678714859,0.434185088018596,0.40940520776252,0.177757636167642
"Streptococcus_agalactiae",0.423287671232877,0.153949466206535,0.217149482895655,0.175016138436242,0.477911646586345,0.264795540111689,0.660948210692752,0.175016138436242
"Alysiella_crassa",0,0.762018627272911,0.522901766593215,0.174300588864405,0.475903614457831,0.428306797955375,0.406952655658212,0.174300588864405
"Desulfomicrobium_orale",0,0.944049766906823,0.51946144654995,0.17315381551665,0.473895582329317,0.487837071152258,0.354941897112627,0.17315381551665
"Prevotella_falsenii",0,0.557924360759621,0.514481009374686,0.171493669791562,0.471887550200803,0.357468456711436,0.479744902163491,0.171493669791562
"Gemella_cuniculi",0,0.513122136788359,0.621259069806176,0.171040712262787,0.469879518072289,0.378127068864845,0.452336598848262,0.171040712262787
"Eubacterium_hallii",0.423287671232877,0.129115456802083,0.254523229604502,0.170918047736222,0.467871485943775,0.268975452546487,0.635441063926391,0.170918047736222
"Ruminococcus_bromii",0.552054794520548,0.0595791205021089,0.388527097753742,0.169228446252653,0.465863453815261,0.333387004258799,0.507603608091711,0.169228446252653
"Bergeriella_denitrificans",0,0.501942745857803,0.558423364123715,0.167314248619268,0.463855421686747,0.353455369993839,0.473367397479869,0.167314248619268
"Blautia_luti",0.423287671232877,0.465112913967427,0.037966240459768,0.166406717384138,0.461847389558233,0.308788941886691,0.538901154838634,0.166406717384138
"Actinomyces_suimastitidis",0,0.557924360759621,0.49794235605075,0.16598078535025,0.459839357429719,0.351955572270124,0.471595844554099,0.16598078535025
"Mannheimia_granulomatis",0,0.749585578494884,0.491152145707961,0.163717381902654,0.457831325301205,0.413579241400948,0.395854930600679,0.163717381902654
"Chryseobacterium_kwangjuense",0,0.608792859881738,0.490220173811663,0.163406724603888,0.455823293172691,0.3663376778978,0.446054922719345,0.163406724603888
"Bacteroides_pyogenes",0,0.791961413493169,0.478114413562957,0.159371471187652,0.453815261044177,0.423358609018708,0.37644556598732,0.159371471187652
"Bradyrhizobium_elkanii",0,0.465330366692902,0.585875870173517,0.155110122230967,0.451807228915663,0.350402078955473,0.442663247585006,0.155110122230967
"Moraxella_lacunata",0,0.7443349276503,0.464515410110887,0.154838470036963,0.449799196787149,0.402950112587062,0.384262133699014,0.154838470036963
"Paraprevotella_clara",0,0.463954006982705,0.59551854401234,0.154651335660902,0.447791164658635,0.353157516998348,0.437910360723328,0.154651335660902
"Corynebacterium_jeikeium",0,0.459335331274848,0.662594918714884,0.153111777091616,0.44578313253012,0.373976749996578,0.409415229938806,0.153111777091616
"Veillonella_montpellierensis",0,0.645824100421788,0.457279723968678,0.152426574656226,0.443775100401606,0.367701274796822,0.414539152034355,0.152426574656226
"Haemophilus_quentini",0,0.457024177110452,0.77757958607014,0.152341392370151,0.441767068273092,0.411534587726864,0.370178830439545,0.152341392370151
"Leptotrichia_amnionii",0,0.621082420132792,0.456714748515403,0.152238249505134,0.439759036144578,0.359265722882732,0.423748328350341,0.152238249505134
"Mobiluncus_curtisii",0,0.455813505277391,0.552430665647988,0.151937835092464,0.437751004016064,0.33608139030846,0.452086427496069,0.151937835092464
"Roseburia_faecis",0,0.448475106455975,0.457929560825282,0.149491702151992,0.43574297188755,0.302134889093752,0.494784639405231,0.149491702151992
"Campylobacter_lanienae",0,0.447955742568263,0.777286925888628,0.149318580856088,0.433734939759036,0.408414222818964,0.365605731909771,0.149318580856088
"Coprococcus_comes",0,0.73865270125729,0.447236744787085,0.149078914929028,0.431726907630522,0.395296482014792,0.377131904056384,0.149078914929028
"Selenomonas_ruminantium",0,0.596874936933664,0.445854347554825,0.148618115851608,0.429718875502008,0.34757642816283,0.427583989619644,0.148618115851608
"Eubacterium_coprostanoligenes",0,0.437982179976186,0.444321495509356,0.145994059992062,0.427710843373494,0.294101225161847,0.496407520613761,0.145994059992062
"Prevotella_amnii",0,0.845387479566507,0.434693729289918,0.144897909763306,0.42570281124498,0.426693736285475,0.339582931365938,0.144897909763306
"Alkaliphilus_crotonatoxidans",0,0.432632842929507,0.855653492143433,0.144210947643169,0.423694779116466,0.429428778357647,0.335820408205302,0.144210947643169
"Prevotella_sp_oral_taxon_473",0,0.432126495933483,0.721889232363613,0.144042165311161,0.421686746987952,0.384671909432365,0.374454598267168,0.144042165311161
"Conchiformibius_steedae",0,0.432126495933483,0.509427087703853,0.144042165311161,0.417670682730924,0.313851194545779,0.4589505084396,0.144042165311161
"Actinomyces_funkei",0,0.432126495933483,0.723243573315597,0.144042165311161,0.417670682730924,0.38512335641636,0.374015657350669,0.144042165311161
"Kingella_kingae",0,0.432126495933483,0.661402762243662,0.144042165311161,0.417670682730924,0.364509752725715,0.395166834999746,0.144042165311161
"Streptococcus_vestibularis",0,0.432126495933483,0.450870198453856,0.144042165311161,0.410642570281124,0.294332231462446,0.48938631218015,0.144042165311161
"Mycoplasma_feliminutum",0,0.432126495933483,0.797004221299094,0.144042165311161,0.410642570281124,0.409710239077526,0.351570821455368,0.144042165311161
"Mogibacterium_neglectum",0,0.432126495933483,0.749402778476397,0.144042165311161,0.410642570281124,0.39384309146996,0.365734904155727,0.144042165311161
"Prevotella_albensis",0,0.432126495933483,0.549453102879845,0.144042165311161,0.410642570281124,0.327193199604443,0.440235816286217,0.144042165311161
"Actinomyces_howellii",0,0.432126495933483,0.508088855070611,0.144042165311161,0.402610441767068,0.313405117001364,0.459603744474069,0.144042165311161
"Propionigenium_maris",0,0.432126495933483,0.830405252932592,0.144042165311161,0.402610441767068,0.420843916288692,0.34226980535071,0.144042165311161
"Mycoplasma_hyosynoviae",0,0.432126495933483,0.450828009989356,0.144042165311161,0.402610441767068,0.294318168640946,0.489409695555986,0.144042165311161
"Gemella_bergeri",0,0.432126495933483,0.528491056802496,0.144042165311161,0.402610441767068,0.320205850911993,0.449842390140304,0.144042165311161
"Actinobacillus_minor",0,0.432126495933483,0.46099703117192,0.144042165311161,0.397590361445783,0.297707842368467,0.483837322407122,0.144042165311161
"Eubacterium_eligens",0,0.654773263909911,0.431348651256245,0.143782883752082,0.395582329317269,0.362040638388719,0.397145702736564,0.143782883752082
"Neisseria_cinerea",0,0.589656414603136,0.430164287172084,0.143388095724028,0.393574297188755,0.339940233925073,0.42180383907023,0.143388095724028
"Enterococcus_faecium",0,0.432126495933483,0.427885153486725,0.142628384495575,0.391566265060241,0.286670549806736,0.497534136630814,0.142628384495575
"Vagococcus_lutrae",0,0.426266472926883,0.431673114409752,0.142088824308961,0.389558232931727,0.285979862445545,0.49684905466383,0.142088824308961
"Aggregatibacter_actinomycetemcomitans",0,0.823794777098343,0.421512332839395,0.140504110946465,0.387550200803213,0.415102369979246,0.338480628172491,0.140504110946465
"Bacteroides_eggerthii",0,0.432126495933483,0.418560010625891,0.139520003541964,0.385542168674699,0.283562168853125,0.492026154639233,0.139520003541964
"Butyrivibrio_proteoclasticus",0,0.621082420132792,0.411989026051916,0.137329675350639,0.383534136546185,0.344357148728236,0.398800129045725,0.137329675350639
"Mannheimia_haemolytica",0,0.432126495933483,0.408245689451013,0.136081896483671,0.381526104417671,0.280124061794832,0.485791529694939,0.136081896483671
"Phascolarctobacterium_succinatutens",0,0.402218017799843,0.41185933662416,0.134072672599948,0.379518072289157,0.271359118141334,0.494078376721866,0.134072672599948
"Scardovia_inopinata",0,0.438250993925451,0.398788703927594,0.132929567975865,0.377510040160643,0.279013232617682,0.47642746807644,0.132929567975865
"Actinobaculum_schaalii",0,0.432126495933483,0.398614464675028,0.132871488225009,0.375502008032129,0.27691365353617,0.479830035566136,0.132871488225009
"Desulfovibrio_fairfieldensis",0,0.397704082662308,0.500247589379844,0.132568027554103,0.373493975903614,0.29931722401405,0.442901433389879,0.132568027554103
"Neisseria_pharyngis",0,0.717707917095518,0.391413397480018,0.130471132493339,0.3714859437751,0.369707104858512,0.352904044252196,0.130471132493339
"Flavonifractor_plautii",0,0.544083974087304,0.388958650317869,0.12965288343929,0.369477911646586,0.311014208135058,0.416871255550447,0.12965288343929
"Clostridium_hylemonae",0,0.388090654073581,0.568147314359373,0.12936355135786,0.367469879518072,0.318745989477651,0.405851542069145,0.12936355135786
"Gemella_palaticanis",0,0.385718249883958,0.644244890467249,0.128572749961319,0.365461847389558,0.343321046783736,0.374497139531063,0.128572749961319
"Streptococcus_mitis",0.865753424657534,0.201589069847228,0.0899641554904185,0.127172460276022,0.363453815261044,0.385768883331727,0.329659715365546,0.127172460276022
"Neisseria_macacae",0,0.621082420132792,0.381289681321726,0.127096560440575,0.36144578313253,0.334124033818173,0.380387363902532,0.127096560440575
"Peptoniphilus_lacrimalis",0,0.449066719137858,0.379013252453882,0.126337750817961,0.359437751004016,0.276026657197247,0.457701267336946,0.126337750817961
"Ruminococcus_torques",0,0.448475106455975,0.375678403500786,0.125226134500262,0.357429718875502,0.274717836652253,0.455835471137526,0.125226134500262
"Clostridium_ruminantium",0,0.374133216282214,0.408492390808899,0.124711072094071,0.355421686746988,0.260875202363705,0.478048779508766,0.124711072094071
"Eubacterium_siraeum",0,0.703329095275575,0.364767371937283,0.121589123979094,0.353413654618474,0.356032155737619,0.341511636012732,0.121589123979094
"Mycoplasma_salivarium",0,0.733419809892838,0.362098401305964,0.120699467101988,0.35140562248996,0.365172737066267,0.330527048847256,0.120699467101988
"Parabacteroides_goldsteinii",0.423287671232877,0.127991160622389,0.11683497589383,0.120553704136683,0.349397590361446,0.222704602583032,0.541316626322244,0.120553704136683
"Prevotella_dentalis",0,0.571905208774798,0.36132783019422,0.12044261006474,0.347389558232932,0.311077679656339,0.387178566452592,0.12044261006474
"Bacteroides_acidifaciens",0,0.680479405057416,0.359949142184136,0.119983047394712,0.345381526104418,0.346809515747184,0.345962385536667,0.119983047394712
"Ralstonia_solanacearum",0,0.766102298641803,0.359400298057674,0.119800099352558,0.343373493975904,0.375167532233159,0.319324272650824,0.119800099352558
"Peptostreptococcus_russellii",0,0.432126495933483,0.358452508625766,0.119484169541922,0.34136546184739,0.263526334853083,0.453405044351772,0.119484169541922
"Streptococcus_sinensis",0,0.820972735161753,0.357164444457417,0.119054814819139,0.339357429718876,0.39271239320639,0.30316032006805,0.119054814819139
"Neisseria_sp_oral_taxon_014",0,0.355597061613287,0.517963144671812,0.118532353871096,0.337349397590361,0.291186735428366,0.407066460966095,0.118532353871096
"Streptococcus_massiliensis",0,0.355171641339226,0.357664085842104,0.118390547113075,0.335341365461847,0.237611909060443,0.498251739911569,0.118390547113075
"Anaerovorax_odorimutans",0,0.741905915117757,0.35476019740355,0.118253399134517,0.333333333333333,0.365555370840436,0.323489705164622,0.118253399134517
"Scardovia_wiggsiae",0.621917808219178,0.0330469617162116,0.288289218656891,0.118127714029772,0.331325301204819,0.314417996197427,0.375702776108266,0.118127714029772
"Actinomyces_johnsonii",0,0.671310468002664,0.35435076526533,0.11811692175511,0.329317269076305,0.341887077755998,0.345485189233765,0.11811692175511
"Clostridium_hathewayi",0,0.461818227684608,0.352421631592034,0.117473877197345,0.327309236947791,0.271413286425547,0.432822868564946,0.117473877197345
"Actinobaculum_massiliense",0,0.351173639280741,0.361341170117066,0.117057879760247,0.325301204819277,0.237504936465936,0.492865038942195,0.117057879760247
"Lactobacillus_amylovorus",0,0.557924360759621,0.349029596891893,0.116343198963964,0.323293172690763,0.302317985883838,0.384837172766386,0.116343198963964
"Porphyromonas_gulae",0,0.347889850860729,0.720439384481336,0.115963283620243,0.321285140562249,0.356109745114022,0.325639175033284,0.115963283620243
"Roseburia_hominis",0,0.560847813364009,0.343143312481314,0.114381104160438,0.319277108433735,0.301330375281774,0.379587036499325,0.114381104160438
"Prevotella_multiformis",0,0.340481120461747,0.567657062005795,0.113493706820582,0.317269076305221,0.302712727489181,0.374922150654001,0.113493706820582
"Acidaminococcus_intestini",0,0.610480817743335,0.333469701615526,0.111156567205175,0.315261044176707,0.31465017311962,0.353270319552365,0.111156567205175
"Bacteroides_cellulosilyticus",0,0.483299832495812,0.328935679881699,0.109645226627233,0.313253012048193,0.270745170792504,0.404975742711452,0.109645226627233
"Parascardovia_denticolens",0,0.327370083348469,0.334108392205898,0.109123361116156,0.311244979919679,0.220492825184789,0.494906630293766,0.109123361116156
"Dialister_micraerophilus",0,0.327098242215092,0.411790101165935,0.109032747405031,0.309236947791165,0.246296114460342,0.442689677195807,0.109032747405031
"Oscillospira_guilliermondii",0,0.691171116627313,0.325666461240242,0.108555487080081,0.307228915662651,0.338945859289185,0.320273825760067,0.108555487080081
"Bacteroides_zoogleoformans",0,0.794604851567072,0.324082391502679,0.108027463834226,0.305220883534137,0.372895747689917,0.28969883540763,0.108027463834226
"Actinomyces_bowdenii",0,0.323238279752175,0.399940701919299,0.107746093250725,0.303212851405622,0.241059660557158,0.446968576167795,0.107746093250725
"Actinomyces_oricola",0,0.323034651167484,0.492600621778764,0.107678217055828,0.301204819277108,0.271878424315416,0.396052821502697,0.107678217055828
"Desulfobulbus_propionicus",0,0.368335654174487,0.322188029116127,0.107396009705376,0.299196787148594,0.230174561096871,0.466585052638276,0.107396009705376
"Oscillibacter_valericigenes",0,0.31585195051563,0.326106122893837,0.10528398350521,0.29718875502008,0.213986024469822,0.492013362863601,0.10528398350521
"Streptococcus_pseudopneumoniae",0,0.641155375269924,0.313850881497335,0.104616960499112,0.295180722891566,0.31833541892242,0.32863751339152,0.104616960499112
"Lactobacillus_delbrueckii",0,0.386250731569494,0.313392860703365,0.104464286901122,0.293172690763052,0.23321453075762,0.44793215311996,0.104464286901122
"Bacteroides_massiliensis",0,0.382933341405824,0.312901622501335,0.104300540833778,0.291164658634538,0.231944987969053,0.449677924696931,0.104300540833778
"Dialister_propionicifaciens",0,0.750691106133075,0.312768821379363,0.104256273793121,0.289156626506024,0.354486642504146,0.294104943014607,0.104256273793121
"Lactobacillus_iners",0,0.660267401263345,0.309663936840508,0.103221312280169,0.28714859437751,0.323310446034618,0.319263771233414,0.103221312280169
"Eubacterium_desmolans",0,0.448475106455975,0.309164913919086,0.103054971306362,0.285140562248996,0.252546673458353,0.408063071649828,0.103054971306362
"Treponema_pectinovorum",0,0.647617101572118,0.308326112565486,0.102775370855162,0.283132530120482,0.318647738045868,0.32253601260577,0.102775370855162
"Moraxella_boevrei",0,0.305510786866057,0.828102856576538,0.101836928955352,0.281124497991968,0.377871214480865,0.269501684840588,0.101836928955352
"Lactobacillus_ruminis",0,0.491523480858106,0.302495753272666,0.100831917757555,0.279116465863454,0.264673078043591,0.3809677905395,0.100831917757555
"Pseudomonas_fluorescens",0,0.441313495186777,0.302162063470331,0.100720687823444,0.27710843373494,0.247825186219036,0.406418287665174,0.100720687823444
"Chryseobacterium_piscicola",0,0.618705172448588,0.295263506710119,0.0984211689033729,0.275100401606426,0.304656226386236,0.323056482615907,0.0984211689033729
"Treponema_bryantii",0,0.295103630602813,0.465838973465016,0.0983678768676045,0.273092369477912,0.253647534689276,0.387813258221127,0.0983678768676045
"Actinobacillus_porcinus",0,0.294943391657081,0.874707064085421,0.0983144638856936,0.271084337349398,0.389883485247501,0.252163704300742,0.0983144638856936
"Snodgrassella_alvi",0,0.707247583298016,0.294273211533466,0.0980910705111553,0.269076305220884,0.333840264943827,0.293826361920904,0.0980910705111553
"Clostridium_leptum",0,0.291105931262739,0.298164461314796,0.0970353104209132,0.267068273092369,0.196423464192512,0.494010788475914,0.0970353104209132
"Ruminococcus_flavefaciens",0,0.290547314887691,0.493565740407852,0.0968491049625639,0.265060240963855,0.261371018431848,0.37054263148084,0.0968491049625639
"Prevotella_timonensis",0,0.562588646041452,0.289958618082986,0.0966528726943288,0.263052208835341,0.284182421374813,0.340108555014568,0.0966528726943288
"Lactobacillus_mucosae",0,0.289682751104922,0.634514141968665,0.0965609170349741,0.261044176706827,0.308065631024529,0.313442680099831,0.0965609170349741
"Porphyromonas_uenonis",0,0.478739076910658,0.289511257862721,0.0965037526209069,0.259036144578313,0.256083444924459,0.376844948525954,0.0965037526209069
"Mycoplasma_spermatophilum",0,0.73460878690642,0.286468373275749,0.0954894577585832,0.257028112449799,0.340359053394056,0.280555069143493,0.0954894577585832
"Helicobacter_pylori",0,0.284501826401082,0.437682562198985,0.0948339421336939,0.255020080321285,0.240728129533356,0.393946242666059,0.0948339421336939
"Bacteroides_stercoris",0,0.535458719299308,0.283258772593738,0.0944195908645795,0.253012048192771,0.272905830631015,0.345978650021004,0.0944195908645795
"Clostridium_scindens",0,0.280955177493895,0.374291602627964,0.0936517258312984,0.251004016064257,0.218415593373953,0.428777654491709,0.0936517258312984
"Alistipes_shahii",0,0.287140723698815,0.278649083578253,0.0928830278594178,0.248995983935743,0.18859660242569,0.492495764317999,0.0928830278594178
"Eubacterium_minutum",0,0.277329720893625,0.746640299127474,0.092443240297875,0.246987951807229,0.341323340007033,0.270837734964067,0.092443240297875
"Eubacterium_ventriosum",0,0.27535942766039,0.612904655884283,0.0917864758867968,0.244979919678715,0.296088027848224,0.309997255052294,0.0917864758867968
"Elizabethkingia_meningoseptica",0,0.274720792718613,0.898674479751519,0.0915735975728712,0.242971887550201,0.391131757490044,0.234124680032411,0.0915735975728712
"Sediminibacterium_salmoneum",0,0.27434259651672,0.752175844526922,0.0914475321722401,0.240963855421687,0.342172813681214,0.267255399949563,0.0914475321722401
"Granulicatella_adiacens",0.720547945205479,0.0417757462008839,0.190402161213507,0.091317884538425,0.238955823293173,0.317575284206624,0.287547202442275,0.091317884538425
"Anaerococcus_octavius",0,0.291735888276725,0.273468804525257,0.0911562681750856,0.236947791164659,0.188401564267327,0.48384029362804,0.0911562681750856
"Veillonella_criceti",0,0.771874533309116,0.271315408845159,0.0904384696150532,0.234939759036145,0.347729980718092,0.260082462341297,0.0904384696150532
"Granulicatella_balaenopterae",0,0.270427438396803,0.36186000559556,0.0901424794656011,0.232931726907631,0.210762481330788,0.427696992825418,0.0901424794656011
"Pseudomonas_aeruginosa",0,0.268716272123671,0.285596122375533,0.0895720907078902,0.230923694779116,0.184770798166401,0.48477406384976,0.0895720907078902
"Ruminofilibacter_xylanolyticum",0,0.455392323061089,0.267169949151034,0.0890566497170113,0.228915662650602,0.240854090737374,0.36975352772446,0.0890566497170113
"Clostridium_symbiosum",0,0.266910254081653,0.548927278330985,0.0889700846938845,0.226907630522088,0.271945844137546,0.327161038169367,0.0889700846938845
"Pseudoflavonifractor_capillosus",0,0.266910254081653,0.478927100523061,0.0889700846938844,0.224899598393574,0.248612451534905,0.357866567601878,0.0889700846938844
"Alistipes_putredinis",0,0.327640612702065,0.263835664818406,0.0879452216061353,0.22289156626506,0.19715875917349,0.446062969633258,0.0879452216061353
"Micrococcus_luteus",0,0.432126495933483,0.2634281467576,0.0878093822525335,0.220883534136546,0.231851547563694,0.378731059487151,0.0878093822525335
"Clostridium_disporicum",0,0.266910254081653,0.259701499546683,0.0865671665155609,0.218875502008032,0.175537251209445,0.4931555320544,0.0865671665155609
"Actinobacillus_succinogenes",0,0.64339771144881,0.255626713418683,0.0852089044728943,0.216867469879518,0.299674808289164,0.284337895999166,0.0852089044728943
"Acinetobacter_calcoaceticus",0,0.432126495933483,0.254755546514361,0.084918515504787,0.214859437751004,0.228960680815948,0.37088689290302,0.084918515504787
"Prevotella_bergensis",0,0.266910254081653,0.253961202127799,0.0846537340425997,0.21285140562249,0.173623818736484,0.48756981996279,0.0846537340425997
"Bilophila_wadsworthia",0,0.396803697200864,0.253344099789575,0.0844480332631918,0.210843373493976,0.216715932330146,0.389671550011114,0.0844480332631918
"Treponema_putidum",0,0.253258662791871,0.357586476279094,0.084419554263957,0.208835341365462,0.203615046356988,0.414603713106488,0.084419554263957
"Veillonella_rodentium",0,0.247181691590483,0.710074939674611,0.0823938971968276,0.206827309236948,0.319085543755031,0.258218834445484,0.0823938971968276
"Ruminococcus_callidus",0,0.246628322334564,0.662790029246493,0.0822094407781882,0.204819277108434,0.303139450527019,0.27119347427484,0.0822094407781882
"Neisseria_lactamica",0,0.432126495933483,0.243795610816392,0.081265203605464,0.20281124497992,0.225307368916625,0.36068595535167,0.081265203605464
"Lactobacillus_vaginalis",0,0.242684305059434,0.366219404047021,0.0808947683531446,0.200803212851406,0.202967903035485,0.398559413302909,0.0808947683531446
"Veillonella_magna",0,0.271581804605356,0.240971138529188,0.0803237128430625,0.198795180722892,0.170850981044848,0.470139020284454,0.0803237128430625
"Porphyromonas_asaccharolytica",0,0.432126495933483,0.237680781040469,0.0792269270134898,0.196787148594378,0.223269092324651,0.354849505538759,0.0792269270134898
"Lactobacillus_helveticus",0,0.237121854251176,0.315300019630139,0.0790406180837252,0.194779116465863,0.184140624627105,0.429240523343434,0.0790406180837252
"Propionibacterium_acidifaciens",0,0.232933341405824,0.507403386024777,0.0776444471352748,0.192771084337349,0.246778909143534,0.314631616635093,0.0776444471352748
"Ruminococcus_gnavus",0,0.230369114649553,0.311209604591259,0.0767897048831844,0.190763052208835,0.180526239746937,0.425365891356451,0.0767897048831844
"Eubacterium_ramulus",0,0.569734011422575,0.229902297913018,0.0766340993043393,0.188755020080321,0.266545436445197,0.287508577623296,0.0766340993043393
"Peptostreptococcus_anaerobius",0,0.64339771144881,0.224379619134942,0.074793206378314,0.186746987951807,0.289259110194584,0.258568196272196,0.074793206378314
"Corynebacterium_argentoratense",0,0.312309236947791,0.223851424289886,0.0746171414299621,0.184738955823293,0.178720220412559,0.417508109925756,0.0746171414299621
"Gardnerella_vaginalis",0,0.299569534419083,0.222990098465837,0.0743300328219456,0.182730923694779,0.174186544294973,0.426726605793801,0.0743300328219456
"Murdochiella_asaccharolytica",0,0.443782365643478,0.222338812863799,0.0741129376212664,0.180722891566265,0.222040392835759,0.33378132994066,0.0741129376212664
"Ruminococcus_albus",0,0.221079897479365,0.829583406437067,0.0736932991597883,0.178714859437751,0.350221101305477,0.210419357614634,0.0736932991597883
"Lactobacillus_frumenti",0,0.219875078202256,0.483624895460799,0.0732916927340855,0.176706827309237,0.234499991221018,0.312544543615813,0.0732916927340855
"Corynebacterium_tuberculostearicum",0,0.243062501261327,0.218969554515088,0.0729898515050292,0.174698795180723,0.154010685258805,0.473927191365811,0.0729898515050292
"Actinomyces_cardiffensis",0,0.218332828802648,0.594944295587047,0.0727776096008826,0.172690763052209,0.271092374796565,0.268460555762577,0.0727776096008826
"Prevotella_disiens",0,0.215880204234022,0.554339301816547,0.0719600680780072,0.170682730923695,0.25673983535019,0.280284000259853,0.0719600680780072
"Bacteroides_uniformis",0,0.215192428003471,0.45701349447871,0.0717308093344905,0.168674698795181,0.224068640827394,0.320128729614363,0.0717308093344905
"Enterococcus_italicus",0,0.439027668462796,0.214757385067969,0.0715857950226563,0.166666666666667,0.217928351176922,0.32848316722472,0.0715857950226563
"Bifidobacterium_breve",0,0.432126495933483,0.214282236717106,0.0714274122390354,0.164658634538153,0.215469577550196,0.331496506611916,0.0714274122390354
"Azospira_oryzae",0,0.432126495933483,0.214247147829985,0.0714157159433285,0.162650602409639,0.215457881254489,0.331460216389,0.0714157159433285
"Staphylococcus_epidermidis",0,0.432126495933483,0.214144105788273,0.0713813685960909,0.160642570281124,0.215423533907252,0.331353623726289,0.0713813685960909
"Bacteroides_ovatus",0,0.287849387499748,0.209628493434575,0.0698761644781917,0.15863453815261,0.165825960311441,0.421382540749084,0.0698761644781917
"Parabacteroides_merdae",0,0.530923896591391,0.206397039166845,0.0687990130556152,0.156626506024096,0.245773645252745,0.27992835840826,0.0687990130556152
"Rothia_terrae",0,0.744534217271094,0.20620413241747,0.0687347108058234,0.154618473895582,0.316912783229521,0.216888413605086,0.0687347108058234
"Coprococcus_eutactus",0,0.675369518274101,0.203680363986418,0.0678934546621395,0.152610441767068,0.293016627420173,0.231705126292315,0.0678934546621395
"Bacteroides_dorei",0,0.203449577203285,0.224338897287899,0.0678165257344285,0.150602409638554,0.142596158163728,0.475584522105862,0.0678165257344285
"Acinetobacter_baumannii",0,0.45333938770156,0.201636064051414,0.0672120213504714,0.14859437751004,0.218325150584325,0.30785285694564,0.0672120213504714
"Lactobacillus_plantarum",0,0.201609150168513,0.247434210165255,0.0672030500561711,0.146586345381526,0.149681120111256,0.448974793923375,0.0672030500561711
"Staphylococcus_aureus",0,0.281751528727977,0.201426402456722,0.0671421341522405,0.144578313253012,0.1610593103949,0.416878316364422,0.0671421341522405
"Stenotrophomonas_maltophilia",0,0.641356985731872,0.199424053436686,0.0664746844788953,0.142570281124498,0.280260346389519,0.237189047024532,0.0664746844788953
"Pseudoramibacter_alactolyticus",0,0.192141127323364,0.285716062153843,0.0640470424411213,0.140562248995984,0.159285729825736,0.402089016456095,0.0640470424411213
"Treponema_parvum",0,0.189473572682691,0.634645695579127,0.0631578575608969,0.13855421686747,0.274706422753939,0.229910378242116,0.0631578575608969
"Gemmiger_formicilis",0,0.599159956408549,0.186710757163291,0.0622369190544305,0.136546184738956,0.261956904523947,0.237584572040708,0.0622369190544305
"Wolinella_succinogenes",0,0.778687715686868,0.186167743123024,0.0620559143743413,0.134538152610442,0.321618486269964,0.192948841635465,0.0620559143743413
"Megamonas_funiformis",0,0.636316320558616,0.18220475313272,0.0607349177109067,0.132530120481928,0.272840357897112,0.222602397163728,0.0607349177109067
"Odoribacter_splanchnicus",0,0.181945672135779,0.246385824661544,0.0606485573785931,0.130522088353414,0.142777165599108,0.424777709545539,0.0606485573785931
"Phascolarctobacterium_faecium",0,0.181343968840185,0.408408168307347,0.060447989613395,0.1285140562249,0.196584045715844,0.307491838380265,0.060447989613395
"Streptococcus_anginosus",0.683561643835616,0.0236135496760913,0.132779062660511,0.0600020540042313,0.126506024096386,0.279984752057406,0.214304720393948,0.0600020540042313
"Parabacteroides_distasonis",0,0.175502714375088,0.567479285923034,0.0585009047916961,0.124497991967871,0.247660666766041,0.236213951757469,0.0585009047916961
"Pyramidobacter_piscolens",0,0.49558545740752,0.175378771487744,0.0584595904959148,0.122489959839357,0.223654742965088,0.261383191435561,0.0584595904959148
"Coprococcus_catus",0,0.173608403463099,0.299332562184065,0.0578694678210329,0.120481927710843,0.157646988549055,0.367082608768171,0.0578694678210329
"Fusobacterium_canifelinum",0,0.170956388367541,0.1995353275867,0.0569854627891802,0.118473895582329,0.123497238651413,0.461431068511814,0.0569854627891802
"Roseburia_inulinivorans",0,0.421341647999031,0.168746037501486,0.0562486791671621,0.116465863453815,0.196695895166839,0.285967732674093,0.0562486791671621
"Bacteroides_caccae",0,0.165991907327804,0.264550308088026,0.0553306357759346,0.114457831325301,0.143514071805277,0.385541536658569,0.0553306357759346
"Actinomyces_radicidentis",0,0.164343807390365,0.570318554170083,0.0547812691301219,0.112449799196787,0.244887453853483,0.223699778278138,0.0547812691301219
"Corynebacterium_kroppenstedtii",0,0.164343807390365,0.570457526736686,0.0547812691301218,0.110441767068273,0.244933778042351,0.223657470063806,0.0547812691301218
"Bacteroides_plebeius",0,0.164268935036629,0.440872300803943,0.0547563116788764,0.108433734939759,0.201713745280191,0.271455530225851,0.0547563116788764
"Necropsobacter_rosorum",0,0.432126495933483,0.161723788620603,0.0539079295402009,0.106425702811245,0.197950094851362,0.272330910377586,0.0539079295402009
"Parasutterella_excrementihominis",0,0.159150572137797,0.410570114048081,0.0530501907125992,0.104417670682731,0.189906895395293,0.279348417561009,0.0530501907125992
"Rhodococcus_erythropolis",0,0.614823716978467,0.159123388424905,0.0530411294749684,0.102409638554217,0.257982368467791,0.205599823701094,0.0530411294749684
"Clostridium_bartlettii",0,0.15400587273718,0.405260818854917,0.0513352909123933,0.100401606425703,0.186422230530699,0.275371079759394,0.0513352909123933
"Paludibacter_propionicigenes",0,0.647011362031039,0.151511000817124,0.0505036669390415,0.0983935742971888,0.266174120949388,0.189739208150309,0.0505036669390415
"Streptococcus_intermedius",0,0.497912050210894,0.149477745036684,0.0498259150122279,0.0963855421686747,0.215796598415859,0.230892958359839,0.0498259150122279
"Lactobacillus_oris",0,0.149270448628686,0.56034587214942,0.0497568162095619,0.0943775100401606,0.236538773592702,0.210353742237789,0.0497568162095619
"Dorea_formicigenerans",0,0.325623095396662,0.146927570996552,0.0489758569988508,0.0923694779116466,0.157516888797738,0.310924481639165,0.0489758569988508
"Bacteroides_fragilis",0,0.146405521583823,0.249636500797988,0.0488018405279409,0.0903614457831325,0.132014007460603,0.369671684593809,0.0488018405279409
"Pseudomonas_stutzeri",0,0.215351254263284,0.145473030307708,0.0484910101025693,0.0883534136546185,0.120274761523664,0.403168623976267,0.0484910101025693
"Clostridium_ramosum",0,0.268212851405623,0.144478529442625,0.0481595098142084,0.0863453815261044,0.137563793616083,0.35008855563124,0.0481595098142084
"Fusobacterium_necrophorum",0,0.143520413311538,0.343118966568222,0.0478401377705126,0.0843373493975904,0.162213126626587,0.294921494735997,0.0478401377705126
"Actinomyces_timonensis",0,0.143042017315493,0.570713387728951,0.0476806724384978,0.0823293172690763,0.237918468348148,0.200407613454901,0.0476806724384978
"Dolosigranulum_pigrum",0,0.267687433149684,0.141478736576776,0.0471595788589253,0.0803212851405622,0.136388723242153,0.345773299565208,0.0471595788589253
"Roseburia_intestinalis",0,0.188844019293253,0.140956282056529,0.0469854273521763,0.0783132530120482,0.109933433783261,0.427398887992623,0.0469854273521763
"Achromobacter_xylosoxidans",0,0.266910254081653,0.140032215146862,0.0466774050489539,0.0763052208835341,0.135647489742838,0.34410813747785,0.0466774050489539
"Fusicatenibacter_saccharivorans",0,0.24577475732074,0.139065563704042,0.0463551879013474,0.0742971887550201,0.128280107008261,0.361359130284809,0.0463551879013474
"Alistipes_finegoldii",0,0.138526770398176,0.302767261909669,0.0461755901327252,0.072289156626506,0.147098010769282,0.313910364193504,0.0461755901327252
"Prevotella_multisaccharivorax",0,0.137223365825109,0.176604279149249,0.0457411219417032,0.070281124497992,0.104609214991453,0.437257099629708,0.0457411219417032
"Lactobacillus_gasseri",0,0.157788238380658,0.136143889061398,0.0453812963537994,0.0682730923694779,0.0979773758140188,0.463181382199319,0.0453812963537994
"Akkermansia_muciniphila",0,0.133710217755444,0.673064678216958,0.0445700725851481,0.0662650602409639,0.268924965324134,0.16573423196849,0.0445700725851481
"Streptococcus_troglodytae",0,0.432126495933483,0.133670194354658,0.0445567314515526,0.0642570281124498,0.188598896762713,0.236251283630847,0.0445567314515526
"Barnesiella_intestinihominis",0,0.428092268571775,0.130550481348308,0.0435168271161027,0.0622489959839357,0.186214249973361,0.23369225031021,0.0435168271161027
"Clostridium_lactatifermentans",0,0.127991160622389,0.324453965350683,0.042663720207463,0.0602409638554217,0.150815041991024,0.282887699026747,0.042663720207463
"Lactobacillus_reuteri",0,0.133704466105629,0.127849139117037,0.0426163797056791,0.0582329317269076,0.0871845350742219,0.488806640643308,0.0426163797056791
"Turicibacter_sanguinis",0,0.816302092793284,0.127841626374805,0.0426138754582685,0.0562248995983936,0.31471457305603,0.135404836974873,0.0426138754582685
"Intestinimonas_butyriciproducens",0,0.31585195051563,0.118538812820578,0.0395129376068595,0.0542168674698795,0.14479692111207,0.272885205730841,0.0395129376068595
"Acidithiobacillus_thiooxidans",0,0.69674688704567,0.117172152472078,0.0390573841573595,0.0522088353413655,0.271306346505916,0.143960451572067,0.0390573841573595
"Actinomyces_viscosus",0,0.116718027890456,0.568939868286608,0.0389060092968188,0.0502008032128514,0.228552632059021,0.17022778931188,0.0389060092968188
"Lactobacillus_animata",0,0.113942200964663,0.152140613778595,0.0379807336548876,0.0481927710843374,0.0886942715810858,0.428220819426483,0.0379807336548876
"Finegoldia_magna",0,0.112701963633428,0.251152512963543,0.0375673212111427,0.0461847389558233,0.121284825532324,0.309744611877523,0.0375673212111427
"Lactobacillus_crispatus",0,0.112695102016105,0.489973173503459,0.0375650340053683,0.0441767068273092,0.200889425173188,0.186993586013715,0.0375650340053683
"Agrobacterium_tumefaciens",0,0.432126495933483,0.107157327613443,0.0357191092044811,0.0421686746987952,0.179761274515642,0.198703026003373,0.0357191092044811
"Acinetobacter_junii",0,0.680479405057416,0.0915311559827576,0.0305103853275859,0.0401606425702811,0.257336853680058,0.118562051611616,0.0305103853275859
"Streptococcus_equinus",0,0.266910254081653,0.0882987958391811,0.0294329319463937,0.0381526104417671,0.118403016640278,0.248582618767344,0.0294329319463937
"Enterococcus_faecalis",0,0.243062501261327,0.086690713871964,0.028896904623988,0.036144578313253,0.109917738377764,0.262895735033008,0.028896904623988
"Blautia_faecis",0,0.229179027668463,0.0827642262162475,0.0275880754054159,0.034136546184739,0.103981084628237,0.265318211519445,0.0275880754054159
"Bacillus_subtilis",0,0.614823716978467,0.0825689448701922,0.0275229816233975,0.0321285140562249,0.23246422061622,0.118396635621771,0.0275229816233975
"Lactobacillus_casei",0,0.164343807390365,0.0760944284532473,0.0253648094844158,0.0301204819277108,0.0801460786145376,0.316482227488731,0.0253648094844158
"Saccharofermentans_acetigenes",0,0.376776149825432,0.0758031676019618,0.0252677225339873,0.0281124497991968,0.150859772475798,0.167491453283485,0.0252677225339873
"Actinomyces_israelii",0,0.0717164133922625,0.560981535831387,0.0239054711307542,0.0261044176706827,0.210899316407883,0.113350159393218,0.0239054711307542
"Alloscardovia_omnicolens",0,0.0702288551189683,0.603364483132432,0.0234096183729895,0.0240963855421687,0.224531112750467,0.104260020298416,0.0234096183729895
"Moraxella_osloensis",0,0.614823716978467,0.0670812411231321,0.0223604137077107,0.0220883534136546,0.227301652700533,0.0983733001588436,0.0223604137077107
"Atopobium_minutum",0,0.219875078202256,0.0574168063227293,0.0191389354409098,0.0200803212851406,0.0924306281749952,0.207062700089788,0.0191389354409098
"Howardella_ureilytica",0,0.05607202680067,0.322994943866731,0.0186906756002234,0.0180722891566265,0.126355656889134,0.147921162062596,0.0186906756002234
"Lactobacillus_salivarius",0,0.0502365239853888,0.415415769534192,0.0167455079951296,0.0160642570281124,0.155217431173194,0.107884197467775,0.0167455079951296
"Lactobacillus_rhamnosus",0,0.225892212064338,0.0444223462770513,0.0148074487590171,0.0140562248995984,0.090104852780463,0.16433575220521,0.0148074487590171
"Bifidobacterium_dentium",0,0.0391647999031301,0.640732907506566,0.0130549333010434,0.0120481927710843,0.226632569136565,0.0576039593549184,0.0130549333010434
"Prevotella_bivia",0,0.0341570301305725,0.152676584890853,0.0113856767101909,0.0100401606425703,0.0622778716738085,0.182820581439028,0.0113856767101909
"Lactobacillus_johnsonii",0,0.0800320881516014,0.0322706134830181,0.0107568711610061,0.00803212851405622,0.0374342338782065,0.287353848245002,0.0107568711610061
"Bryobacter_aggregatus",0,0.432126495933483,0.0291382061727356,0.00971273539091191,0.00602409638554217,0.153754900702073,0.0631702491859564,0.00971273539091191
"Ruminococcus_obeum",0,0.489856107848479,0.026894705672817,0.00896490189093905,0.00401606425702811,0.172250271173765,0.0520457926123976,0.00896490189093905
"Lactobacillus_fermentum",0,0.00612449799196787,0.198635959848403,0.00204149933065599,0.00200803212851406,0.0682534859467904,0.0299105503892874,0.00204149933065599
"Gemmatimonas_aurantiaca",0,0.609427660390305,0.0004491747340849,0.000149724911361688,0,0.203292278374797,0.000736500729681677,0.000149724911361688
