"","CoreAssociationScore","HealthAssociationScore","CHC_Score","CHC_Score_RankScaled","mean_score","reward_Score"
"Mogibacterium_diversum",0.834158415841584,0.979428571428571,0.834158415841584,1,0.906793493635078,0.919898986590298
"Alloprevotella_rava",0.794554455445545,0.941278807706289,0.794554455445544,0.995260663507109,0.867916631575917,0.91547324540012
"Eubacterium_sulci",0.905940594059406,0.765411123227917,0.765411123227917,0.988151658767773,0.835675858643662,0.915918672665994
"Neisseria_flavescens",0.905940594059406,0.765411123227917,0.765411123227917,0.988151658767773,0.835675858643662,0.915918672665994
"Prevotella_jejuni",0.737623762376238,0.895945474372955,0.737623762376238,0.981042654028436,0.816784618374596,0.903082337476079
"Rothia_mucilaginosa",0.962871287128713,0.690993093420574,0.690993093420574,0.964454976303318,0.826932190274644,0.835610345741988
"Campylobacter_concisus",0.962871287128713,0.690993093420574,0.690993093420574,0.964454976303318,0.826932190274644,0.835610345741988
"Oribacterium_sinus",0.905940594059406,0.690993093420574,0.690993093420574,0.964454976303318,0.79846684373999,0.865399858288401
"Rothia_dentocariosa",0.794554455445545,0.690993093420574,0.690993093420574,0.964454976303318,0.742773774433059,0.930287413483321
"Lachnoanaerobaculum_saburreum",0.794554455445545,0.690993093420574,0.690993093420574,0.964454976303318,0.742773774433059,0.930287413483321
"Veillonella_rogosae",0.737623762376238,0.690993093420574,0.690993093420574,0.964454976303318,0.714308427898406,0.967359569665965
"Rothia_aeria",0.628712871287129,0.690993093420574,0.628712871287129,0.928909952606635,0.659852982353851,0.952807501216955
"Planobacterium_taklimakanense",0.628712871287129,0.690993093420574,0.628712871287129,0.928909952606635,0.659852982353851,0.952807501216955
"Lautropia_mirabilis",0.628712871287129,0.690993093420574,0.628712871287129,0.928909952606635,0.659852982353851,0.952807501216955
"Campylobacter_mucosalis",0.628712871287129,0.690993093420574,0.628712871287129,0.928909952606635,0.659852982353851,0.952807501216955
"Prevotella_nigrescens",0.628712871287129,0.690993093420574,0.628712871287129,0.928909952606635,0.659852982353851,0.952807501216955
"Prevotella_oris",0.628712871287129,0.690993093420574,0.628712871287129,0.928909952606635,0.659852982353851,0.952807501216955
"Corynebacterium_durum",0.628712871287129,0.690993093420574,0.628712871287129,0.928909952606635,0.659852982353851,0.952807501216955
"Actinomyces_sp_ICM47",0.628712871287129,0.941278807706289,0.628712871287129,0.928909952606635,0.784995839496709,0.800912361128208
"Streptococcus_sp_A12",0.628712871287129,0.941278807706289,0.628712871287129,0.928909952606635,0.784995839496709,0.800912361128208
"Prevotella_salivae",0.992574257425743,0.515125408942203,0.515125408942203,0.845971563981043,0.753849833183973,0.683326288959315
"Actinomyces_graevenitzii",0.98019801980198,0.515125408942203,0.515125408942203,0.845971563981043,0.747661714372092,0.68898192730762
"Atopobium_parvulum",0.98019801980198,0.515125408942203,0.515125408942203,0.845971563981043,0.747661714372092,0.68898192730762
"Megasphaera_micronuciformis",0.98019801980198,0.515125408942203,0.515125408942203,0.845971563981043,0.747661714372092,0.68898192730762
"Haemophilus_parainfluenzae",0.962871287128713,0.515125408942203,0.515125408942203,0.845971563981043,0.738998348035458,0.697058945140547
"Stomatobaculum_longum",0.95049504950495,0.515125408942203,0.515125408942203,0.845971563981043,0.732810229223577,0.702945166974519
"Gemella_sanguinis",0.930693069306931,0.515125408942203,0.515125408942203,0.845971563981043,0.722909239124567,0.712572728446537
"Prevotella_melaninogenica",0.930693069306931,0.515125408942203,0.515125408942203,0.845971563981043,0.722909239124567,0.712572728446537
"Prevotella_histicola",0.930693069306931,0.515125408942203,0.515125408942203,0.845971563981043,0.722909239124567,0.712572728446537
"Capnocytophaga_leadbetteri",0.834158415841584,0.515125408942203,0.515125408942203,0.845971563981043,0.674641912391893,0.763553819411936
"Prevotella_nanceiensis",0.834158415841584,0.515125408942203,0.515125408942203,0.845971563981043,0.674641912391893,0.763553819411936
"Streptococcus_thermophilus",0.834158415841584,0.515125408942203,0.515125408942203,0.845971563981043,0.674641912391893,0.763553819411936
"Veillonella_parvula",0.794554455445545,0.515125408942203,0.515125408942203,0.845971563981043,0.654839932193874,0.786643244581018
"Capnocytophaga_sputigena",0.794554455445545,0.515125408942203,0.515125408942203,0.845971563981043,0.654839932193874,0.786643244581018
"Haemophilus_sputorum",0.794554455445545,0.515125408942203,0.515125408942203,0.845971563981043,0.654839932193874,0.786643244581018
"Porphyromonas_somerae",0.794554455445545,0.515125408942203,0.515125408942203,0.845971563981043,0.654839932193874,0.786643244581018
"Veillonella_sp_T11011_6",0.794554455445545,0.515125408942203,0.515125408942203,0.845971563981043,0.654839932193874,0.786643244581018
"Capnocytophaga_granulosa",0.737623762376238,0.515125408942203,0.515125408942203,0.845971563981043,0.62637458565922,0.822391937246409
"Leptotrichia_shahii",0.737623762376238,0.515125408942203,0.515125408942203,0.845971563981043,0.62637458565922,0.822391937246409
"Selenomonas_sputigena",0.737623762376238,0.515125408942203,0.515125408942203,0.845971563981043,0.62637458565922,0.822391937246409
"Alloprevotella_tannerae",0.737623762376238,0.515125408942203,0.515125408942203,0.845971563981043,0.62637458565922,0.822391937246409
"Actinomyces_lingnae",0.737623762376238,0.515125408942203,0.515125408942203,0.845971563981043,0.62637458565922,0.822391937246409
"Streptococcus_australis",0.737623762376238,0.515125408942203,0.515125408942203,0.845971563981043,0.62637458565922,0.822391937246409
"Lachnoanaerobaculum_umeaense",0.737623762376238,0.515125408942203,0.515125408942203,0.845971563981043,0.62637458565922,0.822391937246409
"Capnocytophaga_gingivalis",0.737623762376238,0.515125408942203,0.515125408942203,0.845971563981043,0.62637458565922,0.822391937246409
"Veillonella_infantium",0.737623762376238,0.515125408942203,0.515125408942203,0.845971563981043,0.62637458565922,0.822391937246409
"Prevotella_pallens",0.873762376237624,0.515125408942203,0.515125408942203,0.73696682464455,0.694443892589913,0.74178117834841
"Lachnoanaerobaculum_orale",0.873762376237624,0.515125408942203,0.515125408942203,0.73696682464455,0.694443892589913,0.74178117834841
"Solobacterium_moorei",0.873762376237624,0.515125408942203,0.515125408942203,0.73696682464455,0.694443892589913,0.74178117834841
"Eubacterium_yurii",0.628712871287129,0.515125408942203,0.515125408942203,0.73696682464455,0.571919140114666,0.900696222264783
"Dialister_invisus",0.628712871287129,0.515125408942203,0.515125408942203,0.73696682464455,0.571919140114666,0.900696222264783
"Prevotella_veroralis",0.628712871287129,0.515125408942203,0.515125408942203,0.73696682464455,0.571919140114666,0.900696222264783
"Treponema_socranskii",0.628712871287129,0.515125408942203,0.515125408942203,0.73696682464455,0.571919140114666,0.900696222264783
"Neisseria_elongata",0.628712871287129,0.515125408942203,0.515125408942203,0.73696682464455,0.571919140114666,0.900696222264783
"Abiotrophia_defectiva",0.628712871287129,0.515125408942203,0.515125408942203,0.73696682464455,0.571919140114666,0.900696222264783
"Gemella_morbillorum",0.628712871287129,0.515125408942203,0.515125408942203,0.73696682464455,0.571919140114666,0.900696222264783
"Veillonella_tobetsuensis",0.628712871287129,0.515125408942203,0.515125408942203,0.73696682464455,0.571919140114666,0.900696222264783
"Prevotella_oulorum",0.628712871287129,0.515125408942203,0.515125408942203,0.73696682464455,0.571919140114666,0.900696222264783
"Atopobium_rimae",0.628712871287129,0.515125408942203,0.515125408942203,0.73696682464455,0.571919140114666,0.900696222264783
"Treponema_vincentii",0.628712871287129,0.515125408942203,0.515125408942203,0.73696682464455,0.571919140114666,0.900696222264783
"Leptotrichia_sp_oral_taxon_215",0.628712871287129,0.515125408942203,0.515125408942203,0.73696682464455,0.571919140114666,0.900696222264783
"Actinomyces_sp_HPA0247",0.628712871287129,0.515125408942203,0.515125408942203,0.73696682464455,0.571919140114666,0.900696222264783
"Actinomyces_sp_S6_Spd3",0.628712871287129,0.515125408942203,0.515125408942203,0.73696682464455,0.571919140114666,0.900696222264783
"Streptococcus_sp_F0442",0.628712871287129,0.515125408942203,0.515125408942203,0.73696682464455,0.571919140114666,0.900696222264783
"Streptococcus_sp_HMSC034E03",0.628712871287129,0.515125408942203,0.515125408942203,0.73696682464455,0.571919140114666,0.900696222264783
"Streptococcus_sp_HMSC067H01",0.628712871287129,0.515125408942203,0.515125408942203,0.73696682464455,0.571919140114666,0.900696222264783
"Porphyromonas_gulae",0.433168316831683,0.961850236277717,0.433168316831683,0.680094786729858,0.6975092765547,0.621021585506775
"Lachnospiraceae_bacterium_oral_taxon_096",0.433168316831683,0.941278807706289,0.433168316831683,0.680094786729858,0.687223562268986,0.630316451027238
"Prevotella_sp_oral_taxon_306",0.433168316831683,0.941278807706289,0.433168316831683,0.680094786729858,0.687223562268986,0.630316451027238
"Tannerella_sp_oral_taxon_HOT_286",0.433168316831683,0.941278807706289,0.433168316831683,0.680094786729858,0.687223562268986,0.630316451027238
"Aggregatibacter_actinomycetemcomitans",0.433168316831683,0.515125408942203,0.433168316831683,0.601895734597156,0.474146862886943,0.913574149144944
"Prevotella_shahii",0.433168316831683,0.515125408942203,0.433168316831683,0.601895734597156,0.474146862886943,0.913574149144944
"Peptococcus_niger",0.433168316831683,0.515125408942203,0.433168316831683,0.601895734597156,0.474146862886943,0.913574149144944
"Actinobacillus_rossii",0.433168316831683,0.515125408942203,0.433168316831683,0.601895734597156,0.474146862886943,0.913574149144944
"Leptotrichia_hofstadii",0.433168316831683,0.515125408942203,0.433168316831683,0.601895734597156,0.474146862886943,0.913574149144944
"Mogibacterium_neglectum",0.433168316831683,0.515125408942203,0.433168316831683,0.601895734597156,0.474146862886943,0.913574149144944
"Campylobacter_showae",0.433168316831683,0.515125408942203,0.433168316831683,0.601895734597156,0.474146862886943,0.913574149144944
"Leptotrichia_hongkongensis",0.433168316831683,0.515125408942203,0.433168316831683,0.601895734597156,0.474146862886943,0.913574149144944
"Prevotella_pleuritidis",0.433168316831683,0.515125408942203,0.433168316831683,0.601895734597156,0.474146862886943,0.913574149144944
"Stenotrophomonas_maltophilia",0.433168316831683,0.515125408942203,0.433168316831683,0.601895734597156,0.474146862886943,0.913574149144944
"Dialister_pneumosintes",0.433168316831683,0.515125408942203,0.433168316831683,0.601895734597156,0.474146862886943,0.913574149144944
"Prevotella_aurantiaca",0.433168316831683,0.515125408942203,0.433168316831683,0.601895734597156,0.474146862886943,0.913574149144944
"Prevotella_fusca",0.433168316831683,0.515125408942203,0.433168316831683,0.601895734597156,0.474146862886943,0.913574149144944
"Selenomonas_infelix",0.433168316831683,0.515125408942203,0.433168316831683,0.601895734597156,0.474146862886943,0.913574149144944
"Corynebacterium_matruchotii",0.433168316831683,0.515125408942203,0.433168316831683,0.601895734597156,0.474146862886943,0.913574149144944
"Eikenella_corrodens",0.433168316831683,0.515125408942203,0.433168316831683,0.601895734597156,0.474146862886943,0.913574149144944
"Morococcus_cerebrosus",0.433168316831683,0.515125408942203,0.433168316831683,0.601895734597156,0.474146862886943,0.913574149144944
"Staphylococcus_epidermidis",0.433168316831683,0.515125408942203,0.433168316831683,0.601895734597156,0.474146862886943,0.913574149144944
"Leptotrichia_trevisanii",0.433168316831683,0.515125408942203,0.433168316831683,0.601895734597156,0.474146862886943,0.913574149144944
"Eubacterium_infirmum",0.433168316831683,0.515125408942203,0.433168316831683,0.601895734597156,0.474146862886943,0.913574149144944
"Haemophilus_pittmaniae",0.433168316831683,0.515125408942203,0.433168316831683,0.601895734597156,0.474146862886943,0.913574149144944
"Kingella_oralis",0.433168316831683,0.515125408942203,0.433168316831683,0.601895734597156,0.474146862886943,0.913574149144944
"Streptococcus_suis",0.433168316831683,0.515125408942203,0.433168316831683,0.601895734597156,0.474146862886943,0.913574149144944
"Centipeda_periodontii",0.433168316831683,0.515125408942203,0.433168316831683,0.601895734597156,0.474146862886943,0.913574149144944
"Actinomyces_naeslundii",0.433168316831683,0.515125408942203,0.433168316831683,0.601895734597156,0.474146862886943,0.913574149144944
"Actinomyces_sp_HMSC035G02",0.433168316831683,0.515125408942203,0.433168316831683,0.601895734597156,0.474146862886943,0.913574149144944
"Actinomyces_sp_oral_taxon_181",0.433168316831683,0.515125408942203,0.433168316831683,0.601895734597156,0.474146862886943,0.913574149144944
"Oribacterium_asaccharolyticum",0.433168316831683,0.515125408942203,0.433168316831683,0.601895734597156,0.474146862886943,0.913574149144944
"Oribacterium_parvum",0.433168316831683,0.515125408942203,0.433168316831683,0.601895734597156,0.474146862886943,0.913574149144944
"Streptococcus_equinus",0.433168316831683,0.690993093420574,0.433168316831683,0.52132701421801,0.562080705126129,0.77065146140265
"Prevotella_maculosa",0.433168316831683,0.690993093420574,0.433168316831683,0.52132701421801,0.562080705126129,0.77065146140265
"Haemophilus_influenzae",0.433168316831683,0.690993093420574,0.433168316831683,0.52132701421801,0.562080705126129,0.77065146140265
"Neisseria_meningitidis",0.433168316831683,0.690993093420574,0.433168316831683,0.52132701421801,0.562080705126129,0.77065146140265
"Cardiobacterium_hominis",0.433168316831683,0.690993093420574,0.433168316831683,0.52132701421801,0.562080705126129,0.77065146140265
"Porphyromonas_endodontalis",0.834158415841584,0.395468920392585,0.395468920392585,0.507109004739337,0.614813668117084,0.643233781063683
"Fusobacterium_nucleatum",0.930693069306931,0.369088331515812,0.369088331515812,0.502369668246445,0.649890700411372,0.567923700527158
"Catonella_morbi",0.737623762376238,0.369088331515812,0.369088331515812,0.495260663507109,0.553356046946025,0.666999725678996
"Treponema_medium",0.433168316831683,0.369088331515812,0.369088331515812,0.495260663507109,0.401128324173748,0.920125329658702
"Leptotrichia_wadei",0.873762376237624,0.355468920392585,0.355468920392585,0.483412322274882,0.614615648315104,0.578359697425636
"Granulicatella_adiacens",0.628712871287129,0.355468920392585,0.355468920392585,0.483412322274882,0.492090895839857,0.722364350565564
"Peptostreptococcus_stomatis",0.628712871287129,0.355468920392585,0.355468920392585,0.483412322274882,0.492090895839857,0.722364350565564
"Fusobacterium_periodonticum",0.930693069306931,0.355468920392585,0.355468920392585,0.4739336492891,0.643080994849758,0.552759175344052
"Veillonella_atypica",1,0.355468920392585,0.355468920392584,0.469194312796209,0.677734460196292,0.524495862715362
"Streptococcus_sanguinis",0.873762376237624,0.283887313704108,0.283887313704108,0.464454976303318,0.578824844970866,0.490454610182458
"Bacteroides_stercoris",0.433168316831683,0.283887313704108,0.283887313704108,0.454976303317536,0.358527815267895,0.791813916842085
"Propionibacterium_propionicum",0.433168316831683,0.283887313704108,0.283887313704108,0.454976303317536,0.358527815267895,0.791813916842085
"Prevotella_loescheii",0.433168316831683,0.283887313704108,0.283887313704108,0.454976303317536,0.358527815267895,0.791813916842085
"Streptococcus_salivarius",0.930693069306931,0.238553980370774,0.238553980370774,0.445497630331754,0.584623524838852,0.40804717948449
"Gemella_haemolysans",0.873762376237624,0.198553980370774,0.198553980370774,0.438388625592417,0.536158178304199,0.370327243722693
"Fretibacterium_fastidiosum",0.433168316831683,0.198553980370774,0.198553980370774,0.438388625592417,0.315861148601229,0.628611594841778
"Streptococcus_oralis",0.834158415841584,0.118897491821156,0.118897491821156,0.421800947867299,0.47652795383137,0.249507905811608
"Bacillus_cereus",0.433168316831683,0.118897491821156,0.118897491821156,0.421800947867299,0.27603290432642,0.430736662034158
"Propionibacterium_acnes",0.433168316831683,0.118897491821156,0.118897491821156,0.421800947867299,0.27603290432642,0.430736662034158
"Streptococcus_lactarius",0.433168316831683,0.118897491821156,0.118897491821156,0.421800947867299,0.27603290432642,0.430736662034158
"Bifidobacterium_longum",0.433168316831683,0.118897491821156,0.118897491821156,0.421800947867299,0.27603290432642,0.430736662034158
"Streptococcus_mitis",0.873762376237624,0.118897491821156,0.118897491821156,0.402843601895735,0.49632993402939,0.23955333674095
"Porphyromonas_catoniae",0.873762376237624,0.118897491821156,0.118897491821156,0.402843601895735,0.49632993402939,0.23955333674095
"Butyrivibrio_fibrisolvens",0.628712871287129,0.118897491821156,0.118897491821156,0.402843601895735,0.373805181554142,0.31807341815548
"Streptococcus_oligofermentans",0.737623762376238,0.118897491821156,0.118897491821156,0.393364928909953,0.428260627098697,0.27762881828909
"Actinomyces_odontolyticus",0.98019801980198,0.118897491821156,0.118897491821156,0.388625592417062,0.549547755811568,0.216355158516786
"Streptococcus_parasanguinis",0.95049504950495,0.0788974918211559,0.078897491821156,0.381516587677725,0.514696270663053,0.153289418086354
"Prevotella_intermedia",0.433168316831683,0.0788974918211559,0.078897491821156,0.381516587677725,0.25603290432642,0.308153719650692
"Streptococcus_pneumoniae",0.905940594059406,0.0577142857142857,0.0577142857142857,0.372037914691943,0.481827439886846,0.119782064981271
"Streptococcus_gordonii",0.737623762376238,0.0577142857142857,0.0577142857142857,0.372037914691943,0.397669024045262,0.14513145913954
"Parvimonas_micra",0.794554455445545,0.0525714285714286,0.0525714285714286,0.364928909952607,0.423562942008487,0.124117157941488
"Filifactor_alocis",0.628712871287129,0.0211832061068702,0.0211832061068702,0.360189573459716,0.324948038696999,0.0651895182744053
"Tannerella_forsythia",0.873762376237624,0.0211832061068702,0.0211832061068702,0.355450236966825,0.447472791172247,0.0473396517615662
"Streptococcus_peroris",0.433168316831683,0.00514285714285714,0.00514285714285713,0.350710900473934,0.21915558698727,0.0234666942036749
"Veillonella_dispar",1,0.00514285714285714,0.0051428571428571,0.345971563981043,0.502571428571429,0.0102330869812393
"Neisseria_subflava",0,0.941278807706289,5.22514702453618e-17,0.338862559241706,0.470639403853144,1.11022302462516e-16
"Neisseria_perflava",0,0.941278807706289,5.22514702453618e-17,0.338862559241706,0.470639403853144,1.11022302462516e-16
"Acinetobacter_johnsonii",0,0.690993093420574,3.83578221086242e-17,0.300947867298578,0.345496546710287,1.11022302462516e-16
"Prevotella_enoeca",0,0.690993093420574,3.83578221086242e-17,0.300947867298578,0.345496546710287,1.11022302462516e-16
"Prevotella_marshii",0,0.690993093420574,3.83578221086242e-17,0.300947867298578,0.345496546710287,1.11022302462516e-16
"Neisseria_oralis",0,0.690993093420574,3.83578221086242e-17,0.300947867298578,0.345496546710287,1.11022302462516e-16
"Selenomonas_ruminantium",0,0.690993093420574,3.83578221086242e-17,0.300947867298578,0.345496546710287,1.11022302462516e-16
"Streptococcus_intermedius",0,0.690993093420574,3.83578221086242e-17,0.300947867298578,0.345496546710287,1.11022302462516e-16
"Veillonella_rodentium",0,0.690993093420574,3.83578221086242e-17,0.300947867298578,0.345496546710287,1.11022302462516e-16
"Actinomyces_georgiae",0,0.690993093420574,3.83578221086242e-17,0.300947867298578,0.345496546710287,1.11022302462516e-16
"Campylobacter_gracilis",0,0.690993093420574,3.83578221086242e-17,0.300947867298578,0.345496546710287,1.11022302462516e-16
"Actinomyces_massiliensis",0,0.690993093420574,3.83578221086242e-17,0.300947867298578,0.345496546710287,1.11022302462516e-16
"Prevotella_micans",0,0.690993093420574,3.83578221086242e-17,0.300947867298578,0.345496546710287,1.11022302462516e-16
"Olsenella_profusa",0,0.690993093420574,3.83578221086242e-17,0.300947867298578,0.345496546710287,1.11022302462516e-16
"Actinomyces_israelii",0,0.690993093420574,3.83578221086242e-17,0.300947867298578,0.345496546710287,1.11022302462516e-16
"Johnsonella_ignava",0,0.690993093420574,3.83578221086242e-17,0.300947867298578,0.345496546710287,1.11022302462516e-16
"Mycoplasma_faucium",0,0.369088331515812,2.04885181884669e-17,0.265402843601896,0.184544165757906,1.11022302462516e-16
"Gemella_palaticanis",0,0.0737546346782988,4.09420467963322e-18,0.260663507109005,0.0368773173391494,1.11022302462516e-16
"Streptococcus_infantis",0.834158415841584,0,0,0,0.417079207920792,0
"Butyrivibrio_hungatei",0,0.515125408942203,0,0,0.257562704471101,0
"Streptococcus_vestibularis",0,0.515125408942203,0,0,0.257562704471101,0
"Eubacterium_saphenum",0,0.515125408942203,0,0,0.257562704471101,0
"Leptotrichia_buccalis",0,0.515125408942203,0,0,0.257562704471101,0
"Neisseria_cinerea",0,0.515125408942203,0,0,0.257562704471101,0
"Neisseria_sicca",0,0.515125408942203,0,0,0.257562704471101,0
"Prevotella_baroniae",0,0.515125408942203,0,0,0.257562704471101,0
"Treponema_denticola",0,0.515125408942203,0,0,0.257562704471101,0
"Eubacterium_brachy",0,0.0788974918211559,0,0,0.039448745910578,0
"Prevotella_denticola",0,0.515125408942203,0,0,0.257562704471101,0
"Prevotella_scopos",0,0.515125408942203,0,0,0.257562704471101,0
"Actinomyces_oris",0,0.283887313704108,0,0,0.141943656852054,0
"Streptococcus_cristatus",0,0.198553980370774,0,0,0.0992769901853871,0
"Terrahaemophilus_aromaticivorans",0,0.515125408942203,0,0,0.257562704471101,0
"Propionigenium_maris",0,0.515125408942203,0,0,0.257562704471101,0
"Actinomyces_meyeri",0,0.0577142857142857,0,0,0.0288571428571429,0
"Bergeyella_zoohelcum",0,0.895945474372955,0,0,0.447972737186478,0
"Eubacterium_nodatum",0,0.515125408942203,0,0,0.257562704471101,0
"Neisseria_pharyngis",0,0.515125408942203,0,0,0.257562704471101,0
"Anaeroglobus_geminatus",0,0.515125408942203,0,0,0.257562704471101,0
"Olsenella_uli",0,0.515125408942203,0,0,0.257562704471101,0
"Treponema_refringens",0,0.515125408942203,0,0,0.257562704471101,0
"Treponema_pedis",0,0.515125408942203,0,0,0.257562704471101,0
"Campylobacter_curvus",0,0.895945474372955,0,0,0.447972737186478,0
"Prevotella_bivia",0,0.515125408942203,0,0,0.257562704471101,0
"Schwartzia_succinivorans",0,0.515125408942203,0,0,0.257562704471101,0
"Actinomyces_hyovaginalis",0,0.515125408942203,0,0,0.257562704471101,0
"Actinomyces_gerencseriae",0,0.283887313704108,0,0,0.141943656852054,0
"Selenomonas_noxia",0,0.515125408942203,0,0,0.257562704471101,0
"Bifidobacterium_dentium",0,0.515125408942203,0,0,0.257562704471101,0
"Porphyromonas_gingivalis",0,0.0211832061068702,0,0,0.0105916030534351,0
"Streptococcus_sobrinus",0,0.515125408942203,0,0,0.257562704471101,0
"Streptococcus_agalactiae",0,0.515125408942203,0,0,0.257562704471101,0
"Bacteroides_intestinalis",0,0.515125408942203,0,0,0.257562704471101,0
"Helicobacter_pylori",0,0.283887313704108,0,0,0.141943656852054,0
"Soonwooa_buanensis",0,0.515125408942203,0,0,0.257562704471101,0
"Slackia_exigua",0,0.515125408942203,0,0,0.257562704471101,0
"Actinomyces_viscosus",0,0.118897491821156,0,0,0.059448745910578,0
"Streptococcus_sinensis",0,0.118897491821156,0,0,0.059448745910578,0
"Cardiobacterium_valvarum",0,0.515125408942203,0,0,0.257562704471101,0
"Corynebacterium_argentoratense",0,0.515125408942203,0,0,0.257562704471101,0
"Howardella_ureilytica",0,0.515125408942203,0,0,0.257562704471101,0
"Parascardovia_denticolens",0,0.515125408942203,0,0,0.257562704471101,0
"Streptobacillus_moniliformis",0,0.515125408942203,0,0,0.257562704471101,0
"Prevotella_oralis",0,0.515125408942203,0,0,0.257562704471101,0
"Pseudomonas_aeruginosa",0,0.515125408942203,0,0,0.257562704471101,0
"Treponema_amylovorum",0,0.198553980370774,0,0,0.0992769901853871,0
"Shuttleworthia_satelles",0,0.515125408942203,0,0,0.257562704471101,0
"Treponema_lecithinolyticum",0,0.515125408942203,0,0,0.257562704471101,0
"Neisseria_macacae",0,0.515125408942203,0,0,0.257562704471101,0
"Selenomonas_flueggei",0,0.118897491821156,0,0,0.059448745910578,0
"Lactobacillus_reuteri",0,0.515125408942203,0,0,0.257562704471101,0
"Mycoplasma_salivarium",0,0.515125408942203,0,0,0.257562704471101,0
"Mobiluncus_curtisii",0,0.515125408942203,0,0,0.257562704471101,0
"Simonsiella_muelleri",0,0.515125408942203,0,0,0.257562704471101,0
"Capnocytophaga_ochracea",0,0.515125408942203,0,0,0.257562704471101,0
"Bulleidia_extructa",0,0.515125408942203,0,0,0.257562704471101,0
"Haemophilus_parahaemolyticus",0,0.515125408942203,0,0,0.257562704471101,0
"Lactobacillus_salivarius",0,0.515125408942203,0,0,0.257562704471101,0
"Capnocytophaga_haemolytica",0,0.515125408942203,0,0,0.257562704471101,0
"Clostridium_aminobutyricum",0,0.515125408942203,0,0,0.257562704471101,0
"Actinomyces_cardiffensis",0,0.515125408942203,0,0,0.257562704471101,0
"Mobiluncus_mulieris",0,0.515125408942203,0,0,0.257562704471101,0
"Escherichia_coli",0,0.725411123227917,0,0,0.362705561613959,0
"Leptotrichia_goodfellowii",0,0.515125408942203,0,0,0.257562704471101,0
"Selenomonas_bovis",0,0.515125408942203,0,0,0.257562704471101,0
"Lactobacillus_fermentum",0,0.515125408942203,0,0,0.257562704471101,0
"Eggerthia_catenaformis",0,0.515125408942203,0,0,0.257562704471101,0
"Granulicatella_elegans",0,0.118897491821156,0,0,0.059448745910578,0
"Cryptobacterium_curtum",0,0.515125408942203,0,0,0.257562704471101,0
"Lactococcus_lactis",0,0.118897491821156,0,0,0.059448745910578,0
"Phocaeicola_abscessus",0,0.515125408942203,0,0,0.257562704471101,0
"Campylobacter_rectus",0,0.515125408942203,0,0,0.257562704471101,0
"Streptococcus_constellatus",0,0.515125408942203,0,0,0.257562704471101,0
"Scardovia_wiggsiae",0,0.515125408942203,0,0,0.257562704471101,0
"Prevotella_saccharolytica",0,0.515125408942203,0,0,0.257562704471101,0
"Prevotella_buccae",0,0.515125408942203,0,0,0.257562704471101,0
"Alloscardovia_omnicolens",0,0.515125408942203,0,0,0.257562704471101,0
"Mogibacterium_timidum",0,0.515125408942203,0,0,0.257562704471101,0
"Streptococcus_mutans",0,0.515125408942203,0,0,0.257562704471101,0
"Streptococcus_anginosus",0,0.515125408942203,0,0,0.257562704471101,0
"Dialister_micraerophilus",0,0.515125408942203,0,0,0.257562704471101,0
"Aggregatibacter_aphrophilus",0,0.515125408942203,0,0,0.257562704471101,0
"Neisseria_mucosa",0,0.355468920392585,0,0,0.177734460196292,0
"Kingella_denitrificans",0,0.515125408942203,0,0,0.257562704471101,0
"Veillonella_denticariosi",0,0.895945474372955,0,0,0.447972737186478,0
"Neisseria_bacilliformis",0,0.515125408942203,0,0,0.257562704471101,0
"Lactobacillus_gasseri",0,0.515125408942203,0,0,0.257562704471101,0
"Selenomonas_artemidis",0,0.81074445656125,0,0,0.405372228280625,0
"Aggregatibacter_segnis",0,0.515125408942203,0,0,0.257562704471101,0
"Prevotella_multiformis",0,0.515125408942203,0,0,0.257562704471101,0
"Actinomyces_turicensis",0,0.515125408942203,0,0,0.257562704471101,0
"Sneathia_sanguinegens",0,0.515125408942203,0,0,0.257562704471101,0
"Selenomonas_dianae",0,0.515125408942203,0,0,0.257562704471101,0
"Treponema_maltophilum",0,0.198553980370774,0,0,0.0992769901853871,0
"Butyrivibrio_proteoclasticus",0,0.515125408942203,0,0,0.257562704471101,0
"Haemophilus_haemolyticus",0,0.515125408942203,0,0,0.257562704471101,0
"Moryella_indoligenes",0,0.515125408942203,0,0,0.257562704471101,0
"Veillonella_caviae",0,0.355468920392585,0,0,0.177734460196292,0
"Clostridium_phytofermentans",0,0.515125408942203,0,0,0.257562704471101,0
"Peptostreptococcus_anaerobius",0,0.515125408942203,0,0,0.257562704471101,0
"Staphylococcus_aureus",0,0.515125408942203,0,0,0.257562704471101,0
"Actinomyces_johnsonii",0,0.515125408942203,0,0,0.257562704471101,0
"Kingella_kingae",0,0.515125408942203,0,0,0.257562704471101,0
"Aggregatibacter_sp_oral_taxon_458",0,0.515125408942203,0,0,0.257562704471101,0
"Haemophilus_sp_HMSC71H05",0,0.515125408942203,0,0,0.257562704471101,0
"Streptococcus_sp_HMSC071D03",0,0.515125408942203,0,0,0.257562704471101,0
"Streptococcus_sp_HPH0090",0,0.515125408942203,0,0,0.257562704471101,0
