"","HAC_Score_RankScaled","HACK_16s","HACK_WGS","HAC_Exposure"
"Fusobacterium_periodonticum",1,1,1,0.957746478873239
"Lachnoanaerobaculum_umeaense",0.997991967871486,0.964656964656965,0.37280701754386,0.944835680751174
"Campylobacter_concisus",0.995983935742972,0.966735966735967,0.982456140350877,0.872065727699531
"Porphyromonas_catoniae",0.993975903614458,0.995841995841996,0.355263157894737,0.872065727699531
"Actinomyces_graevenitzii",0.991967871485944,0.968814968814969,0.881578947368421,1
"Prevotella_pallens",0.98995983935743,0.958419958419958,0.956140350877193,0.983568075117371
"Prevotella_melaninogenica",0.987951807228916,0.993762993762994,0.942982456140351,0.983568075117371
"Alloprevotella_rava",0.985943775100402,0.941787941787942,0.848684210526316,0.697183098591549
"Eubacterium_sulci",0.983935742971888,0.933471933471933,0.995614035087719,0.970657276995305
"Veillonella_rogosae",0.981927710843373,0.991683991683992,0.640350877192982,0.872065727699531
"Prevotella_veroralis",0.979919678714859,0.962577962577963,0.964912280701754,0.957746478873239
"Catonella_morbi",0.977911646586345,0.95010395010395,0.543859649122807,0.697183098591549
"Prevotella_shahii",0.975903614457831,0.972972972972973,0.907894736842105,0.872065727699531
"Eubacterium_yurii",0.973895582329317,0.979209979209979,0.43859649122807,0.386150234741784
"Haemophilus_parainfluenzae",0.971887550200803,0.985446985446986,0.87719298245614,0.922535211267606
"Cardiobacterium_hominis",0.969879518072289,0.981288981288981,0.837719298245614,0.906103286384977
"Neisseria_elongata",0.967871485943775,0.977130977130977,0.81140350877193,0.872065727699531
"Capnocytophaga_gingivalis",0.965863453815261,0.983367983367983,0.890350877192982,0.805164319248826
"Campylobacter_showae",0.963855421686747,0.970893970893971,0.763157894736842,0.805164319248826
"Leptotrichia_buccalis",0.961847389558233,0.997920997920998,0.815789473684211,0.676056338028169
"Leptotrichia_hofstadii",0.959839357429719,0.937629937629938,0.868421052631579,0.929577464788732
"Lachnoanaerobaculum_saburreum",0.957831325301205,0.862785862785863,0.802631578947368,0.990610328638498
"Streptococcus_lactarius",0.955823293172691,0.960498960498961,NA,0
"Prevotella_aurantiaca",0.953815261044177,0.945945945945946,NA,0.386150234741784
"Capnocytophaga_leadbetteri",0.951807228915663,0.98960498960499,0.789473684210526,0.727699530516432
"Cardiobacterium_valvarum",0.949799196787149,0.943866943866944,0.491228070175439,0
"Actinomyces_odontolyticus",0.947791164658635,0.866943866943867,0.934210526315789,0.970657276995305
"Haemophilus_pittmaniae",0.94578313253012,0.914760914760915,0.359649122807018,0.872065727699531
"Leptotrichia_wadei",0.943775100401606,0.704781704781705,0.820175438596491,0.997652582159624
"Oribacterium_sinus",0.941767068273092,0.920997920997921,0.896929824561403,0.983568075117371
"Propionibacterium_propionicum",0.939759036144578,0.935550935550936,0.223684210526316,0
"Leptotrichia_goodfellowii",0.937751004016064,0.952182952182952,0.0043859649122807,0.892018779342723
"Prevotella_oulorum",0.93574297188755,0.883575883575884,0.144736842105263,0.992957746478873
"Prevotella_salivae",0.933734939759036,0.898128898128898,0.807017543859649,0.805164319248826
"Prevotella_loescheii",0.931726907630522,0.987525987525988,0.543859649122807,0.805164319248826
"Neisseria_meningitidis",0.929718875502008,0.918918918918919,NA,0.386150234741784
"Leptotrichia_hongkongensis",0.927710843373494,0.781704781704782,NA,0.929577464788732
"Eubacterium_infirmum",0.92570281124498,0.646569646569647,0.903508771929825,0.97887323943662
"Streptococcus_mutans",0.923694779116466,0.881496881496882,0.37719298245614,0.970657276995305
"Orientia_tsutsugamushi",0.921686746987952,0.916839916839917,NA,0
"Actinomyces_massiliensis",0.919678714859438,0.925155925155925,0.307017543859649,0
"Neisseria_oralis",0.917670682730924,0.858627858627859,NA,0
"Streptobacillus_moniliformis",0.91566265060241,0.887733887733888,NA,0.805164319248826
"Neisseria_flavescens",0.913654618473896,0.975051975051975,0.684210526315789,0.929577464788732
"Gemella_sanguinis",0.911646586345382,0.82952182952183,0.973684210526316,0.747652582159624
"Corynebacterium_durum",0.909638554216867,0.929313929313929,0.171052631578947,0.988262910798122
"Porphyromonas_gingivalis",0.907630522088353,0.93970893970894,0.675438596491228,0.872065727699531
"Peptococcus_niger",0.905622489959839,0.879417879417879,NA,0.805164319248826
"Actinomyces_meyeri",0.903614457831325,0.852390852390852,0.635964912280702,0.906103286384977
"Corynebacterium_matruchotii",0.901606425702811,0.956340956340956,0.728070175438597,0.713615023474178
"Haemophilus_sputorum",0.899598393574297,0.869022869022869,0.43859649122807,0.872065727699531
"Streptococcus_australis",0.897590361445783,0.767151767151767,0.951754385964912,0.906103286384977
"Leptotrichia_trevisanii",0.895582329317269,0.954261954261954,NA,0.944835680751174
"Veillonella_tobetsuensis",0.893574297188755,0.837837837837838,0.657894736842105,0.386150234741784
"Neisseria_subflava",0.891566265060241,0.896049896049896,0.732456140350877,0.805164319248826
"Stomatobaculum_longum",0.889558232931727,0.931392931392931,0.896929824561403,0.747652582159624
"Treponema_vincentii",0.887550200803213,0.85031185031185,0.776315789473684,0.727699530516432
"Aggregatibacter_segnis",0.885542168674699,0.908523908523909,0.614035087719298,0.711267605633803
"Shuttleworthia_satelles",0.883534136546185,0.844074844074844,0.346491228070175,0
"Veillonella_sp_T11011_6",0.881526104417671,NA,0.991228070175439,NA
"Atopobium_parvulum",0.879518072289157,0.875259875259875,0.916666666666667,0.747652582159624
"Capnocytophaga_sputigena",0.877510040160643,0.88981288981289,0.828947368421053,0.805164319248826
"Kingella_oralis",0.875502008032129,0.927234927234927,0.714912280701754,0.970657276995305
"Prevotella_maculosa",0.873493975903614,0.910602910602911,0.151315789473684,0.957746478873239
"Selenomonas_dianae",0.8714859437751,0.860706860706861,NA,0.681924882629108
"Solobacterium_moorei",0.869477911646586,0.891891891891892,0.793859649122807,0.805164319248826
"Prevotella_micans",0.867469879518072,0.871101871101871,0.157894736842105,0
"Rothia_aeria",0.865461847389558,0.948024948024948,0.692982456140351,0.707746478873239
"Capnocytophaga_haemolytica",0.863453815261044,0.854469854469854,0.603070175438597,0
"Neisseria_mucosa",0.86144578313253,0.9002079002079,0.0263157894736842,0.970657276995305
"Lachnospiraceae_bacterium_oral_taxon_096",0.859437751004016,NA,0.960526315789474,NA
"Haemophilus_haemolyticus",0.857429718875502,0.841995841995842,0.710526315789474,0.386150234741784
"Veillonella_parvula",0.855421686746988,0.923076923076923,0.706140350877193,0.944835680751174
"Kingella_denitrificans",0.853413654618474,0.825363825363825,0.385964912280702,0.386150234741784
"Planobacterium_taklimakanense",0.85140562248996,0.893970893970894,NA,0
"Dialister_invisus",0.849397590361446,0.904365904365904,0.138157894736842,0.92018779342723
"Prevotella_nigrescens",0.847389558232932,0.821205821205821,0.662280701754386,0.944835680751174
"Capnocytophaga_ochracea",0.845381526104418,0.906444906444906,0.68859649122807,0.872065727699531
"Tannerella_forsythia",0.843373493975904,0.873180873180873,0.736842105263158,0.805164319248826
"Treponema_amylovorum",0.84136546184739,0.773388773388773,NA,0.872065727699531
"Aggregatibacter_aphrophilus",0.839357429718876,0.856548856548857,0.201754385964912,0.805164319248826
"Anaeroglobus_geminatus",0.837349397590361,0.827442827442827,0.543859649122807,0.727699530516432
"Haemophilus_parahaemolyticus",0.835341365461847,0.877338877338877,0.390350877192982,0
"Alloprevotella_tannerae",0.833333333333333,0.885654885654886,0.745614035087719,0.703051643192488
"Prevotella_stercorea",0.831325301204819,0.804573804573805,NA,0.386150234741784
"Streptococcus_peroris",0.829317269076305,0.69022869022869,0.491228070175439,0.906103286384977
"Brachymonas_denitrificans",0.827309236947791,0.823284823284823,NA,0.386150234741784
"Prevotella_denticola",0.825301204819277,0.711018711018711,0.861842105263158,0.929577464788732
"Prevotella_nanceiensis",0.823293172690763,0.750519750519751,NA,0.995305164319249
"Streptococcus_sanguinis",0.821285140562249,0.902286902286902,0.697368421052632,0.805164319248826
"Megasphaera_micronuciformis",0.819277108433735,0.912681912681913,0.798245614035088,0.805164319248826
"Catenibacterium_mitsuokai",0.817269076305221,0.835758835758836,NA,0.386150234741784
"Campylobacter_rectus",0.815261044176707,0.451143451143451,0.653508771929825,0
"Treponema_lecithinolyticum",0.813253012048193,0.681912681912682,0.337719298245614,0.906103286384977
"Prevotella_enoeca",0.811244979919679,0.752598752598753,0.491228070175439,0
"Mogibacterium_diversum",0.808232931726908,0.731808731808732,0.925438596491228,0.386150234741784
"Veillonella_infantium",0.808232931726908,NA,0.929824561403509,NA
"Klebsiella_pneumoniae",0.805220883534137,0.596673596673597,0.491228070175439,0.805164319248826
"Prevotella_sp_oral_taxon_306",0.803212851405622,NA,0.947368421052632,NA
"Campylobacter_gracilis",0.801204819277108,0.812889812889813,0.197368421052632,0.805164319248826
"Treponema_socranskii",0.799196787148594,0.794178794178794,0.328947368421053,0.727699530516432
"Leptotrichia_shahii",0.79718875502008,0.806652806652807,NA,0.970657276995305
"Actinomyces_lingnae",0.795180722891566,0.833679833679834,NA,0.747652582159624
"Porphyromonas_endodontalis",0.793172690763052,0.814968814968815,0.785087719298246,0.805164319248826
"Olsenella_profusa",0.791164658634538,0.817047817047817,0.184210526315789,0.906103286384977
"Streptococcus_salivarius",0.789156626506024,0.623700623700624,0.986842105263158,0.727699530516432
"Olsenella_uli",0.78714859437751,0.677754677754678,0.609649122807018,0.805164319248826
"Capnocytophaga_granulosa",0.785140562248996,0.727650727650728,0.543859649122807,0.727699530516432
"Fretibacterium_fastidiosum",0.783132530120482,0.715176715176715,0.0833333333333333,0.872065727699531
"Aggregatibacter_sp_oral_taxon_458",0.781124497991968,NA,0.833333333333333,NA
"Soonwooa_buanensis",0.779116465863454,0.8004158004158,NA,0.386150234741784
"Neisseria_shayeganii",0.77710843373494,0.756756756756757,NA,0.386150234741784
"Prevotella_histicola",0.775100401606426,0.738045738045738,0.885964912280702,0.805164319248826
"Sneathia_sanguinegens",0.773092369477912,0.546777546777547,NA,0.805164319248826
"Treponema_pedis",0.771084337349398,0.742203742203742,NA,0.906103286384977
"Butyrivibrio_fibrisolvens",0.769076305220884,0.792099792099792,NA,0
"Oribacterium_parvum",0.767068273092369,NA,0.93859649122807,NA
"Bacteroides_intestinalis",0.765060240963855,0.798336798336798,NA,0.386150234741784
"Streptococcus_infantis",0.763052208835341,0.787941787941788,0.969298245614035,0
"Prevotella_copri",0.761044176706827,0.810810810810811,NA,0.805164319248826
"Neisseria_bacilliformis",0.759036144578313,0.671517671517671,0.276315789473684,0.386150234741784
"Neisseria_canis",0.757028112449799,0.831600831600832,0.491228070175439,0
"Johnsonella_ignava",0.755020080321285,0.77962577962578,0.412280701754386,0.386150234741784
"Actinomyces_georgiae",0.753012048192771,0.775467775467775,0.206140350877193,0
"Prevotella_pleuritidis",0.751004016064257,0.615384615384615,0.848684210526316,0.690140845070423
"Eubacterium_brachy",0.748995983935743,0.760914760914761,0.649122807017544,0.906103286384977
"Actinobacillus_rossii",0.746987951807229,0.771309771309771,NA,0
"Peptostreptococcus_stomatis",0.744979919678715,0.656964656964657,0.723684210526316,0.944835680751174
"Treponema_denticola",0.742971887550201,0.754677754677755,0.219298245614035,0.872065727699531
"Selenomonas_infelix",0.740963855421687,0.686070686070686,0.543859649122807,0.805164319248826
"Actinomyces_sp_HMSC035G02",0.738955823293173,NA,0.861842105263158,NA
"Filifactor_alocis",0.736947791164659,0.846153846153846,0.232456140350877,0.727699530516432
"Veillonella_denticariosi",0.734939759036145,0.688149688149688,0.412280701754386,0
"Selenomonas_noxia",0.732931726907631,0.864864864864865,0.236842105263158,0.678403755868545
"Eggerthia_catenaformis",0.730923694779116,0.465696465696466,0.320175438596491,0.805164319248826
"Prevotella_saccharolytica",0.728915662650602,0.796257796257796,0.0482456140350877,0.906103286384977
"Pasteurella_pneumotropica",0.726907630522088,0.723492723492724,NA,0.386150234741784
"Faecalibacterium_prausnitzii",0.724899598393574,0.785862785862786,NA,0.386150234741784
"Haemophilus_influenzae",0.72289156626506,0.64033264033264,0.43859649122807,0.872065727699531
"Streptococcus_pyogenes",0.720883534136546,0.731808731808732,NA,0.805164319248826
"Bergeyella_zoohelcum",0.718875502008032,0.762993762993763,NA,0.386150234741784
"Granulicatella_elegans",0.716867469879518,0.758835758835759,0.758771929824561,0.703051643192488
"Prevotella_ruminicola",0.714859437751004,0.748440748440748,NA,0
"Bacteroides_vulgatus",0.71285140562249,0.777546777546778,NA,0
"Eubacterium_nodatum",0.710843373493976,0.765072765072765,0.578947368421053,0.906103286384977
"Abiotrophia_defectiva",0.708835341365462,0.783783783783784,0.603070175438597,0.707746478873239
"Streptococcus_thermophilus",0.706827309236948,0.698544698544699,0.271929824561404,0.944835680751174
"Acinetobacter_johnsonii",0.704819277108434,0.74012474012474,NA,0.386150234741784
"Prevotella_baroniae",0.70281124497992,0.648648648648649,0.43859649122807,0.805164319248826
"Actinomyces_sp_oral_taxon_181",0.700803212851406,NA,0.824561403508772,NA
"Eubacterium_biforme",0.698795180722892,0.706860706860707,NA,NA
"Centipeda_periodontii",0.696787148594378,0.83991683991684,0.491228070175439,0.805164319248826
"Actinomyces_turicensis",0.694779116465863,0.731808731808732,NA,0.386150234741784
"Actinomyces_sp_ICM47",0.692771084337349,NA,0.780701754385965,NA
"Fusobacterium_nucleatum",0.690763052208835,0.744282744282744,0.666666666666667,0.747652582159624
"Streptococcus_parasanguinis",0.688755020080321,0.665280665280665,0.87280701754386,0.697183098591549
"Gemella_morbillorum",0.686746987951807,0.661122661122661,0.087719298245614,0.906103286384977
"Dorea_longicatena",0.684738955823293,0.746361746361746,NA,0.386150234741784
"Gemella_haemolysans",0.682730923694779,0.819126819126819,0.719298245614035,0.944835680751174
"Methylobacterium_jeotgali",0.680722891566265,0.721413721413721,NA,0.386150234741784
"Atopobium_rimae",0.678714859437751,0.769230769230769,0.767543859649123,0.747652582159624
"Lautropia_mirabilis",0.676706827309237,0.848232848232848,0.280701754385965,0.727699530516432
"Leptotrichia_sp_oral_taxon_215",0.674698795180723,NA,0.771929824561403,NA
"Lachnoanaerobaculum_orale",0.672690763052209,0.700623700623701,NA,0.805164319248826
"Dialister_succinatiphilus",0.670682730923695,0.702702702702703,NA,0.386150234741784
"Mycoplasma_faucium",0.668674698795181,0.717255717255717,NA,0.805164319248826
"Treponema_medium",0.666666666666667,0.675675675675676,0.842105263157895,0.805164319248826
"Prevotella_jejuni",0.664658634538153,0.67983367983368,0.855263157894737,0.386150234741784
"Actinomyces_gerencseriae",0.662650602409639,0.735966735966736,NA,0.386150234741784
"Rothia_mucilaginosa",0.660642570281124,0.636174636174636,0.921052631578947,0.747652582159624
"Parvimonas_micra",0.65863453815261,0.725571725571726,0.267543859649123,0.944835680751174
"Eikenella_corrodens",0.656626506024096,0.708939708939709,0.631578947368421,0.805164319248826
"Slackia_exigua",0.654618473895582,0.802494802494803,0.151315789473684,0.386150234741784
"Actinomyces_hyovaginalis",0.652610441767068,0.650727650727651,NA,0
"Prevotella_buccae",0.650602409638554,0.694386694386694,0.285087719298246,0.805164319248826
"Streptococcus_oligofermentans",0.64859437751004,0.669438669438669,NA,0.386150234741784
"Mogibacterium_timidum",0.646586345381526,0.634095634095634,0.491228070175439,0.386150234741784
"Selenomonas_sputigena",0.644578313253012,0.652806652806653,0.543859649122807,0.805164319248826
"Streptococcus_cristatus",0.642570281124498,0.62993762993763,0.701754385964912,0.386150234741784
"Treponema_succinifaciens",0.640562248995984,0.332640332640333,NA,0.805164319248826
"Propionibacterium_acnes",0.63855421686747,0.659043659043659,0.228070175438596,0.386150234741784
"Porphyromonas_somerae",0.636546184738956,0.399168399168399,0.75,0.386150234741784
"Veillonella_atypica",0.634538152610442,0.588357588357588,0.912280701754386,0.685446009389671
"Morococcus_cerebrosus",0.632530120481928,0.621621621621622,0.100877192982456,0.386150234741784
"Dialister_pneumosintes",0.630522088353414,0.713097713097713,0.138157894736842,0.727699530516432
"Prevotella_intermedia",0.6285140562249,0.808731808731809,0.574561403508772,0.872065727699531
"Bacillus_pumilus",0.626506024096386,0.696465696465696,NA,0
"Lactococcus_lactis",0.624497991967871,0.61954261954262,0.543859649122807,0
"Bacillus_cereus",0.622489959839357,0.667359667359667,NA,0
"Treponema_maltophilum",0.620481927710843,0.632016632016632,0.0745614035087719,0.872065727699531
"Selenomonas_artemidis",0.618473895582329,0.600831600831601,0.254385964912281,0.805164319248826
"Veillonella_caviae",0.616465863453815,0.654885654885655,NA,0.386150234741784
"Schwartzia_succinivorans",0.614457831325301,0.79002079002079,NA,0.690140845070423
"Veillonella_dispar",0.612449799196787,0.607068607068607,0.978070175438597,0.690140845070423
"Actinomyces_naeslundii",0.610441767068273,0.719334719334719,0.109649122807018,0.805164319248826
"Prevotella_marshii",0.608433734939759,0.326403326403326,0.25,0.805164319248826
"Pseudomonas_putida",0.606425702811245,0.627858627858628,NA,0.386150234741784
"Acinetobacter_lwoffii",0.604417670682731,0.642411642411642,NA,0.386150234741784
"Kingella_potus",0.602409638554217,0.644490644490645,NA,0.386150234741784
"Neisseria_sicca",0.600401606425703,0.145530145530146,0.754385964912281,0.386150234741784
"Bulleidia_extructa",0.598393574297189,0.602910602910603,0.364035087719298,0.805164319248826
"Bifidobacterium_longum",0.596385542168675,0.692307692307692,0.192982456140351,0.386150234741784
"Rothia_dentocariosa",0.594377510040161,0.683991683991684,0.565789473684211,0.747652582159624
"Prevotella_scopos",0.592369477911647,0.557172557172557,0.679824561403509,0.386150234741784
"Moryella_indoligenes",0.590361445783133,0.511434511434511,NA,0
"Simonsiella_muelleri",0.588353413654618,0.550935550935551,0.245614035087719,0.386150234741784
"Cryptobacterium_curtum",0.586345381526104,0.611226611226611,0.324561403508772,0.386150234741784
"Streptococcus_suis",0.58433734939759,0.463617463617464,NA,0
"Anaerostipes_hadrus",0.582329317269076,0.559251559251559,NA,0.386150234741784
"Treponema_refringens",0.580321285140562,0.59043659043659,NA,0.386150234741784
"Streptococcus_sp_A12",0.578313253012048,NA,0.62719298245614,NA
"Terrahaemophilus_aromaticivorans",0.576305220883534,0.625779625779626,NA,0.386150234741784
"Mobiluncus_mulieris",0.57429718875502,0.488565488565489,NA,0
"Streptococcus_oralis",0.572289156626506,0.638253638253638,0.644736842105263,0.929577464788732
"Selenomonas_flueggei",0.570281124497992,0.586278586278586,0.491228070175439,0.805164319248826
"Prevotella_oris",0.568273092369478,0.663201663201663,0.62280701754386,0.805164319248826
"Megasphaera_elsdenii",0.566265060240964,0.617463617463617,NA,0.386150234741784
"Butyrivibrio_hungatei",0.56425702811245,0.598752598752599,NA,0
"Prevotella_paludivivens",0.562248995983936,0.58004158004158,NA,0.386150234741784
"Streptococcus_pneumoniae",0.560240963855422,0.594594594594595,0.0614035087719298,0.805164319248826
"Prevotella_oralis",0.558232931726908,0.582120582120582,0.118421052631579,0.805164319248826
"Eubacterium_saphenum",0.556224899598394,0.673596673596674,0.596491228070175,0
"Odoribacter_denticanis",0.55421686746988,0.571725571725572,NA,0.386150234741784
"Escherichia_coli",0.552208835341365,0.577962577962578,NA,0.386150234741784
"Campylobacter_mucosalis",0.550200803212851,0.453222453222453,NA,0.386150234741784
"Haemophilus_haemoglobinophilus",0.548192771084337,0.521829521829522,NA,0
"Riemerella_anatipestifer",0.546184738955823,0.544698544698545,NA,0.386150234741784
"Prevotella_corporis",0.544176706827309,0.592515592515592,NA,0.386150234741784
"Neisseria_perflava",0.542168674698795,NA,0.368421052631579,NA
"Prevotella_fusca",0.540160642570281,0.528066528066528,0.289473684210526,0.386150234741784
"Eubacterium_rectale",0.538152610441767,0.53014553014553,NA,0.386150234741784
"Streptococcus_gordonii",0.536144578313253,0.351351351351351,0.741228070175439,0.962441314553991
"Mycoplasma_orale",0.534136546184739,0.525987525987526,NA,0.386150234741784
"Bacteroides_thetaiotaomicron",0.532128514056225,0.513513513513513,NA,0.386150234741784
"Natranaerovirga_hydrolytica",0.529116465863454,0.523908523908524,NA,NA
"Ottowia_pentelensis",0.529116465863454,0.567567567567568,NA,NA
"Sporanaerobacter_acetigenes",0.526104417670683,0.565488565488566,NA,0.386150234741784
"Phocaeicola_abscessus",0.524096385542169,0.517671517671518,NA,0.805164319248826
"Tannerella_sp_oral_taxon_HOT_286",0.522088353413655,NA,0.618421052631579,NA
"Veillonella_ratti",0.520080321285141,0.536382536382536,NA,0.386150234741784
"Clostridium_aminobutyricum",0.518072289156627,0.555093555093555,NA,0.386150234741784
"Streptococcus_uberis",0.516064257028112,0.420997920997921,NA,0
"Bacteroides_coprocola",0.514056224899598,0.575883575883576,NA,0.386150234741784
"Desulfobulbus_rhabdoformis",0.512048192771084,0.534303534303534,NA,0.386150234741784
"Moraxella_bovoculi",0.51004016064257,0.561330561330561,NA,NA
"Selenomonas_bovis",0.508032128514056,0.444906444906445,NA,0
"Neisseria_dentiae",0.506024096385542,0.48024948024948,NA,0
"Collinsella_aerofaciens",0.504016064257028,0.573804573804574,NA,0.386150234741784
"Bacteroides_heparinolyticus",0.502008032128514,0.540540540540541,0.333333333333333,0.386150234741784
"Atopobium_vaginae",0.5,0.482328482328482,0.491228070175439,0
"Haemophilus_parasuis",0.497991967871486,0.542619542619543,NA,0.386150234741784
"Ornatilinea_apprima",0.495983935742972,0.553014553014553,NA,0.386150234741784
"Streptococcus_constellatus",0.493975903614458,0.584199584199584,NA,0.386150234741784
"Campylobacter_curvus",0.491967871485944,0.494802494802495,0.263157894736842,0.386150234741784
"Streptococcus_sobrinus",0.48995983935743,0.56964656964657,0.114035087719298,0.386150234741784
"Actinomyces_oris",0.487951807228916,0.515592515592516,0.671052631578947,0
"Clostridium_ultunense",0.485943775100402,0.51975051975052,NA,0.386150234741784
"Barnesiella_viscericola",0.483935742971888,0.501039501039501,NA,0.386150234741784
"Sutterella_wadsworthensis",0.481927710843373,0.548856548856549,NA,0.386150234741784
"Fusobacterium_russii",0.479919678714859,0.457380457380457,NA,0.386150234741784
"Streptococcus_agalactiae",0.477911646586345,0.609147609147609,NA,0.386150234741784
"Alysiella_crassa",0.475903614457831,0.438669438669439,NA,0.386150234741784
"Desulfomicrobium_orale",0.473895582329317,0.459459459459459,0.381578947368421,0.386150234741784
"Prevotella_falsenii",0.471887550200803,0.538461538461538,NA,0.386150234741784
"Gemella_cuniculi",0.469879518072289,0.43035343035343,NA,0.386150234741784
"Eubacterium_hallii",0.467871485943775,0.471933471933472,NA,0.386150234741784
"Ruminococcus_bromii",0.465863453815261,0.604989604989605,NA,0
"Bergeriella_denitrificans",0.463855421686747,0.478170478170478,NA,0.386150234741784
"Blautia_luti",0.461847389558233,0.505197505197505,NA,0.386150234741784
"Actinomyces_suimastitidis",0.459839357429719,0.490644490644491,NA,0.386150234741784
"Mannheimia_granulomatis",0.457831325301205,0.455301455301455,NA,0.386150234741784
"Chryseobacterium_kwangjuense",0.455823293172691,0.509355509355509,NA,0.386150234741784
"Bacteroides_pyogenes",0.453815261044177,0.496881496881497,NA,0.386150234741784
"Bradyrhizobium_elkanii",0.451807228915663,0.420997920997921,NA,0
"Moraxella_lacunata",0.449799196787149,0.440748440748441,NA,0.386150234741784
"Paraprevotella_clara",0.447791164658635,0.532224532224532,NA,0.386150234741784
"Corynebacterium_jeikeium",0.44578313253012,0.467775467775468,NA,0.386150234741784
"Veillonella_montpellierensis",0.443775100401606,0.446985446985447,NA,0
"Haemophilus_quentini",0.441767068273092,NA,0.592105263157895,NA
"Leptotrichia_amnionii",0.439759036144578,0.201663201663202,0.543859649122807,0.386150234741784
"Mobiluncus_curtisii",0.437751004016064,0.334719334719335,NA,0.386150234741784
"Roseburia_faecis",0.43574297188755,0.324324324324324,NA,0.386150234741784
"Campylobacter_lanienae",0.433734939759036,0.313929313929314,NA,NA
"Coprococcus_comes",0.431726907630522,0.46985446985447,NA,0.386150234741784
"Selenomonas_ruminantium",0.429718875502008,0.474012474012474,NA,0
"Eubacterium_coprostanoligenes",0.427710843373494,0.374220374220374,NA,0.386150234741784
"Prevotella_amnii",0.42570281124498,0.37006237006237,NA,0
"Alkaliphilus_crotonatoxidans",0.423694779116466,0.563409563409563,NA,0
"Prevotella_sp_oral_taxon_473",0.421686746987952,NA,0.491228070175439,NA
"Conchiformibius_steedae",0.417670682730924,0.411642411642412,NA,0.386150234741784
"Actinomyces_funkei",0.417670682730924,0.399168399168399,NA,0.386150234741784
"Kingella_kingae",0.417670682730924,0.420997920997921,0.491228070175439,0.386150234741784
"Streptococcus_vestibularis",0.410642570281124,0.0332640332640333,0.491228070175439,0.386150234741784
"Mycoplasma_feliminutum",0.410642570281124,0.411642411642412,NA,0.386150234741784
"Mogibacterium_neglectum",0.410642570281124,0.420997920997921,NA,0.386150234741784
"Prevotella_albensis",0.410642570281124,0.230769230769231,NA,0.386150234741784
"Actinomyces_howellii",0.402610441767068,0.411642411642412,NA,0.386150234741784
"Propionigenium_maris",0.402610441767068,0.411642411642412,NA,NA
"Mycoplasma_hyosynoviae",0.402610441767068,0.378378378378378,NA,0.386150234741784
"Gemella_bergeri",0.402610441767068,0.411642411642412,NA,0.386150234741784
"Actinobacillus_minor",0.397590361445783,0.399168399168399,NA,0.386150234741784
"Eubacterium_eligens",0.395582329317269,0.432432432432432,NA,0.386150234741784
"Neisseria_cinerea",0.393574297188755,0.197505197505198,0.587719298245614,0.386150234741784
"Enterococcus_faecium",0.391566265060241,0.349272349272349,NA,0
"Vagococcus_lutrae",0.389558232931727,0.486486486486487,NA,0
"Aggregatibacter_actinomycetemcomitans",0.387550200803213,0.476091476091476,0.258771929824561,0.386150234741784
"Bacteroides_eggerthii",0.385542168674699,0.399168399168399,NA,0.386150234741784
"Butyrivibrio_proteoclasticus",0.383534136546185,0.434511434511435,NA,0.386150234741784
"Mannheimia_haemolytica",0.381526104417671,0.399168399168399,NA,0.386150234741784
"Phascolarctobacterium_succinatutens",0.379518072289157,0.357588357588358,NA,0.386150234741784
"Scardovia_inopinata",0.377510040160643,0.124740124740125,0.43859649122807,0
"Actinobaculum_schaalii",0.375502008032129,0.38045738045738,NA,0.386150234741784
"Desulfovibrio_fairfieldensis",0.373493975903614,0.461538461538462,NA,0
"Neisseria_pharyngis",0.3714859437751,0.363825363825364,NA,0.386150234741784
"Flavonifractor_plautii",0.369477911646586,0.318087318087318,NA,0.386150234741784
"Clostridium_hylemonae",0.367469879518072,0.436590436590437,NA,0.386150234741784
"Gemella_palaticanis",0.365461847389558,0.237006237006237,NA,0
"Streptococcus_mitis",0.363453815261044,0.613305613305613,0.583333333333333,0.715962441314554
"Neisseria_macacae",0.36144578313253,0.390852390852391,0.342105263157895,0.386150234741784
"Peptoniphilus_lacrimalis",0.359437751004016,0.507276507276507,0.12280701754386,0
"Ruminococcus_torques",0.357429718875502,0.322245322245322,NA,0.386150234741784
"Clostridium_ruminantium",0.355421686746988,0.347193347193347,NA,0.386150234741784
"Eubacterium_siraeum",0.353413654618474,0.376299376299376,NA,0.386150234741784
"Mycoplasma_salivarium",0.35140562248996,0.386694386694387,NA,0.386150234741784
"Parabacteroides_goldsteinii",0.349397590361446,0.449064449064449,NA,0.386150234741784
"Prevotella_dentalis",0.347389558232932,0.203742203742204,0.0219298245614035,0
"Bacteroides_acidifaciens",0.345381526104418,0.361746361746362,NA,0.386150234741784
"Ralstonia_solanacearum",0.343373493975904,0.336798336798337,NA,0.386150234741784
"Peptostreptococcus_russellii",0.34136546184739,0.299376299376299,NA,NA
"Streptococcus_sinensis",0.339357429718876,0.484407484407484,0.0789473684210526,0
"Neisseria_sp_oral_taxon_014",0.337349397590361,NA,0.241228070175439,NA
"Streptococcus_massiliensis",0.335341365461847,0.399168399168399,NA,0.386150234741784
"Anaerovorax_odorimutans",0.333333333333333,0.32016632016632,NA,0.386150234741784
"Scardovia_wiggsiae",0.331325301204819,0.503118503118503,0.175438596491228,0.872065727699531
"Actinomyces_johnsonii",0.329317269076305,NA,0.0570175438596491,NA
"Clostridium_hathewayi",0.327309236947791,0.442827442827443,NA,0.386150234741784
"Actinobaculum_massiliense",0.325301204819277,0.251559251559252,NA,0
"Lactobacillus_amylovorus",0.323293172690763,0.372141372141372,NA,0
"Porphyromonas_gulae",0.321285140562249,0.492723492723493,NA,0
"Roseburia_hominis",0.319277108433735,0.388773388773389,NA,0.386150234741784
"Prevotella_multiformis",0.317269076305221,0.249480249480249,0.179824561403509,0.386150234741784
"Acidaminococcus_intestini",0.315261044176707,0.328482328482329,NA,0.386150234741784
"Bacteroides_cellulosilyticus",0.313253012048193,0.343035343035343,NA,0
"Parascardovia_denticolens",0.311244979919679,0.239085239085239,0.570175438596491,0.386150234741784
"Dialister_micraerophilus",0.309236947791165,0.147609147609148,0.166666666666667,0.386150234741784
"Oscillospira_guilliermondii",0.307228915662651,0.428274428274428,NA,0.386150234741784
"Bacteroides_zoogleoformans",0.305220883534137,0.288981288981289,0.0921052631578947,0.386150234741784
"Actinomyces_bowdenii",0.303212851405622,0.384615384615385,NA,0
"Actinomyces_oricola",0.301204819277108,0.191268191268191,NA,0.386150234741784
"Desulfobulbus_propionicus",0.299196787148594,0.303534303534304,NA,0
"Oscillibacter_valericigenes",0.29718875502008,0.180873180873181,NA,0.386150234741784
"Streptococcus_pseudopneumoniae",0.295180722891566,0.182952182952183,0.298245614035088,0.386150234741784
"Lactobacillus_delbrueckii",0.293172690763052,0.154885654885655,0.0526315789473684,0
"Bacteroides_massiliensis",0.291164658634538,0.35966735966736,NA,0
"Dialister_propionicifaciens",0.289156626506024,0.355509355509356,NA,0.386150234741784
"Lactobacillus_iners",0.28714859437751,0.498960498960499,NA,0.386150234741784
"Eubacterium_desmolans",0.285140562248996,0.301455301455301,NA,0.386150234741784
"Treponema_pectinovorum",0.283132530120482,0.243243243243243,NA,0.386150234741784
"Moraxella_boevrei",0.281124497991968,0.365904365904366,NA,0.386150234741784
"Lactobacillus_ruminis",0.279116465863454,0.305613305613306,NA,0.386150234741784
"Pseudomonas_fluorescens",0.27710843373494,0.293139293139293,NA,0
"Chryseobacterium_piscicola",0.275100401606426,0.280665280665281,NA,0.386150234741784
"Treponema_bryantii",0.273092369477912,0.193347193347193,NA,NA
"Actinobacillus_porcinus",0.271084337349398,0.27027027027027,NA,0
"Snodgrassella_alvi",0.269076305220884,0.241164241164241,NA,0.386150234741784
"Clostridium_leptum",0.267068273092369,0.0353430353430353,NA,0.386150234741784
"Ruminococcus_flavefaciens",0.265060240963855,0.382536382536383,NA,0.386150234741784
"Prevotella_timonensis",0.263052208835341,0.30977130977131,0.293859649122807,0.386150234741784
"Lactobacillus_mucosae",0.261044176706827,0.0997920997920998,NA,0
"Porphyromonas_uenonis",0.259036144578313,0.17047817047817,0.403508771929825,0
"Mycoplasma_spermatophilum",0.257028112449799,0.338877338877339,NA,0.386150234741784
"Helicobacter_pylori",0.255020080321285,0.367983367983368,NA,0.386150234741784
"Bacteroides_stercoris",0.253012048192771,0.272349272349272,NA,0.386150234741784
"Clostridium_scindens",0.251004016064257,0.245322245322245,NA,NA
"Alistipes_shahii",0.248995983935743,0.207900207900208,NA,0.386150234741784
"Eubacterium_minutum",0.246987951807229,0.311850311850312,0.543859649122807,0.386150234741784
"Eubacterium_ventriosum",0.244979919678715,0.217255717255717,NA,0.386150234741784
"Elizabethkingia_meningoseptica",0.242971887550201,0.426195426195426,NA,0.386150234741784
"Sediminibacterium_salmoneum",0.240963855421687,0.143451143451143,NA,0.386150234741784
"Granulicatella_adiacens",0.238955823293173,0.295218295218295,0.131578947368421,0.673708920187793
"Anaerococcus_octavius",0.236947791164659,0.330561330561331,NA,0
"Veillonella_criceti",0.234939759036145,0.268191268191268,NA,0.386150234741784
"Granulicatella_balaenopterae",0.232931726907631,0.187110187110187,NA,0.386150234741784
"Pseudomonas_aeruginosa",0.230923694779116,0.228690228690229,NA,0.386150234741784
"Ruminofilibacter_xylanolyticum",0.228915662650602,0.274428274428274,NA,0
"Clostridium_symbiosum",0.226907630522088,0.158004158004158,NA,NA
"Pseudoflavonifractor_capillosus",0.224899598393574,0.14968814968815,NA,0.386150234741784
"Alistipes_putredinis",0.22289156626506,0.079002079002079,NA,0.386150234741784
"Micrococcus_luteus",0.220883534136546,0.316008316008316,NA,0.386150234741784
"Clostridium_disporicum",0.218875502008032,0.151767151767152,NA,0.386150234741784
"Actinobacillus_succinogenes",0.216867469879518,0.174636174636175,NA,0.386150234741784
"Acinetobacter_calcoaceticus",0.214859437751004,0.276507276507277,NA,0.386150234741784
"Prevotella_bergensis",0.21285140562249,0.154885654885655,NA,0.386150234741784
"Bilophila_wadsworthia",0.210843373493976,0.217255717255717,NA,0.386150234741784
"Treponema_putidum",0.208835341365462,0.307692307692308,0.0964912280701754,0.386150234741784
"Veillonella_rodentium",0.206827309236948,0.0935550935550936,0.43859649122807,0.386150234741784
"Ruminococcus_callidus",0.204819277108434,0.284823284823285,NA,0.386150234741784
"Neisseria_lactamica",0.20281124497992,0.0706860706860707,0.43859649122807,0.386150234741784
"Lactobacillus_vaginalis",0.200803212851406,0.345114345114345,0.315789473684211,0.386150234741784
"Veillonella_magna",0.198795180722892,0.261954261954262,NA,0.386150234741784
"Porphyromonas_asaccharolytica",0.196787148594378,0.340956340956341,0.0087719298245614,0.386150234741784
"Lactobacillus_helveticus",0.194779116465863,0.168399168399168,NA,0.386150234741784
"Propionibacterium_acidifaciens",0.192771084337349,0.108108108108108,0.0307017543859649,0.386150234741784
"Ruminococcus_gnavus",0.190763052208835,0.118503118503119,NA,0.386150234741784
"Eubacterium_ramulus",0.188755020080321,0.212058212058212,NA,0.386150234741784
"Peptostreptococcus_anaerobius",0.186746987951807,0.11018711018711,NA,0.386150234741784
"Corynebacterium_argentoratense",0.184738955823293,0.130977130977131,0.105263157894737,0
"Gardnerella_vaginalis",0.182730923694779,0.291060291060291,0.0657894736842105,0.386150234741784
"Murdochiella_asaccharolytica",0.180722891566265,0.214137214137214,NA,0.386150234741784
"Ruminococcus_albus",0.178714859437751,0.189189189189189,NA,0.386150234741784
"Lactobacillus_frumenti",0.176706827309237,0.399168399168399,NA,0.386150234741784
"Corynebacterium_tuberculostearicum",0.174698795180723,0.286902286902287,NA,0.386150234741784
"Actinomyces_cardiffensis",0.172690763052209,0.297297297297297,0.162280701754386,0.386150234741784
"Prevotella_disiens",0.170682730923695,0.266112266112266,0.412280701754386,0.386150234741784
"Bacteroides_uniformis",0.168674698795181,0.282744282744283,NA,0
"Enterococcus_italicus",0.166666666666667,0.222453222453222,NA,0
"Bifidobacterium_breve",0.164658634538153,0.164241164241164,NA,0.386150234741784
"Azospira_oryzae",0.162650602409639,0.185031185031185,NA,NA
"Staphylococcus_epidermidis",0.160642570281124,0.116424116424116,0.491228070175439,0.386150234741784
"Bacteroides_ovatus",0.15863453815261,0.257796257796258,NA,0.386150234741784
"Parabacteroides_merdae",0.156626506024096,0.255717255717256,NA,0
"Rothia_terrae",0.154618473895582,0.232848232848233,NA,0
"Coprococcus_eutactus",0.152610441767068,0.22037422037422,NA,0.386150234741784
"Bacteroides_dorei",0.150602409638554,0.0415800415800416,NA,0.386150234741784
"Acinetobacter_baumannii",0.14859437751004,0.1995841995842,NA,0.386150234741784
"Lactobacillus_plantarum",0.146586345381526,0.133056133056133,0.43859649122807,0.386150234741784
"Staphylococcus_aureus",0.144578313253012,0.0748440748440748,0.43859649122807,0.386150234741784
"Stenotrophomonas_maltophilia",0.142570281124498,0.205821205821206,NA,0
"Pseudoramibacter_alactolyticus",0.140562248995984,0.139293139293139,0.0350877192982456,0.386150234741784
"Treponema_parvum",0.13855421686747,0.264033264033264,NA,0
"Gemmiger_formicilis",0.136546184738956,0.25987525987526,NA,0.386150234741784
"Wolinella_succinogenes",0.134538152610442,0.195426195426195,NA,0.386150234741784
"Megamonas_funiformis",0.132530120481928,0.166320166320166,NA,0.386150234741784
"Odoribacter_splanchnicus",0.130522088353414,0.20997920997921,NA,0.386150234741784
"Phascolarctobacterium_faecium",0.1285140562249,0.0395010395010395,NA,0.386150234741784
"Streptococcus_anginosus",0.126506024096386,0.353430353430353,NA,0.681924882629108
"Parabacteroides_distasonis",0.124497991967871,0.0977130977130977,NA,0.386150234741784
"Pyramidobacter_piscolens",0.122489959839357,0.278586278586279,0.043859649122807,0.386150234741784
"Coprococcus_catus",0.120481927710843,0.0644490644490645,NA,0.386150234741784
"Fusobacterium_canifelinum",0.118473895582329,0.16008316008316,NA,0.386150234741784
"Roseburia_inulinivorans",0.116465863453815,0.120582120582121,NA,0.386150234741784
"Bacteroides_caccae",0.114457831325301,0.0166320166320166,NA,0.386150234741784
"Actinomyces_radicidentis",0.112449799196787,0.0582120582120582,0.399122807017544,0
"Corynebacterium_kroppenstedtii",0.110441767068273,0.0602910602910603,0.394736842105263,0.386150234741784
"Bacteroides_plebeius",0.108433734939759,0.00831600831600832,NA,0.386150234741784
"Necropsobacter_rosorum",0.106425702811245,0.141372141372141,NA,0.386150234741784
"Parasutterella_excrementihominis",0.104417670682731,0.0852390852390852,NA,0.386150234741784
"Rhodococcus_erythropolis",0.102409638554217,0.226611226611227,0,0.386150234741784
"Clostridium_bartlettii",0.100401606425703,0.247401247401247,NA,0.386150234741784
"Paludibacter_propionicigenes",0.0983935742971888,0.122661122661123,NA,0.386150234741784
"Streptococcus_intermedius",0.0963855421686747,0.176715176715177,NA,0
"Lactobacillus_oris",0.0943775100401606,0.106029106029106,0.491228070175439,0.386150234741784
"Dorea_formicigenerans",0.0923694779116466,0.162162162162162,NA,0.386150234741784
"Bacteroides_fragilis",0.0903614457831325,0.0873180873180873,NA,0.386150234741784
"Pseudomonas_stutzeri",0.0883534136546185,0.0956340956340956,NA,NA
"Clostridium_ramosum",0.0863453815261044,0.0249480249480249,NA,0.386150234741784
"Fusobacterium_necrophorum",0.0843373493975904,0.101871101871102,0.214912280701754,0.386150234741784
"Actinomyces_timonensis",0.0823293172690763,0.0686070686070686,NA,0
"Dolosigranulum_pigrum",0.0803212851405622,0.137214137214137,NA,0.386150234741784
"Roseburia_intestinalis",0.0783132530120482,0.0914760914760915,NA,0
"Achromobacter_xylosoxidans",0.0763052208835341,0.135135135135135,NA,0.386150234741784
"Fusicatenibacter_saccharivorans",0.0742971887550201,0.0769230769230769,NA,0.386150234741784
"Alistipes_finegoldii",0.072289156626506,0.172557172557173,NA,0.386150234741784
"Prevotella_multisaccharivorax",0.070281124497992,0.0311850311850312,0.18859649122807,0
"Lactobacillus_gasseri",0.0682730923694779,0.0727650727650728,0.302631578947368,0.386150234741784
"Akkermansia_muciniphila",0.0662650602409639,0.0374220374220374,NA,0.386150234741784
"Streptococcus_troglodytae",0.0642570281124498,0.178794178794179,NA,0.386150234741784
"Barnesiella_intestinihominis",0.0622489959839357,0.128898128898129,NA,0.386150234741784
"Clostridium_lactatifermentans",0.0602409638554217,0.0893970893970894,NA,0
"Lactobacillus_reuteri",0.0582329317269076,0.0623700623700624,0.210526315789474,0.386150234741784
"Turicibacter_sanguinis",0.0562248995983936,0.126819126819127,NA,0.386150234741784
"Intestinimonas_butyriciproducens",0.0542168674698795,0.103950103950104,NA,0.386150234741784
"Acidithiobacillus_thiooxidans",0.0522088353413655,0.112266112266112,NA,0.386150234741784
"Actinomyces_viscosus",0.0502008032128514,0.253638253638254,0.0394736842105263,0.386150234741784
"Lactobacillus_animata",0.0481927710843374,0.114345114345114,NA,0
"Finegoldia_magna",0.0461847389558233,0.224532224532225,NA,0
"Lactobacillus_crispatus",0.0441767068273092,0.234927234927235,0.491228070175439,0
"Agrobacterium_tumefaciens",0.0421686746987952,0.0540540540540541,NA,0.386150234741784
"Acinetobacter_junii",0.0401606425702811,0.0665280665280665,NA,0.386150234741784
"Streptococcus_equinus",0.0381526104417671,0.0457380457380457,NA,0.386150234741784
"Enterococcus_faecalis",0.036144578313253,0.0498960498960499,0.0175438596491228,0.386150234741784
"Blautia_faecis",0.034136546184739,0.051975051975052,NA,0.386150234741784
"Bacillus_subtilis",0.0321285140562249,0.0561330561330561,NA,0.386150234741784
"Lactobacillus_casei",0.0301204819277108,0.0291060291060291,NA,0.386150234741784
"Saccharofermentans_acetigenes",0.0281124497991968,0.0478170478170478,NA,0.386150234741784
"Actinomyces_israelii",0.0261044176706827,0.027027027027027,NA,0.386150234741784
"Alloscardovia_omnicolens",0.0240963855421687,0.0831600831600832,0.0131578947368421,0
"Moraxella_osloensis",0.0220883534136546,0.0436590436590437,NA,0.386150234741784
"Atopobium_minutum",0.0200803212851406,0.0187110187110187,NA,0.386150234741784
"Howardella_ureilytica",0.0180722891566265,0.0810810810810811,NA,0
"Lactobacillus_salivarius",0.0160642570281124,0.00207900207900208,0.31140350877193,0.386150234741784
"Lactobacillus_rhamnosus",0.0140562248995984,0.0124740124740125,0.0701754385964912,0.386150234741784
"Bifidobacterium_dentium",0.0120481927710843,0.00415800415800416,0.350877192982456,0
"Prevotella_bivia",0.0100401606425703,0.0228690228690229,NA,0.386150234741784
"Lactobacillus_johnsonii",0.00803212851405622,0.0207900207900208,NA,0
"Bryobacter_aggregatus",0.00602409638554217,0.00623700623700624,NA,NA
"Ruminococcus_obeum",0.00401606425702811,0.0145530145530146,NA,0.386150234741784
"Lactobacillus_fermentum",0.00200803212851406,0.0103950103950104,0.12719298245614,0
"Gemmatimonas_aurantiaca",0,0,NA,0.386150234741784
