"","TangB_2023","SarkarP_2021","BelstromD_2021","GalimanasV_2014"
"Veillonella_rogosae",3,1,-1,1
"Rothia_aeria",3,-1,1,2
"Aggregatibacter_actinomycetemcomitans",1,-1,-1,1
"Butyrivibrio_hungatei",1,-1,NA,-1
"Streptococcus_vestibularis",NA,NA,-1,NA
"Veillonella_dispar",1,-3,-3,-1
"Acinetobacter_johnsonii",3,1,NA,1
"Eubacterium_saphenum",1,-1,-2,-1
"Leptotrichia_buccalis",2,1,-1,1
"Actinomyces_odontolyticus",1,-3,-1,-1
"Neisseria_cinerea",1,-1,NA,NA
"Neisseria_sicca",-1,1,-1,NA
"Prevotella_baroniae",1,1,-1,-2
"Capnocytophaga_leadbetteri",-1,1,-1,1
"Prevotella_pallens",-2,1,2,1
"Treponema_denticola",2,1,-2,-2
"Eubacterium_brachy",1,-1,-3,1
"Porphyromonas_endodontalis",1,-1,-3,3
"Eubacterium_yurii",-1,1,NA,-1
"Prevotella_shahii",-1,1,2,2
"Prevotella_denticola",1,-1,-1,-1
"Prevotella_scopos",2,-1,1,-1
"Actinomyces_oris",3,-3,-1,NA
"Dialister_invisus",2,-1,-1,-1
"Granulicatella_adiacens",-3,1,1,-1
"Prevotella_enoeca",3,1,NA,NA
"Streptococcus_cristatus",-1,-2,1,-3
"Lachnoanaerobaculum_orale",1,1,NA,NA
"Terrahaemophilus_aromaticivorans",-1,1,NA,NA
"Propionigenium_maris",NA,-1,NA,1
"Mogibacterium_diversum",3,-1,3,NA
"Actinomyces_meyeri",-3,-3,-2,-1
"Bergeyella_zoohelcum",2,3,NA,NA
"Prevotella_salivae",1,-1,-1,1
"Eubacterium_nodatum",1,-1,-2,-2
"Planobacterium_taklimakanense",3,1,NA,NA
"Neisseria_pharyngis",NA,-1,NA,1
"Anaeroglobus_geminatus",1,-1,NA,1
"Olsenella_uli",1,1,-1,-1
"Prevotella_veroralis",2,-1,1,-1
"Rothia_dentocariosa",3,-1,-1,1
"Mycoplasma_faucium",3,1,NA,-3
"Peptococcus_niger",1,-1,NA,1
"Treponema_refringens",-1,1,NA,NA
"Treponema_pedis",1,-1,NA,NA
"Campylobacter_curvus",1,3,NA,NA
"Prevotella_bivia",-1,1,NA,1
"Streptococcus_pneumoniae",-3,-3,NA,-1
"Schwartzia_succinivorans",2,1,NA,NA
"Actinomyces_hyovaginalis",NA,-1,NA,-1
"Prevotella_marshii",3,-1,NA,1
"Lautropia_mirabilis",3,-1,-1,-1
"Actinobacillus_rossii",2,-1,NA,NA
"Actinomyces_gerencseriae",3,-3,NA,-1
"Bacteroides_stercoris",3,-3,NA,NA
"Selenomonas_noxia",2,-1,-1,1
"Bifidobacterium_dentium",-1,-1,1,1
"Haemophilus_parainfluenzae",1,1,1,1
"Porphyromonas_gingivalis",1,-1,-3,-3
"Streptococcus_sobrinus",NA,1,-1,NA
"Streptococcus_agalactiae",2,-2,NA,NA
"Bacteroides_intestinalis",-1,1,NA,NA
"Filifactor_alocis",1,1,-3,-3
"Rothia_mucilaginosa",3,-1,1,-1
"Lachnoanaerobaculum_saburreum",3,-1,1,NA
"Streptococcus_gordonii",-3,-3,-1,1
"Leptotrichia_hofstadii",1,-1,1,1
"Mogibacterium_neglectum",1,1,NA,NA
"Campylobacter_mucosalis",3,1,NA,NA
"Streptococcus_sanguinis",3,-3,-1,-1
"Fusobacterium_periodonticum",-3,1,-1,1
"Campylobacter_showae",-1,-1,-1,1
"Tannerella_forsythia",-1,-1,-3,-3
"Capnocytophaga_granulosa",1,1,1,-1
"Neisseria_oralis",3,-1,NA,1
"Helicobacter_pylori",3,-3,NA,1
"Soonwooa_buanensis",NA,-1,NA,-1
"Leptotrichia_hongkongensis",1,1,NA,NA
"Gemella_haemolysans",-1,-1,-1,-3
"Gemella_palaticanis",-3,-1,NA,-3
"Bacillus_cereus",NA,-3,NA,NA
"Slackia_exigua",-1,1,1,1
"Actinomyces_viscosus",NA,-3,1,1
"Streptococcus_oralis",1,-3,-1,-1
"Streptococcus_sinensis",2,-3,NA,NA
"Cardiobacterium_valvarum",1,-1,NA,-1
"Prevotella_pleuritidis",1,-2,-2,1
"Corynebacterium_argentoratense",-1,-1,NA,-1
"Howardella_ureilytica",1,1,NA,-1
"Parascardovia_denticolens",NA,-1,-1,1
"Streptobacillus_moniliformis",1,1,NA,1
"Selenomonas_ruminantium",3,-1,NA,-1
"Eubacterium_sulci",-3,2,3,1
"Streptococcus_parasanguinis",1,-1,-3,-1
"Prevotella_oralis",1,1,NA,1
"Actinomyces_graevenitzii",1,-1,1,-1
"Alloprevotella_rava",-1,-2,3,-1
"Pseudomonas_aeruginosa",NA,2,NA,1
"Atopobium_parvulum",1,1,-1,-1
"Stenotrophomonas_maltophilia",2,-1,NA,-1
"Treponema_amylovorum",1,1,NA,-3
"Prevotella_nanceiensis",-1,1,NA,1
"Shuttleworthia_satelles",1,-1,NA,1
"Treponema_lecithinolyticum",1,1,-1,-1
"Neisseria_macacae",NA,1,-1,NA
"Streptococcus_intermedius",3,1,NA,-1
"Treponema_socranskii",2,1,NA,1
"Dialister_pneumosintes",1,-1,NA,1
"Selenomonas_flueggei",1,-3,1,1
"Peptostreptococcus_stomatis",-3,1,-2,-1
"Lactobacillus_reuteri",2,2,NA,1
"Butyrivibrio_fibrisolvens",1,-3,NA,-1
"Mycoplasma_salivarium",2,1,NA,-1
"Mobiluncus_curtisii",2,-1,NA,NA
"Simonsiella_muelleri",1,1,1,-1
"Prevotella_aurantiaca",-1,1,NA,-1
"Leptotrichia_shahii",-1,1,NA,NA
"Capnocytophaga_ochracea",-1,1,-1,-1
"Gemella_sanguinis",NA,-1,1,-1
"Prevotella_intermedia",1,1,-3,-1
"Prevotella_fusca",1,2,-1,NA
"Selenomonas_sputigena",1,1,1,1
"Veillonella_rodentium",3,-1,NA,-1
"Bulleidia_extructa",NA,1,-1,-1
"Haemophilus_parahaemolyticus",1,-1,NA,NA
"Alloprevotella_tannerae",-1,1,-1,1
"Actinomyces_georgiae",3,1,-1,-1
"Streptococcus_oligofermentans",-1,-3,NA,-2
"Actinomyces_lingnae",-1,-1,NA,-1
"Streptococcus_equinus",3,-1,NA,-1
"Lactobacillus_salivarius",1,1,-1,1
"Prevotella_maculosa",3,-1,NA,-1
"Haemophilus_influenzae",3,-1,NA,-1
"Capnocytophaga_haemolytica",-1,-1,NA,1
"Clostridium_aminobutyricum",-1,-1,NA,1
"Porphyromonas_gulae",1,3,NA,3
"Veillonella_parvula",1,-2,-1,-1
"Actinomyces_cardiffensis",-1,-1,-1,-1
"Capnocytophaga_sputigena",1,1,-1,1
"Propionibacterium_acnes",-1,-3,NA,NA
"Mobiluncus_mulieris",1,-1,NA,NA
"Escherichia_coli",-3,3,NA,NA
"Treponema_medium",3,1,NA,-3
"Selenomonas_infelix",1,-1,NA,2
"Leptotrichia_goodfellowii",1,1,NA,-1
"Selenomonas_bovis",-1,-1,NA,NA
"Lactobacillus_fermentum",NA,1,NA,-1
"Neisseria_elongata",1,-1,1,-1
"Oribacterium_sinus",3,-1,-1,1
"Solobacterium_moorei",-1,-1,-1,-1
"Eggerthia_catenaformis",-1,1,NA,-1
"Granulicatella_elegans",2,-3,NA,-1
"Neisseria_subflava",1,-1,3,1
"Campylobacter_concisus",3,1,1,1
"Prevotella_melaninogenica",-1,1,1,-1
"Megasphaera_micronuciformis",-1,-1,-1,-1
"Cryptobacterium_curtum",-1,1,-1,1
"Abiotrophia_defectiva",1,-1,-1,-1
"Gemella_morbillorum",-1,1,-1,-1
"Lactococcus_lactis",1,-3,NA,NA
"Haemophilus_sputorum",-1,1,1,1
"Veillonella_atypica",-3,-1,-1,1
"Campylobacter_gracilis",3,1,-1,-1
"Streptococcus_australis",-1,-1,1,NA
"Phocaeicola_abscessus",2,-1,NA,1
"Campylobacter_rectus",1,-1,-1,1
"Streptococcus_constellatus",-1,-1,NA,-1
"Prevotella_nigrescens",3,1,-1,1
"Corynebacterium_matruchotii",1,-1,1,1
"Eikenella_corrodens",-1,-1,1,-1
"Parvimonas_micra",-3,1,-3,1
"Scardovia_wiggsiae",NA,-1,-1,1
"Fusobacterium_nucleatum",3,1,-2,-3
"Prevotella_saccharolytica",1,-1,NA,-1
"Catonella_morbi",3,1,NA,-3
"Morococcus_cerebrosus",NA,-2,-1,-1
"Actinomyces_massiliensis",3,-1,-1,1
"Streptococcus_salivarius",3,1,-3,-1
"Prevotella_buccae",1,-1,NA,-1
"Neisseria_meningitidis",3,1,NA,-1
"Alloscardovia_omnicolens",NA,1,-1,-1
"Staphylococcus_epidermidis",-1,-1,NA,-1
"Mogibacterium_timidum",1,-1,-1,NA
"Streptococcus_mutans",1,-1,-1,1
"Streptococcus_thermophilus",1,-1,-1,-1
"Propionibacterium_propionicum",3,-3,-1,-1
"Neisseria_flavescens",-3,-1,3,-1
"Streptococcus_anginosus",1,1,NA,-2
"Leptotrichia_trevisanii",-1,1,NA,-1
"Leptotrichia_wadei",-3,-2,1,1
"Streptococcus_mitis",1,-3,-1,-2
"Dialister_micraerophilus",-1,1,-1,NA
"Prevotella_oris",3,-1,-2,1
"Porphyromonas_catoniae",-1,-3,-1,-1
"Aggregatibacter_aphrophilus",1,-1,-1,-1
"Lachnoanaerobaculum_umeaense",-1,1,1,1
"Eubacterium_infirmum",-2,-1,-2,-1
"Neisseria_mucosa",-3,-1,2,1
"Haemophilus_pittmaniae",-1,-1,1,-1
"Prevotella_micans",3,-1,NA,-1
"Kingella_denitrificans",-1,-2,1,1
"Veillonella_denticariosi",-1,3,NA,1
"Corynebacterium_durum",3,1,1,2
"Neisseria_bacilliformis",1,-1,-1,1
"Kingella_oralis",1,1,-1,-1
"Cardiobacterium_hominis",3,-1,-1,-2
"Fretibacterium_fastidiosum",1,1,-1,-3
"Streptococcus_peroris",-1,-3,-3,-1
"Olsenella_profusa",3,-1,NA,NA
"Lactobacillus_gasseri",NA,1,NA,NA
"Selenomonas_artemidis",1,-1,NA,3
"Streptococcus_infantis",-3,-3,2,-3
"Prevotella_histicola",1,1,-1,-1
"Aggregatibacter_segnis",1,-1,1,-1
"Streptococcus_suis",-1,-1,NA,-1
"Prevotella_multiformis",1,-1,NA,-1
"Centipeda_periodontii",-1,-1,NA,1
"Actinomyces_israelii",3,-1,NA,-1
"Actinomyces_naeslundii",-1,-2,1,1
"Actinomyces_turicensis",-1,1,NA,-1
"Streptococcus_lactarius",-1,-3,NA,-1
"Capnocytophaga_gingivalis",-1,1,-1,-1
"Prevotella_loescheii",3,-3,NA,-1
"Veillonella_tobetsuensis",1,1,1,-1
"Prevotella_oulorum",-1,-1,1,1
"Sneathia_sanguinegens",1,-1,NA,NA
"Atopobium_rimae",1,-1,-1,-1
"Selenomonas_dianae",-1,-1,NA,-1
"Treponema_maltophilum",1,1,NA,-3
"Treponema_vincentii",1,-1,NA,1
"Butyrivibrio_proteoclasticus",NA,-1,NA,1
"Haemophilus_haemolyticus",-1,-1,1,-1
"Johnsonella_ignava",3,1,-1,1
"Moryella_indoligenes",1,1,NA,NA
"Stomatobaculum_longum",1,1,-1,-1
"Veillonella_caviae",-3,-2,NA,-1
"Clostridium_phytofermentans",NA,1,NA,1
"Peptostreptococcus_anaerobius",-2,-1,NA,1
"Neisseria_perflava",NA,-1,3,NA
"Staphylococcus_aureus",NA,-2,NA,NA
"Prevotella_jejuni",NA,3,1,NA
"Bifidobacterium_longum",NA,-3,-1,-1
"Actinomyces_johnsonii",NA,-1,1,NA
"Kingella_kingae",1,1,NA,NA
"Porphyromonas_somerae",NA,1,-1,NA
"Aggregatibacter_sp_oral_taxon_458",NA,NA,1,NA
"Haemophilus_sp_HMSC71H05",NA,NA,1,NA
"Lachnospiraceae_bacterium_oral_taxon_096",NA,NA,3,NA
"Leptotrichia_sp_oral_taxon_215",NA,NA,-1,NA
"Prevotella_sp_oral_taxon_306",NA,NA,3,NA
"Tannerella_sp_oral_taxon_HOT_286",NA,NA,3,NA
"Actinomyces_sp_HMSC035G02",NA,NA,1,NA
"Actinomyces_sp_HPA0247",NA,NA,1,NA
"Actinomyces_sp_ICM47",NA,NA,3,NA
"Actinomyces_sp_S6_Spd3",NA,NA,1,NA
"Actinomyces_sp_oral_taxon_181",NA,NA,-1,NA
"Oribacterium_asaccharolyticum",NA,NA,-1,NA
"Oribacterium_parvum",NA,NA,1,NA
"Streptococcus_sp_A12",NA,NA,3,NA
"Streptococcus_sp_F0442",NA,NA,1,NA
"Streptococcus_sp_HMSC034E03",NA,NA,-1,NA
"Streptococcus_sp_HMSC067H01",NA,NA,1,NA
"Streptococcus_sp_HMSC071D03",NA,NA,-1,NA
"Streptococcus_sp_HPH0090",NA,NA,-1,NA
"Veillonella_infantium",NA,NA,-1,NA
"Veillonella_sp_T11011_6",NA,NA,1,NA
