"","HealthAssociationScore","species","CoreAssociationScore","quadrant"
"Veillonella_rogosae",0.639805270063874,"Veillonella_rogosae",0.592841163310962,"Q3"
"Rothia_aeria",0.733178421033334,"Rothia_aeria",0.979865771812081,"Q1"
"Aggregatibacter_actinomycetemcomitans",0.46414753091919,"Aggregatibacter_actinomycetemcomitans",0.592841163310962,"Q3"
"Streptococcus_vestibularis",0.594781775124078,"Streptococcus_vestibularis",0,"Q3"
"Veillonella_dispar",0.389664974054212,"Veillonella_dispar",0.785234899328859,"Q2"
"Acinetobacter_johnsonii",0.785729231136841,"Acinetobacter_johnsonii",0,"Q4"
"Eubacterium_saphenum",0.418283492651145,"Eubacterium_saphenum",0.438478747203579,"Q3"
"Leptotrichia_buccalis",0.675383000300487,"Leptotrichia_buccalis",0.876957494407159,"Q2"
"Actinomyces_odontolyticus",0.748158041006249,"Actinomyces_odontolyticus",0.914988814317673,"Q1"
"Neisseria_sicca",0.782945741125186,"Neisseria_sicca",0,"Q4"
"Prevotella_baroniae",0.0326374631124118,"Prevotella_baroniae",0,"Q3"
"Capnocytophaga_leadbetteri",0.782945741125186,"Capnocytophaga_leadbetteri",0.825503355704698,"Q1"
"Prevotella_pallens",0.448945343997986,"Prevotella_pallens",0.438478747203579,"Q3"
"Cloacibacterium_normanense",0.639805270063874,"Cloacibacterium_normanense",0,"Q3"
"Treponema_denticola",0.169650970670166,"Treponema_denticola",0.592841163310962,"Q3"
"Eubacterium_brachy",0.168192670316586,"Eubacterium_brachy",0.592841163310962,"Q3"
"Porphyromonas_endodontalis",0.288412855551129,"Porphyromonas_endodontalis",0.749440715883669,"Q2"
"Eubacterium_yurii",0.539577804629189,"Eubacterium_yurii",0.592841163310962,"Q3"
"Prevotella_shahii",0.594781775124078,"Prevotella_shahii",0.438478747203579,"Q3"
"Actinomyces_howellii",0.355380417918596,"Actinomyces_howellii",0,"Q3"
"Prevotella_denticola",0.0260793293088788,"Prevotella_denticola",0.438478747203579,"Q3"
"Haemophilus_haemoglobinophilus",0.672274368392739,"Haemophilus_haemoglobinophilus",0,"Q3"
"Prevotella_scopos",0.594781775124078,"Prevotella_scopos",0,"Q3"
"Actinomyces_oris",0.448945343997986,"Actinomyces_oris",0.68903803131991,"Q3"
"Megasphaera_elsdenii",0.448945343997986,"Megasphaera_elsdenii",0,"Q3"
"Dialister_invisus",0.218613378229896,"Dialister_invisus",0.876957494407159,"Q2"
"Granulicatella_adiacens",0.767751321392141,"Granulicatella_adiacens",0.68903803131991,"Q4"
"Prevotella_enoeca",0.539577804629189,"Prevotella_enoeca",0,"Q3"
"Streptococcus_cristatus",0.594781775124078,"Streptococcus_cristatus",0.592841163310962,"Q3"
"Veillonella_montpellierensis",0.325080257656976,"Veillonella_montpellierensis",0,"Q3"
"Lachnoanaerobaculum_orale",0.448945343997986,"Lachnoanaerobaculum_orale",0,"Q3"
"Bacillus_pumilus",0.672274368392739,"Bacillus_pumilus",0,"Q3"
"Terrahaemophilus_aromaticivorans",0.448945343997986,"Terrahaemophilus_aromaticivorans",0,"Q3"
"Actinomyces_meyeri",0.75490418220942,"Actinomyces_meyeri",0,"Q4"
"Bergeyella_zoohelcum",0.325080257656976,"Bergeyella_zoohelcum",0,"Q3"
"Actinomyces_bowdenii",0.782572349693948,"Actinomyces_bowdenii",0,"Q4"
"Prevotella_salivae",0.0602695795808466,"Prevotella_salivae",0.68903803131991,"Q3"
"Actinobaculum_massiliense",0.594781775124078,"Actinobaculum_massiliense",0,"Q3"
"Mannheimia_granulomatis",0.409677905907998,"Mannheimia_granulomatis",0,"Q3"
"Eubacterium_nodatum",0.14981715575958,"Eubacterium_nodatum",0.438478747203579,"Q3"
"Planobacterium_taklimakanense",0.904319825191693,"Planobacterium_taklimakanense",0.592841163310962,"Q4"
"Neisseria_pharyngis",0.448945343997986,"Neisseria_pharyngis",0,"Q3"
"Anaeroglobus_geminatus",0.22045707125021,"Anaeroglobus_geminatus",0.438478747203579,"Q3"
"Olsenella_uli",0.389325939825246,"Olsenella_uli",0.438478747203579,"Q3"
"Lactobacillus_johnsonii",0.325080257656976,"Lactobacillus_johnsonii",0,"Q3"
"Prevotella_veroralis",0.409677905907998,"Prevotella_veroralis",0,"Q3"
"Dialister_propionicifaciens",0.639805270063874,"Dialister_propionicifaciens",0,"Q3"
"Rothia_dentocariosa",0.460647100137199,"Rothia_dentocariosa",0.991051454138702,"Q2"
"Mycoplasma_faucium",0.108853675048559,"Mycoplasma_faucium",0,"Q3"
"Azospira_oryzae",0.594781775124078,"Azospira_oryzae",0,"Q3"
"Prevotella_dentalis",0.594781775124078,"Prevotella_dentalis",0,"Q3"
"Corynebacterium_jeikeium",0.782572349693948,"Corynebacterium_jeikeium",0,"Q4"
"Peptococcus_niger",0.35106850299391,"Peptococcus_niger",0.68903803131991,"Q3"
"Treponema_pedis",0.345291331307672,"Treponema_pedis",0,"Q3"
"Campylobacter_curvus",0.594781775124078,"Campylobacter_curvus",0,"Q3"
"Streptococcus_pneumoniae",0.592941624828623,"Streptococcus_pneumoniae",0.785234899328859,"Q2"
"Schwartzia_succinivorans",0.255385038536896,"Schwartzia_succinivorans",0.438478747203579,"Q3"
"Actinomyces_hyovaginalis",0.594781775124078,"Actinomyces_hyovaginalis",0,"Q3"
"Prevotella_marshii",0.488556949875977,"Prevotella_marshii",0.438478747203579,"Q3"
"Treponema_parvum",0.112510212410342,"Treponema_parvum",0,"Q3"
"Lautropia_mirabilis",0.970551718567605,"Lautropia_mirabilis",0.876957494407159,"Q1"
"Actinobacillus_rossii",0.594781775124078,"Actinobacillus_rossii",0,"Q3"
"Actinomyces_gerencseriae",0.782572349693948,"Actinomyces_gerencseriae",0.592841163310962,"Q4"
"Neisseria_shayeganii",0.75490418220942,"Neisseria_shayeganii",0,"Q4"
"Selenomonas_noxia",0.602740288775176,"Selenomonas_noxia",0.914988814317673,"Q2"
"Bifidobacterium_dentium",0.063107083274458,"Bifidobacterium_dentium",0,"Q3"
"Haemophilus_parainfluenzae",0.715300733597193,"Haemophilus_parainfluenzae",0.876957494407159,"Q1"
"Porphyromonas_gingivalis",0.388573480666818,"Porphyromonas_gingivalis",0.438478747203579,"Q3"
"Streptococcus_sobrinus",0.325080257656976,"Streptococcus_sobrinus",0,"Q3"
"Pseudomonas_stutzeri",0.638949096106179,"Pseudomonas_stutzeri",0,"Q3"
"Bacteroides_acidifaciens",0.594781775124078,"Bacteroides_acidifaciens",0,"Q3"
"Bacteroides_intestinalis",0.389325939825246,"Bacteroides_intestinalis",0,"Q3"
"Filifactor_alocis",0.185877258906943,"Filifactor_alocis",0.592841163310962,"Q3"
"Prevotella_copri",0.594781775124078,"Prevotella_copri",0,"Q3"
"Odoribacter_denticanis",0.2272034166529,"Odoribacter_denticanis",0,"Q3"
"Bacteroides_heparinolyticus",0.672274368392739,"Bacteroides_heparinolyticus",0,"Q3"
"Rothia_mucilaginosa",0.387745866762972,"Rothia_mucilaginosa",0.825503355704698,"Q2"
"Lachnoanaerobaculum_saburreum",0.75490418220942,"Lachnoanaerobaculum_saburreum",0.68903803131991,"Q4"
"Brachymonas_denitrificans",0.782572349693948,"Brachymonas_denitrificans",0,"Q4"
"Prevotella_paludivivens",0.255385038536896,"Prevotella_paludivivens",0,"Q3"
"Streptococcus_gordonii",0.536513752213988,"Streptococcus_gordonii",0.68903803131991,"Q3"
"Leptotrichia_hofstadii",0.682861502244514,"Leptotrichia_hofstadii",0.592841163310962,"Q3"
"Campylobacter_mucosalis",0.594781775124078,"Campylobacter_mucosalis",0,"Q3"
"Streptococcus_sanguinis",0.970551718567605,"Streptococcus_sanguinis",1,"Q1"
"Fusobacterium_periodonticum",0.750856691557456,"Fusobacterium_periodonticum",0.68903803131991,"Q4"
"Eubacterium_minutum",0.522201392461026,"Eubacterium_minutum",0,"Q3"
"Campylobacter_showae",0.782945741125186,"Campylobacter_showae",0.749440715883669,"Q1"
"Tannerella_forsythia",0.204310749442794,"Tannerella_forsythia",0.914988814317673,"Q2"
"Kingella_potus",0.75490418220942,"Kingella_potus",0,"Q4"
"Capnocytophaga_granulosa",0.782945741125186,"Capnocytophaga_granulosa",0.935123042505593,"Q1"
"Neisseria_oralis",0.913063231179201,"Neisseria_oralis",0.438478747203579,"Q4"
"Helicobacter_pylori",0.594781775124078,"Helicobacter_pylori",0,"Q3"
"Leptotrichia_hongkongensis",0.536513752213988,"Leptotrichia_hongkongensis",0.749440715883669,"Q2"
"Gemella_haemolysans",0.594781775124078,"Gemella_haemolysans",0.749440715883669,"Q2"
"Slackia_exigua",0.174566726471303,"Slackia_exigua",0.438478747203579,"Q3"
"Actinomyces_viscosus",0.782572349693948,"Actinomyces_viscosus",0.592841163310962,"Q4"
"Streptococcus_oralis",0.528130314511881,"Streptococcus_oralis",0.914988814317673,"Q2"
"Desulfovibrio_fairfieldensis",0.325080257656976,"Desulfovibrio_fairfieldensis",0,"Q3"
"Streptococcus_sinensis",0.594781775124078,"Streptococcus_sinensis",0,"Q3"
"Desulfobulbus_propionicus",0.1897368447696,"Desulfobulbus_propionicus",0,"Q3"
"Cardiobacterium_valvarum",0.782945741125186,"Cardiobacterium_valvarum",0.785234899328859,"Q1"
"Prevotella_pleuritidis",0.0442268017411568,"Prevotella_pleuritidis",0,"Q3"
"Howardella_ureilytica",0.174020783420183,"Howardella_ureilytica",0,"Q3"
"Propionibacterium_acidifaciens",0.218901420621354,"Propionibacterium_acidifaciens",0.438478747203579,"Q3"
"Gardnerella_vaginalis",0.639805270063874,"Gardnerella_vaginalis",0,"Q3"
"Parascardovia_denticolens",0.063107083274458,"Parascardovia_denticolens",0,"Q3"
"Streptobacillus_moniliformis",0.35106850299391,"Streptobacillus_moniliformis",0,"Q3"
"Selenomonas_ruminantium",0.448945343997986,"Selenomonas_ruminantium",0,"Q3"
"Eubacterium_sulci",0.247866781650205,"Eubacterium_sulci",0.438478747203579,"Q3"
"Streptococcus_parasanguinis",0.554604789930452,"Streptococcus_parasanguinis",0.749440715883669,"Q2"
"Prevotella_oralis",0.364338421010916,"Prevotella_oralis",0.438478747203579,"Q3"
"Actinomyces_graevenitzii",0.350362233059771,"Actinomyces_graevenitzii",0.438478747203579,"Q3"
"Alloprevotella_rava",0.35106850299391,"Alloprevotella_rava",0,"Q3"
"Actinobacillus_porcinus",0.594781775124078,"Actinobacillus_porcinus",0,"Q3"
"Pseudomonas_aeruginosa",0.133837813114605,"Pseudomonas_aeruginosa",0,"Q3"
"Atopobium_parvulum",0.536513752213988,"Atopobium_parvulum",0.825503355704698,"Q2"
"Stenotrophomonas_maltophilia",0.75490418220942,"Stenotrophomonas_maltophilia",0.438478747203579,"Q4"
"Pasteurella_pneumotropica",0.174020783420183,"Pasteurella_pneumotropica",0,"Q3"
"Treponema_amylovorum",0.144317493267707,"Treponema_amylovorum",0,"Q3"
"Prevotella_nanceiensis",0.962215443294381,"Prevotella_nanceiensis",0.438478747203579,"Q4"
"Wolinella_succinogenes",0.448945343997986,"Wolinella_succinogenes",0,"Q3"
"Shuttleworthia_satelles",0.272392201863518,"Shuttleworthia_satelles",0,"Q3"
"Propionivibrio_pelophilus",0.639805270063874,"Propionivibrio_pelophilus",0,"Q3"
"Treponema_lecithinolyticum",0.0139242209221062,"Treponema_lecithinolyticum",0,"Q3"
"Neisseria_macacae",0.675090330199778,"Neisseria_macacae",0,"Q3"
"Streptococcus_intermedius",0.536513752213988,"Streptococcus_intermedius",0.438478747203579,"Q3"
"Treponema_socranskii",0.243407665679749,"Treponema_socranskii",0.914988814317673,"Q2"
"Pyramidobacter_piscolens",0.126107594772437,"Pyramidobacter_piscolens",0,"Q3"
"Dialister_pneumosintes",0.157346495136101,"Dialister_pneumosintes",0.68903803131991,"Q3"
"Selenomonas_flueggei",0.325080257656976,"Selenomonas_flueggei",0.438478747203579,"Q3"
"Peptostreptococcus_stomatis",0.340783630108277,"Peptostreptococcus_stomatis",0.749440715883669,"Q2"
"Lactobacillus_reuteri",0.325080257656976,"Lactobacillus_reuteri",0,"Q3"
"Mycoplasma_salivarium",0.499326582765811,"Mycoplasma_salivarium",0,"Q3"
"Simonsiella_muelleri",0.325080257656976,"Simonsiella_muelleri",0,"Q3"
"Actinomyces_oricola",0.706922507617025,"Actinomyces_oricola",0,"Q4"
"Prevotella_aurantiaca",0.594781775124078,"Prevotella_aurantiaca",0,"Q3"
"Leptotrichia_shahii",0.325080257656976,"Leptotrichia_shahii",0.438478747203579,"Q3"
"Capnocytophaga_ochracea",0.906738800195037,"Capnocytophaga_ochracea",0.876957494407159,"Q1"
"Prevotella_ruminicola",0.448945343997986,"Prevotella_ruminicola",0,"Q3"
"Gemella_sanguinis",0.607094610159019,"Gemella_sanguinis",0.438478747203579,"Q3"
"Conchiformibius_steedae",0.448945343997986,"Conchiformibius_steedae",0,"Q3"
"Prevotella_intermedia",0.647494778772097,"Prevotella_intermedia",0.592841163310962,"Q3"
"Porphyromonas_uenonis",0.448945343997986,"Porphyromonas_uenonis",0,"Q3"
"Prevotella_fusca",0.112510212410342,"Prevotella_fusca",0,"Q3"
"Selenomonas_sputigena",0.0927379623630431,"Selenomonas_sputigena",0.955257270693512,"Q2"
"Veillonella_rodentium",0.594781775124078,"Veillonella_rodentium",0,"Q3"
"Bulleidia_extructa",0.270864249910027,"Bulleidia_extructa",0,"Q3"
"Haemophilus_parahaemolyticus",0.913063231179201,"Haemophilus_parahaemolyticus",0,"Q4"
"Alloprevotella_tannerae",0.22045707125021,"Alloprevotella_tannerae",0.438478747203579,"Q3"
"Actinomyces_georgiae",0.773024951078472,"Actinomyces_georgiae",0.785234899328859,"Q1"
"Streptococcus_oligofermentans",0.594781775124078,"Streptococcus_oligofermentans",0.438478747203579,"Q3"
"Actinomyces_lingnae",0.536513752213988,"Actinomyces_lingnae",0.438478747203579,"Q3"
"Lactobacillus_salivarius",0.02861434465819,"Lactobacillus_salivarius",0,"Q3"
"Prevotella_maculosa",0.272392201863518,"Prevotella_maculosa",0.876957494407159,"Q2"
"Haemophilus_influenzae",0.594543467342122,"Haemophilus_influenzae",0.592841163310962,"Q3"
"Capnocytophaga_haemolytica",0.834329993801087,"Capnocytophaga_haemolytica",0,"Q4"
"Porphyromonas_gulae",0.499326582765811,"Porphyromonas_gulae",0,"Q3"
"Veillonella_parvula",0.904319825191693,"Veillonella_parvula",0.825503355704698,"Q1"
"Actinomyces_cardiffensis",0.126107594772437,"Actinomyces_cardiffensis",0,"Q3"
"Capnocytophaga_sputigena",0.782945741125186,"Capnocytophaga_sputigena",0.955257270693512,"Q1"
"Propionibacterium_acnes",0.692160606849973,"Propionibacterium_acnes",0,"Q3"
"Escherichia_coli",0.594781775124078,"Escherichia_coli",0,"Q3"
"Lactobacillus_vaginalis",0.134397006387366,"Lactobacillus_vaginalis",0,"Q3"
"Treponema_medium",0.507424742710634,"Treponema_medium",0.592841163310962,"Q3"
"Selenomonas_infelix",0.564155392074478,"Selenomonas_infelix",0.825503355704698,"Q2"
"Leptotrichia_goodfellowii",0.98540300206269,"Leptotrichia_goodfellowii",0.68903803131991,"Q4"
"Prevotella_dentasini",0.448945343997986,"Prevotella_dentasini",0,"Q3"
"Selenomonas_bovis",0.50424813555772,"Selenomonas_bovis",0,"Q3"
"Lactobacillus_fermentum",0.134397006387366,"Lactobacillus_fermentum",0,"Q3"
"Neisseria_elongata",0.715300733597193,"Neisseria_elongata",0.955257270693512,"Q1"
"Oribacterium_sinus",0.536513752213988,"Oribacterium_sinus",0.825503355704698,"Q2"
"Solobacterium_moorei",0.568649544042572,"Solobacterium_moorei",0.68903803131991,"Q3"
"Eggerthia_catenaformis",0.243912075052841,"Eggerthia_catenaformis",0,"Q3"
"Granulicatella_elegans",0.779629083102014,"Granulicatella_elegans",0.592841163310962,"Q4"
"Neisseria_subflava",0.594781775124078,"Neisseria_subflava",0,"Q3"
"Campylobacter_concisus",0.6938110364539,"Campylobacter_concisus",0.876957494407159,"Q2"
"Prevotella_melaninogenica",0.594543467342122,"Prevotella_melaninogenica",0.914988814317673,"Q2"
"Megasphaera_micronuciformis",0.318099690407921,"Megasphaera_micronuciformis",0.749440715883669,"Q2"
"Cryptobacterium_curtum",0.38772391366916,"Cryptobacterium_curtum",0,"Q3"
"Sediminibacterium_salmoneum",0.448945343997986,"Sediminibacterium_salmoneum",0,"Q3"
"Abiotrophia_defectiva",0.744684750618987,"Abiotrophia_defectiva",0.438478747203579,"Q4"
"Gemella_morbillorum",0.916280812006276,"Gemella_morbillorum",0.825503355704698,"Q1"
"Lactococcus_lactis",0.160849110840494,"Lactococcus_lactis",0,"Q3"
"Haemophilus_sputorum",0.897981514074257,"Haemophilus_sputorum",0.438478747203579,"Q4"
"Veillonella_atypica",0.818905823797786,"Veillonella_atypica",0.68903803131991,"Q4"
"Actinomyces_timonensis",0.639805270063874,"Actinomyces_timonensis",0,"Q3"
"Campylobacter_gracilis",0.638949096106179,"Campylobacter_gracilis",0.955257270693512,"Q2"
"Streptococcus_australis",0.536513752213988,"Streptococcus_australis",0,"Q3"
"Phocaeicola_abscessus",0.0345998456987302,"Phocaeicola_abscessus",0,"Q3"
"Campylobacter_rectus",0.598038184297696,"Campylobacter_rectus",0.438478747203579,"Q3"
"Actinomyces_denticolens",0.387745866762972,"Actinomyces_denticolens",0,"Q3"
"Streptococcus_constellatus",0.043668417713447,"Streptococcus_constellatus",0.438478747203579,"Q3"
"Prevotella_nigrescens",0.333820054876199,"Prevotella_nigrescens",0.825503355704698,"Q2"
"Corynebacterium_matruchotii",0.656316623214434,"Corynebacterium_matruchotii",0.825503355704698,"Q2"
"Eikenella_corrodens",0.957155065767878,"Eikenella_corrodens",0.955257270693512,"Q1"
"Parvimonas_micra",0.168192670316586,"Parvimonas_micra",0.785234899328859,"Q2"
"Scardovia_wiggsiae",0.318099690407921,"Scardovia_wiggsiae",0,"Q3"
"Fusobacterium_nucleatum",0.538299929891442,"Fusobacterium_nucleatum",0.995525727069351,"Q2"
"Prevotella_saccharolytica",0.782945741125186,"Prevotella_saccharolytica",0.749440715883669,"Q1"
"Catonella_morbi",0.219797119658033,"Catonella_morbi",0.825503355704698,"Q2"
"Micrococcus_luteus",0.782572349693948,"Micrococcus_luteus",0,"Q4"
"Morococcus_cerebrosus",0.640062055354917,"Morococcus_cerebrosus",0,"Q3"
"Actinomyces_massiliensis",0.773024951078472,"Actinomyces_massiliensis",0.955257270693512,"Q1"
"Streptococcus_salivarius",0.380148729112458,"Streptococcus_salivarius",0,"Q3"
"Prevotella_buccae",0.22045707125021,"Prevotella_buccae",0,"Q3"
"Fusobacterium_russii",0.272392201863518,"Fusobacterium_russii",0,"Q3"
"Neisseria_meningitidis",0.434787094401136,"Neisseria_meningitidis",0,"Q3"
"Staphylococcus_epidermidis",0.325080257656976,"Staphylococcus_epidermidis",0,"Q3"
"Neisseria_lactamica",0.325080257656976,"Neisseria_lactamica",0,"Q3"
"Pseudoramibacter_alactolyticus",0.14828317427525,"Pseudoramibacter_alactolyticus",0,"Q3"
"Mogibacterium_timidum",0.0710919063900869,"Mogibacterium_timidum",0,"Q3"
"Streptococcus_mutans",0.207781509558839,"Streptococcus_mutans",0.592841163310962,"Q3"
"Streptococcus_thermophilus",0.6938110364539,"Streptococcus_thermophilus",0.592841163310962,"Q3"
"Propionibacterium_propionicum",0.594781775124078,"Propionibacterium_propionicum",0.749440715883669,"Q2"
"Treponema_pectinovorum",0.14715757738679,"Treponema_pectinovorum",0,"Q3"
"Neisseria_flavescens",0.906738800195037,"Neisseria_flavescens",0.749440715883669,"Q1"
"Streptococcus_anginosus",0.594781775124078,"Streptococcus_anginosus",0.592841163310962,"Q3"
"Leptotrichia_trevisanii",0.448945343997986,"Leptotrichia_trevisanii",0.438478747203579,"Q3"
"Treponema_putidum",0.386764105357679,"Treponema_putidum",0,"Q3"
"Leptotrichia_wadei",0.779629083102014,"Leptotrichia_wadei",0.876957494407159,"Q1"
"Streptococcus_mitis",0.565341372724565,"Streptococcus_mitis",0.914988814317673,"Q2"
"Dialister_micraerophilus",0.594781775124078,"Dialister_micraerophilus",0,"Q3"
"Prevotella_oris",0.35985812056368,"Prevotella_oris",0.825503355704698,"Q2"
"Porphyromonas_catoniae",0.948697465677838,"Porphyromonas_catoniae",0.979865771812081,"Q1"
"Fusobacterium_canifelinum",0.448945343997986,"Fusobacterium_canifelinum",0,"Q3"
"Aggregatibacter_aphrophilus",0.566002787372256,"Aggregatibacter_aphrophilus",0.68903803131991,"Q3"
"Lachnoanaerobaculum_umeaense",0.9106352084519,"Lachnoanaerobaculum_umeaense",0.592841163310962,"Q4"
"Eubacterium_infirmum",0.409677905907998,"Eubacterium_infirmum",0.68903803131991,"Q3"
"Neisseria_mucosa",0.594781775124078,"Neisseria_mucosa",0,"Q3"
"Neisseria_dentiae",0.594781775124078,"Neisseria_dentiae",0,"Q3"
"Haemophilus_pittmaniae",0.448945343997986,"Haemophilus_pittmaniae",0,"Q3"
"Prevotella_micans",0.299593807475036,"Prevotella_micans",0.438478747203579,"Q3"
"Treponema_succinifaciens",0.389325939825246,"Treponema_succinifaciens",0,"Q3"
"Kingella_denitrificans",0.888981737411927,"Kingella_denitrificans",0.592841163310962,"Q4"
"Veillonella_denticariosi",0.448945343997986,"Veillonella_denticariosi",0,"Q3"
"Corynebacterium_durum",0.950632800129216,"Corynebacterium_durum",0.955257270693512,"Q1"
"Neisseria_bacilliformis",0.344763605715189,"Neisseria_bacilliformis",0,"Q3"
"Kingella_oralis",0.6938110364539,"Kingella_oralis",0.935123042505593,"Q2"
"Cardiobacterium_hominis",1,"Cardiobacterium_hominis",0.979865771812081,"Q1"
"Fretibacterium_fastidiosum",0.00901754596568417,"Fretibacterium_fastidiosum",0.68903803131991,"Q3"
"Streptococcus_peroris",0.325080257656976,"Streptococcus_peroris",0,"Q3"
"Olsenella_profusa",0.134397006387366,"Olsenella_profusa",0.592841163310962,"Q3"
"Agrobacterium_tumefaciens",0.785729231136841,"Agrobacterium_tumefaciens",0,"Q4"
"Selenomonas_artemidis",0.767751321392141,"Selenomonas_artemidis",0.592841163310962,"Q4"
"Streptococcus_infantis",0.133476833854714,"Streptococcus_infantis",0.592841163310962,"Q3"
"Prevotella_histicola",0.0602695795808466,"Prevotella_histicola",0.592841163310962,"Q3"
"Aggregatibacter_segnis",0.970551718567605,"Aggregatibacter_segnis",0.825503355704698,"Q1"
"Rothia_terrae",0.672274368392739,"Rothia_terrae",0,"Q3"
"Streptococcus_suis",0.325080257656976,"Streptococcus_suis",0,"Q3"
"Ruminofilibacter_xylanolyticum",0.2272034166529,"Ruminofilibacter_xylanolyticum",0,"Q3"
"Finegoldia_magna",0.782572349693948,"Finegoldia_magna",0,"Q4"
"Prevotella_multiformis",0.448945343997986,"Prevotella_multiformis",0,"Q3"
"Actinomyces_catuli",0.594781775124078,"Actinomyces_catuli",0,"Q3"
"Neisseria_canis",0.409677905907998,"Neisseria_canis",0,"Q3"
"Centipeda_periodontii",0.906738800195037,"Centipeda_periodontii",0.749440715883669,"Q1"
"Actinomyces_israelii",0.168192670316586,"Actinomyces_israelii",0,"Q3"
"Actinomyces_naeslundii",0.782572349693948,"Actinomyces_naeslundii",0.825503355704698,"Q1"
"Actinomyces_turicensis",0.325080257656976,"Actinomyces_turicensis",0,"Q3"
"Streptococcus_lactarius",0.594781775124078,"Streptococcus_lactarius",0.438478747203579,"Q3"
"Capnocytophaga_gingivalis",0.457507883489646,"Capnocytophaga_gingivalis",0.979865771812081,"Q2"
"Prevotella_loescheii",0.892817730848258,"Prevotella_loescheii",0.876957494407159,"Q1"
"Bergeriella_denitrificans",0.439448321985802,"Bergeriella_denitrificans",0,"Q3"
"Paludibacter_propionicigenes",0.782572349693948,"Paludibacter_propionicigenes",0.438478747203579,"Q4"
"Veillonella_tobetsuensis",0.594781775124078,"Veillonella_tobetsuensis",0,"Q3"
"Prevotella_oulorum",0.865462222770737,"Prevotella_oulorum",0.876957494407159,"Q1"
"Atopobium_rimae",0.782572349693948,"Atopobium_rimae",0.438478747203579,"Q4"
"Selenomonas_dianae",0.345291331307672,"Selenomonas_dianae",0.592841163310962,"Q3"
"Streptococcus_pseudopneumoniae",0.594781775124078,"Streptococcus_pseudopneumoniae",0,"Q3"
"Treponema_maltophilum",0.507424742710634,"Treponema_maltophilum",0.68903803131991,"Q3"
"Treponema_vincentii",0.658620525469537,"Treponema_vincentii",0.438478747203579,"Q3"
"Haemophilus_haemolyticus",0.779629083102014,"Haemophilus_haemolyticus",0.68903803131991,"Q4"
"Lactobacillus_iners",0.389325939825246,"Lactobacillus_iners",0,"Q3"
"Johnsonella_ignava",0.35106850299391,"Johnsonella_ignava",0.438478747203579,"Q3"
"Moryella_indoligenes",0.448945343997986,"Moryella_indoligenes",0,"Q3"
"Pseudomonas_putida",0.594781775124078,"Pseudomonas_putida",0,"Q3"
"Stomatobaculum_longum",0.568944791322744,"Stomatobaculum_longum",0.438478747203579,"Q3"
"Veillonella_caviae",0.325080257656976,"Veillonella_caviae",0.438478747203579,"Q3"
"Actinobaculum_schaalii",0.594781775124078,"Actinobaculum_schaalii",0,"Q3"
"Dialister_succinatiphilus",0.255385038536896,"Dialister_succinatiphilus",0,"Q3"
"Neisseria_gonorrhoeae",0.325080257656976,"Neisseria_gonorrhoeae",0,"Q3"
"Ruminococcus_bromii",0.672274368392739,"Ruminococcus_bromii",0,"Q3"
"Prevotella_jejuni",0.111523158969437,"Prevotella_jejuni",0,"Q3"
"Vagococcus_lutrae",0.448945343997986,"Vagococcus_lutrae",0,"Q3"
"Variovorax_paradoxus",0.782572349693948,"Variovorax_paradoxus",0,"Q4"
"Anaerococcus_octavius",0.448945343997986,"Anaerococcus_octavius",0,"Q3"
"Streptococcus_massiliensis",0.638949096106179,"Streptococcus_massiliensis",0,"Q3"
"Bifidobacterium_longum",0.448945343997986,"Bifidobacterium_longum",0,"Q3"
"Necropsobacter_rosorum",0.448945343997986,"Necropsobacter_rosorum",0,"Q3"
"Enterococcus_faecium",0.782572349693948,"Enterococcus_faecium",0,"Q4"
"Actinomyces_radicidentis",0.325080257656976,"Actinomyces_radicidentis",0,"Q3"
"Actinomyces_johnsonii",0.705935248087052,"Actinomyces_johnsonii",0.592841163310962,"Q4"
"Streptococcus_troglodytae",0.369033003688781,"Streptococcus_troglodytae",0,"Q3"
"Corynebacterium_mustelae",0.325080257656976,"Corynebacterium_mustelae",0,"Q3"
"Actinomyces_hongkongensis",0.325080257656976,"Actinomyces_hongkongensis",0.438478747203579,"Q3"
"Actinomyces_sp_oral_taxon_170",0.705935248087052,"Actinomyces_sp_oral_taxon_170",0.438478747203579,"Q4"
"Actinomyces_sp_oral_taxon_180",0.448945343997986,"Actinomyces_sp_oral_taxon_180",0,"Q3"
"Actinomyces_sp_oral_taxon_448",0.218901420621354,"Actinomyces_sp_oral_taxon_448",0.438478747203579,"Q3"
"Actinomyces_sp_oral_taxon_897",0.675090330199778,"Actinomyces_sp_oral_taxon_897",0,"Q3"
"Bacteroidetes_oral_taxon_274",0.675090330199778,"Bacteroidetes_oral_taxon_274",0.438478747203579,"Q3"
"Porphyromonas_sp_oral_taxon_278",0.675090330199778,"Porphyromonas_sp_oral_taxon_278",0,"Q3"
"Tannerella_sp_oral_taxon_HOT_286",0.448945343997986,"Tannerella_sp_oral_taxon_HOT_286",0.592841163310962,"Q3"
