"","control_increased","control_depleted","score","control_increased","control_depleted","score","control_increased","control_depleted","score","control_increased","control_depleted","score","control_increased","control_depleted","score","control_increased","control_depleted","score","control_increased","control_depleted","score","control_increased","control_depleted","score","control_increased","control_depleted","score","control_increased","control_depleted","score"
"Veillonella_rogosae",3,0,0.119999600001333,4,0,0.159999600001,4,0,0.159999600001,2,0,0.079999600002,5,0,0.1999996000008,5,0,0.1999996000008,3,0,0.119999600001333,4,0,0.159999600001,3,0,0.119999600001333,3,0,0.119999600001333
"Rothia_aeria",4,0,0.159999600001,6,0,0.239999600000667,4,1,0.0899997750005625,2,1,0.0199999000005,4,1,0.0899997750005625,4,0,0.159999600001,3,1,0.0533331555561481,3,1,0.0533331555561481,5,0,0.1999996000008,6,1,0.166666388889352
"Aggregatibacter_actinomycetemcomitans",3,0,0.119999600001333,4,0,0.159999600001,3,1,0.0533331555561481,3,1,0.0533331555561481,2,0,0.079999600002,3,1,0.0533331555561481,2,1,0.0199999000005,3,1,0.0533331555561481,4,1,0.0899997750005625,2,1,0.0199999000005
"Butyrivibrio_hungatei",2,1,0.0199999000005,2,0,0.079999600002,3,2,0.013333288889037,3,2,0.013333288889037,3,0,0.119999600001333,1,2,-0.0199999000005,2,1,0.0199999000005,3,2,0.013333288889037,3,1,0.0533331555561481,4,2,0.03999990000025
"Streptococcus_vestibularis",0,0,0,0,0,0,0,0,0,0,0,0,0,0,0,0,0,0,0,0,0,0,0,0,0,0,0,0,0,0
"Veillonella_dispar",4,3,0.0099999750000625,1,5,-0.127999744000512,3,5,-0.031999936000128,2,4,-0.03999990000025,1,4,-0.0899997750005625,2,4,-0.03999990000025,0,3,-0.119999600001333,2,5,-0.071999856000288,2,5,-0.071999856000288,3,3,0
"Acinetobacter_johnsonii",1,1,0,1,1,0,0,1,-0.039999600004,1,0,0.039999600004,0,1,-0.039999600004,1,0,0.039999600004,0,1,-0.039999600004,0,0,0,1,0,0.039999600004,1,1,0
"Eubacterium_saphenum",1,4,-0.0899997750005625,1,4,-0.0899997750005625,2,5,-0.071999856000288,0,3,-0.119999600001333,1,4,-0.0899997750005625,0,4,-0.159999600001,0,3,-0.119999600001333,2,2,0,1,3,-0.0533331555561481,1,2,-0.0199999000005
"Leptotrichia_buccalis",4,1,0.0899997750005625,5,2,0.071999856000288,4,2,0.03999990000025,1,2,-0.0199999000005,5,3,0.031999936000128,4,1,0.0899997750005625,3,2,0.013333288889037,6,2,0.106666488889185,5,1,0.127999744000512,3,2,0.013333288889037
"Clostridium_ruminantium",1,3,-0.0533331555561481,2,2,0,1,2,-0.0199999000005,1,2,-0.0199999000005,1,0,0.039999600004,2,3,-0.013333288889037,2,2,0,2,1,0.0199999000005,2,2,0,1,2,-0.0199999000005
"Actinomyces_odontolyticus",2,1,0.0199999000005,2,0,0.079999600002,1,1,0,3,1,0.0533331555561481,2,0,0.079999600002,3,1,0.0533331555561481,1,0,0.039999600004,2,1,0.0199999000005,2,0,0.079999600002,2,1,0.0199999000005
"Bradyrhizobium_elkanii",1,1,0,1,1,0,2,1,0.0199999000005,2,1,0.0199999000005,1,1,0,0,1,-0.039999600004,1,1,0,1,1,0,1,1,0,2,1,0.0199999000005
"Neisseria_cinerea",1,1,0,1,0,0.039999600004,1,1,0,0,0,0,1,0,0.039999600004,0,0,0,1,0,0.039999600004,1,1,0,1,0,0.039999600004,1,0,0.039999600004
"Neisseria_sicca",4,0,0.159999600001,2,0,0.079999600002,4,0,0.159999600001,2,1,0.0199999000005,2,0,0.079999600002,3,1,0.0533331555561481,1,1,0,3,1,0.0533331555561481,3,1,0.0533331555561481,4,1,0.0899997750005625
"Prevotella_baroniae",0,2,-0.079999600002,2,2,0,1,2,-0.0199999000005,1,2,-0.0199999000005,2,2,0,1,3,-0.0533331555561481,1,1,0,2,0,0.079999600002,2,3,-0.013333288889037,1,1,0
"Capnocytophaga_leadbetteri",1,0,0.039999600004,2,0,0.079999600002,1,0,0.039999600004,0,0,0,2,0,0.079999600002,1,0,0.039999600004,1,0,0.039999600004,1,0,0.039999600004,0,0,0,1,0,0.039999600004
"Prevotella_pallens",4,3,0.0099999750000625,4,1,0.0899997750005625,6,1,0.166666388889352,5,3,0.031999936000128,6,2,0.106666488889185,5,3,0.031999936000128,4,2,0.03999990000025,5,3,0.031999936000128,6,2,0.106666488889185,6,2,0.106666488889185
"Treponema_denticola",3,5,-0.031999936000128,6,4,0.0266666222222963,5,5,0,5,3,0.031999936000128,6,4,0.0266666222222963,5,3,0.031999936000128,5,3,0.031999936000128,6,2,0.106666488889185,6,3,0.0599999000001667,4,3,0.0099999750000625
"Eubacterium_brachy",4,3,0.0099999750000625,6,3,0.0599999000001667,5,4,0.007999984000032,4,3,0.0099999750000625,5,3,0.031999936000128,5,3,0.031999936000128,5,3,0.031999936000128,4,2,0.03999990000025,6,2,0.106666488889185,4,3,0.0099999750000625
"Porphyromonas_endodontalis",0,2,-0.079999600002,3,2,0.013333288889037,2,2,0,1,3,-0.0533331555561481,3,2,0.013333288889037,2,2,0,2,2,0,3,1,0.0533331555561481,3,2,0.013333288889037,2,2,0
"Eubacterium_yurii",3,0,0.119999600001333,6,0,0.239999600000667,6,0,0.239999600000667,3,0,0.119999600001333,6,0,0.239999600000667,6,0,0.239999600000667,6,0,0.239999600000667,6,0,0.239999600000667,3,0,0.119999600001333,6,0,0.239999600000667
"Prevotella_shahii",5,1,0.127999744000512,6,2,0.106666488889185,5,2,0.071999856000288,4,1,0.0899997750005625,4,2,0.03999990000025,5,1,0.127999744000512,4,0,0.159999600001,5,2,0.071999856000288,3,2,0.013333288889037,4,1,0.0899997750005625
"Actinomyces_howellii",0,0,0,0,0,0,0,0,0,0,0,0,0,0,0,0,0,0,0,0,0,0,0,0,0,0,0,0,0,0
"Prevotella_denticola",3,4,-0.0099999750000625,3,4,-0.0099999750000625,5,3,0.031999936000128,1,3,-0.0533331555561481,4,2,0.03999990000025,2,3,-0.013333288889037,4,3,0.0099999750000625,2,2,0,3,4,-0.0099999750000625,5,2,0.071999856000288
"Actinobacillus_minor",0,0,0,0,0,0,0,0,0,0,0,0,0,0,0,0,0,0,0,0,0,0,0,0,0,0,0,0,0,0
"Haemophilus_haemoglobinophilus",4,0,0.159999600001,4,0,0.159999600001,4,0,0.159999600001,5,0,0.1999996000008,4,0,0.159999600001,5,0,0.1999996000008,4,0,0.159999600001,5,0,0.1999996000008,3,0,0.119999600001333,6,0,0.239999600000667
"Prevotella_scopos",3,1,0.0533331555561481,4,1,0.0899997750005625,5,1,0.127999744000512,2,0,0.079999600002,2,1,0.0199999000005,2,0,0.079999600002,3,1,0.0533331555561481,5,0,0.1999996000008,2,0,0.079999600002,3,1,0.0533331555561481
"Actinomyces_oris",1,1,0,0,2,-0.079999600002,1,2,-0.0199999000005,0,0,0,0,2,-0.079999600002,0,1,-0.039999600004,0,1,-0.039999600004,1,1,0,0,1,-0.039999600004,0,2,-0.079999600002
"Megasphaera_elsdenii",0,1,-0.039999600004,1,2,-0.0199999000005,1,1,0,0,2,-0.079999600002,1,1,0,1,2,-0.0199999000005,1,1,0,1,1,0,1,0,0.039999600004,1,1,0
"Dialister_invisus",3,4,-0.0099999750000625,4,3,0.0099999750000625,5,3,0.031999936000128,2,3,-0.013333288889037,6,3,0.0599999000001667,3,4,-0.0099999750000625,2,3,-0.013333288889037,3,2,0.013333288889037,4,2,0.03999990000025,5,2,0.071999856000288
"Granulicatella_adiacens",1,3,-0.0533331555561481,0,3,-0.119999600001333,1,4,-0.0899997750005625,0,2,-0.079999600002,0,5,-0.1999996000008,0,4,-0.159999600001,0,3,-0.119999600001333,1,3,-0.0533331555561481,0,5,-0.1999996000008,0,3,-0.119999600001333
"Prevotella_enoeca",0,1,-0.039999600004,2,1,0.0199999000005,3,1,0.0533331555561481,1,1,0,3,1,0.0533331555561481,1,1,0,2,2,0,3,1,0.0533331555561481,2,1,0.0199999000005,3,2,0.013333288889037
"Streptococcus_cristatus",1,2,-0.0199999000005,2,1,0.0199999000005,1,2,-0.0199999000005,2,1,0.0199999000005,2,1,0.0199999000005,2,2,0,1,1,0,2,1,0.0199999000005,2,0,0.079999600002,1,2,-0.0199999000005
"Veillonella_montpellierensis",1,0,0.039999600004,1,1,0,1,1,0,3,0,0.119999600001333,3,1,0.0533331555561481,1,0,0.039999600004,2,0,0.079999600002,1,1,0,2,1,0.0199999000005,1,1,0
"Moraxella_lacunata",2,0,0.079999600002,2,0,0.079999600002,1,0,0.039999600004,0,0,0,2,0,0.079999600002,1,0,0.039999600004,2,0,0.079999600002,1,0,0.039999600004,0,0,0,2,0,0.079999600002
"Lachnoanaerobaculum_orale",0,3,-0.119999600001333,1,3,-0.0533331555561481,2,3,-0.013333288889037,1,3,-0.0533331555561481,1,3,-0.0533331555561481,1,4,-0.0899997750005625,1,3,-0.0533331555561481,2,2,0,2,1,0.0199999000005,2,2,0
"Bacillus_pumilus",3,1,0.0533331555561481,1,1,0,2,1,0.0199999000005,2,1,0.0199999000005,2,1,0.0199999000005,2,1,0.0199999000005,3,0,0.119999600001333,2,1,0.0199999000005,1,1,0,2,0,0.079999600002
"Orientia_tsutsugamushi",2,0,0.079999600002,4,0,0.159999600001,3,0,0.119999600001333,3,0,0.119999600001333,5,0,0.1999996000008,4,0,0.159999600001,3,0,0.119999600001333,4,0,0.159999600001,3,0,0.119999600001333,6,0,0.239999600000667
"Terrahaemophilus_aromaticivorans",0,1,-0.039999600004,0,0,0,0,0,0,0,1,-0.039999600004,0,1,-0.039999600004,0,0,0,0,1,-0.039999600004,0,1,-0.039999600004,0,1,-0.039999600004,0,0,0
"Propionigenium_maris",0,0,0,0,0,0,0,0,0,0,0,0,0,0,0,0,0,0,0,0,0,0,0,0,0,0,0,0,0,0
"Mogibacterium_diversum",1,0,0.039999600004,0,0,0,1,0,0.039999600004,0,0,0,0,0,0,0,0,0,0,0,0,1,0,0.039999600004,0,0,0,0,0,0
"Actinomyces_meyeri",2,0,0.079999600002,1,1,0,2,1,0.0199999000005,1,0,0.039999600004,2,1,0.0199999000005,0,0,0,2,0,0.079999600002,2,1,0.0199999000005,2,1,0.0199999000005,2,1,0.0199999000005
"Bergeyella_zoohelcum",1,1,0,1,0,0.039999600004,1,0,0.039999600004,1,0,0.039999600004,2,1,0.0199999000005,1,1,0,1,1,0,2,1,0.0199999000005,2,1,0.0199999000005,2,1,0.0199999000005
"Actinomyces_bowdenii",0,0,0,0,0,0,0,0,0,0,1,-0.039999600004,0,1,-0.039999600004,0,1,-0.039999600004,0,0,0,0,0,0,0,0,0,0,1,-0.039999600004
"Prevotella_salivae",3,2,0.013333288889037,3,1,0.0533331555561481,3,1,0.0533331555561481,2,2,0,3,1,0.0533331555561481,3,2,0.013333288889037,1,1,0,1,2,-0.0199999000005,3,1,0.0533331555561481,2,1,0.0199999000005
"Actinobaculum_massiliense",0,1,-0.039999600004,0,1,-0.039999600004,0,1,-0.039999600004,1,0,0.039999600004,1,1,0,1,1,0,0,1,-0.039999600004,0,0,0,0,0,0,1,1,0
"Mannheimia_granulomatis",0,0,0,1,0,0.039999600004,1,0,0.039999600004,1,0,0.039999600004,1,0,0.039999600004,1,0,0.039999600004,1,0,0.039999600004,2,0,0.079999600002,2,0,0.079999600002,2,0,0.079999600002
"Eubacterium_nodatum",1,3,-0.0533331555561481,5,2,0.071999856000288,3,2,0.013333288889037,3,1,0.0533331555561481,5,2,0.071999856000288,4,2,0.03999990000025,2,3,-0.013333288889037,4,2,0.03999990000025,4,1,0.0899997750005625,2,2,0
"Planobacterium_taklimakanense",0,0,0,1,0,0.039999600004,0,0,0,0,0,0,1,0,0.039999600004,1,0,0.039999600004,0,0,0,1,0,0.039999600004,0,0,0,0,0,0
"Ornatilinea_apprima",1,1,0,1,1,0,2,1,0.0199999000005,1,0,0.039999600004,1,1,0,1,1,0,1,1,0,2,0,0.079999600002,1,0,0.039999600004,1,1,0
"Neisseria_pharyngis",2,0,0.079999600002,2,1,0.0199999000005,3,1,0.0533331555561481,1,0,0.039999600004,2,1,0.0199999000005,2,0,0.079999600002,3,0,0.119999600001333,2,1,0.0199999000005,1,1,0,2,1,0.0199999000005
"Anaeroglobus_geminatus",3,2,0.013333288889037,3,3,0,3,2,0.013333288889037,1,1,0,3,2,0.013333288889037,2,2,0,2,1,0.0199999000005,2,1,0.0199999000005,4,2,0.03999990000025,2,3,-0.013333288889037
"Olsenella_uli",4,2,0.03999990000025,2,3,-0.013333288889037,4,2,0.03999990000025,1,1,0,2,2,0,2,2,0,1,1,0,2,1,0.0199999000005,3,2,0.013333288889037,2,3,-0.013333288889037
"Lactobacillus_johnsonii",1,2,-0.0199999000005,0,4,-0.159999600001,1,3,-0.0533331555561481,0,3,-0.119999600001333,1,4,-0.0899997750005625,0,3,-0.119999600001333,0,2,-0.079999600002,0,4,-0.159999600001,1,4,-0.0899997750005625,1,2,-0.0199999000005
"Prevotella_veroralis",3,2,0.013333288889037,3,1,0.0533331555561481,6,2,0.106666488889185,4,2,0.03999990000025,6,1,0.166666388889352,3,1,0.0533331555561481,2,2,0,5,2,0.071999856000288,5,1,0.127999744000512,4,1,0.0899997750005625
"Dialister_propionicifaciens",0,0,0,1,0,0.039999600004,1,0,0.039999600004,1,0,0.039999600004,2,0,0.079999600002,2,0,0.079999600002,1,0,0.039999600004,1,0,0.039999600004,1,0,0.039999600004,2,0,0.079999600002
"Rothia_dentocariosa",1,1,0,2,2,0,1,1,0,2,1,0.0199999000005,2,1,0.0199999000005,2,1,0.0199999000005,1,0,0.039999600004,2,1,0.0199999000005,2,2,0,0,2,-0.079999600002
"Mycoplasma_faucium",1,2,-0.0199999000005,3,1,0.0533331555561481,1,1,0,2,0,0.079999600002,2,2,0,2,2,0,1,2,-0.0199999000005,2,1,0.0199999000005,2,1,0.0199999000005,1,2,-0.0199999000005
"Mycoplasma_hyosynoviae",0,0,0,0,0,0,0,0,0,0,0,0,0,0,0,0,0,0,0,0,0,0,0,0,0,0,0,0,0,0
"Azospira_oryzae",0,0,0,0,0,0,0,0,0,0,0,0,0,0,0,0,0,0,0,0,0,0,0,0,0,0,0,0,0,0
"Alysiella_crassa",1,0,0.039999600004,2,0,0.079999600002,2,0,0.079999600002,0,0,0,1,0,0.039999600004,1,0,0.039999600004,1,0,0.039999600004,1,0,0.039999600004,2,0,0.079999600002,2,0,0.079999600002
"Prevotella_dentalis",1,2,-0.0199999000005,1,1,0,1,2,-0.0199999000005,2,1,0.0199999000005,3,1,0.0533331555561481,2,1,0.0199999000005,1,0,0.039999600004,2,2,0,2,1,0.0199999000005,3,1,0.0533331555561481
"Acidithiobacillus_thiooxidans",0,0,0,2,0,0.079999600002,1,0,0.039999600004,0,0,0,2,0,0.079999600002,1,0,0.039999600004,0,0,0,2,0,0.079999600002,1,0,0.039999600004,1,0,0.039999600004
"Corynebacterium_jeikeium",1,0,0.039999600004,1,0,0.039999600004,0,0,0,1,1,0,0,0,0,1,1,0,1,1,0,1,1,0,1,1,0,0,1,-0.039999600004
"Peptococcus_niger",2,1,0.0199999000005,3,2,0.013333288889037,2,1,0.0199999000005,1,1,0,3,1,0.0533331555561481,3,1,0.0533331555561481,2,0,0.079999600002,3,1,0.0533331555561481,2,2,0,2,2,0
"Acinetobacter_baumannii",2,1,0.0199999000005,1,1,0,1,2,-0.0199999000005,0,1,-0.039999600004,2,1,0.0199999000005,1,1,0,2,1,0.0199999000005,1,2,-0.0199999000005,1,1,0,2,1,0.0199999000005
"Treponema_refringens",2,0,0.079999600002,3,0,0.119999600001333,2,0,0.079999600002,2,1,0.0199999000005,2,0,0.079999600002,3,1,0.0533331555561481,1,1,0,3,1,0.0533331555561481,2,1,0.0199999000005,2,1,0.0199999000005
"Treponema_pedis",2,0,0.079999600002,3,1,0.0533331555561481,2,1,0.0199999000005,3,1,0.0533331555561481,3,1,0.0533331555561481,3,0,0.119999600001333,0,1,-0.039999600004,2,0,0.079999600002,3,1,0.0533331555561481,3,0,0.119999600001333
"Campylobacter_curvus",2,1,0.0199999000005,3,1,0.0533331555561481,1,0,0.039999600004,1,1,0,2,0,0.079999600002,3,1,0.0533331555561481,3,0,0.119999600001333,3,0,0.119999600001333,2,1,0.0199999000005,2,1,0.0199999000005
"Prevotella_bivia",0,4,-0.159999600001,0,3,-0.119999600001333,0,2,-0.079999600002,0,4,-0.159999600001,0,1,-0.039999600004,0,4,-0.159999600001,0,2,-0.079999600002,0,3,-0.119999600001333,0,2,-0.079999600002,0,3,-0.119999600001333
"Mycoplasma_feliminutum",0,0,0,0,0,0,0,0,0,0,0,0,0,0,0,0,0,0,0,0,0,0,0,0,0,0,0,0,0,0
"Streptococcus_pneumoniae",0,2,-0.079999600002,0,1,-0.039999600004,0,1,-0.039999600004,0,1,-0.039999600004,0,3,-0.119999600001333,0,1,-0.039999600004,0,2,-0.079999600002,0,3,-0.119999600001333,0,3,-0.119999600001333,0,2,-0.079999600002
"Schwartzia_succinivorans",1,4,-0.0899997750005625,3,4,-0.0099999750000625,3,3,0,0,4,-0.159999600001,3,2,0.013333288889037,1,4,-0.0899997750005625,2,3,-0.013333288889037,2,2,0,2,4,-0.03999990000025,3,5,-0.031999936000128
"Actinomyces_hyovaginalis",0,1,-0.039999600004,0,1,-0.039999600004,0,1,-0.039999600004,1,0,0.039999600004,1,1,0,1,1,0,0,1,-0.039999600004,0,0,0,0,0,0,1,1,0
"Prevotella_marshii",0,3,-0.119999600001333,2,1,0.0199999000005,2,2,0,0,2,-0.079999600002,2,2,0,1,3,-0.0533331555561481,1,3,-0.0533331555561481,2,3,-0.013333288889037,2,3,-0.013333288889037,2,2,0
"Treponema_parvum",0,3,-0.119999600001333,2,3,-0.013333288889037,1,2,-0.0199999000005,1,3,-0.0533331555561481,2,1,0.0199999000005,1,3,-0.0533331555561481,0,2,-0.079999600002,1,1,0,1,3,-0.0533331555561481,1,4,-0.0899997750005625
"Lautropia_mirabilis",1,1,0,2,2,0,2,1,0.0199999000005,0,1,-0.039999600004,1,2,-0.0199999000005,2,1,0.0199999000005,2,2,0,1,2,-0.0199999000005,2,2,0,2,1,0.0199999000005
"Barnesiella_intestinihominis",2,3,-0.013333288889037,2,3,-0.013333288889037,1,2,-0.0199999000005,2,3,-0.013333288889037,2,1,0.0199999000005,2,3,-0.013333288889037,3,1,0.0533331555561481,3,2,0.013333288889037,3,2,0.013333288889037,1,2,-0.0199999000005
"Actinobacillus_rossii",2,1,0.0199999000005,4,1,0.0899997750005625,5,0,0.1999996000008,4,0,0.159999600001,4,0,0.159999600001,1,0,0.039999600004,4,1,0.0899997750005625,1,0,0.039999600004,2,1,0.0199999000005,4,0,0.159999600001
"Actinomyces_gerencseriae",3,1,0.0533331555561481,1,1,0,2,1,0.0199999000005,1,2,-0.0199999000005,2,2,0,2,1,0.0199999000005,2,2,0,1,2,-0.0199999000005,3,2,0.013333288889037,3,1,0.0533331555561481
"Bacteroides_stercoris",3,3,0,1,3,-0.0533331555561481,3,2,0.013333288889037,2,2,0,3,2,0.013333288889037,2,2,0,3,1,0.0533331555561481,3,1,0.0533331555561481,3,2,0.013333288889037,2,2,0
"Neisseria_shayeganii",2,1,0.0199999000005,2,1,0.0199999000005,3,0,0.119999600001333,2,0,0.079999600002,2,1,0.0199999000005,3,1,0.0533331555561481,2,1,0.0199999000005,2,1,0.0199999000005,2,0,0.079999600002,3,1,0.0533331555561481
"Selenomonas_noxia",0,2,-0.079999600002,2,1,0.0199999000005,2,2,0,0,2,-0.079999600002,2,1,0.0199999000005,1,2,-0.0199999000005,1,2,-0.0199999000005,2,2,0,2,1,0.0199999000005,2,1,0.0199999000005
"Bifidobacterium_dentium",1,3,-0.0533331555561481,0,4,-0.159999600001,1,3,-0.0533331555561481,0,6,-0.239999600000667,0,4,-0.159999600001,0,5,-0.1999996000008,0,4,-0.159999600001,1,3,-0.0533331555561481,0,3,-0.119999600001333,0,2,-0.079999600002
"Gemmatimonas_aurantiaca",1,0,0.039999600004,0,0,0,1,0,0.039999600004,1,0,0.039999600004,0,0,0,1,0,0.039999600004,1,0,0.039999600004,1,0,0.039999600004,0,0,0,0,0,0
"Haemophilus_parainfluenzae",8,1,0.244999693750383,11,0,0.439999600000364,9,0,0.359999600000444,10,1,0.323999676000324,8,1,0.244999693750383,10,0,0.3999996000004,8,1,0.244999693750383,8,1,0.244999693750383,7,1,0.205713991837154,7,0,0.279999600000571
"Porphyromonas_gingivalis",3,4,-0.0099999750000625,5,4,0.007999984000032,5,4,0.007999984000032,4,3,0.0099999750000625,6,3,0.0599999000001667,5,4,0.007999984000032,4,3,0.0099999750000625,5,3,0.031999936000128,5,2,0.071999856000288,5,4,0.007999984000032
"Streptococcus_sobrinus",2,1,0.0199999000005,3,1,0.0533331555561481,1,1,0,3,1,0.0533331555561481,2,0,0.079999600002,3,0,0.119999600001333,0,1,-0.039999600004,1,1,0,2,0,0.079999600002,1,0,0.039999600004
"Pseudomonas_stutzeri",0,1,-0.039999600004,0,1,-0.039999600004,0,1,-0.039999600004,0,1,-0.039999600004,0,1,-0.039999600004,0,1,-0.039999600004,0,1,-0.039999600004,0,0,0,0,1,-0.039999600004,0,0,0
"Acinetobacter_junii",0,0,0,1,0,0.039999600004,1,0,0.039999600004,0,0,0,1,0,0.039999600004,1,0,0.039999600004,1,0,0.039999600004,1,0,0.039999600004,1,0,0.039999600004,1,0,0.039999600004
"Bacteroides_acidifaciens",0,0,0,1,0,0.039999600004,1,0,0.039999600004,0,0,0,1,0,0.039999600004,1,0,0.039999600004,1,0,0.039999600004,1,0,0.039999600004,1,0,0.039999600004,1,0,0.039999600004
"Prevotella_amnii",2,0,0.079999600002,2,0,0.079999600002,2,0,0.079999600002,2,0,0.079999600002,2,0,0.079999600002,3,0,0.119999600001333,1,0,0.039999600004,1,0,0.039999600004,2,0,0.079999600002,2,0,0.079999600002
"Streptococcus_agalactiae",1,2,-0.0199999000005,1,3,-0.0533331555561481,1,1,0,0,1,-0.039999600004,1,3,-0.0533331555561481,0,3,-0.119999600001333,1,2,-0.0199999000005,0,3,-0.119999600001333,0,2,-0.079999600002,1,3,-0.0533331555561481
"Treponema_bryantii",0,1,-0.039999600004,1,1,0,0,2,-0.079999600002,1,0,0.039999600004,1,2,-0.0199999000005,1,1,0,0,1,-0.039999600004,0,0,0,0,1,-0.039999600004,0,1,-0.039999600004
"Bacteroides_intestinalis",4,3,0.0099999750000625,2,3,-0.013333288889037,2,2,0,3,3,0,3,1,0.0533331555561481,4,3,0.0099999750000625,4,1,0.0899997750005625,5,2,0.071999856000288,4,2,0.03999990000025,3,2,0.013333288889037
"Filifactor_alocis",1,6,-0.166666388889352,4,5,-0.007999984000032,4,5,-0.007999984000032,3,4,-0.0099999750000625,5,3,0.031999936000128,3,4,-0.0099999750000625,3,3,0,5,4,0.007999984000032,4,3,0.0099999750000625,3,4,-0.0099999750000625
"Prevotella_copri",3,2,0.013333288889037,2,2,0,3,1,0.0533331555561481,1,2,-0.0199999000005,3,1,0.0533331555561481,2,2,0,3,0,0.119999600001333,2,1,0.0199999000005,4,2,0.03999990000025,3,1,0.0533331555561481
"Odoribacter_denticanis",1,0,0.039999600004,2,0,0.079999600002,2,0,0.079999600002,1,0,0.039999600004,2,0,0.079999600002,1,0,0.039999600004,0,0,0,2,0,0.079999600002,2,0,0.079999600002,1,0,0.039999600004
"Bacteroides_heparinolyticus",2,2,0,4,2,0.03999990000025,4,1,0.0899997750005625,1,3,-0.0533331555561481,4,1,0.0899997750005625,2,3,-0.013333288889037,2,2,0,3,1,0.0533331555561481,3,3,0,3,2,0.013333288889037
"Rothia_mucilaginosa",5,3,0.031999936000128,5,2,0.071999856000288,4,2,0.03999990000025,4,3,0.0099999750000625,3,2,0.013333288889037,4,3,0.0099999750000625,3,3,0,5,4,0.007999984000032,4,3,0.0099999750000625,5,2,0.071999856000288
"Lachnoanaerobaculum_saburreum",4,2,0.03999990000025,4,1,0.0899997750005625,6,2,0.106666488889185,3,1,0.0533331555561481,4,1,0.0899997750005625,3,1,0.0533331555561481,4,2,0.03999990000025,5,1,0.127999744000512,4,0,0.159999600001,5,1,0.127999744000512
"Acinetobacter_lwoffii",0,0,0,0,1,-0.039999600004,0,1,-0.039999600004,0,0,0,0,1,-0.039999600004,0,0,0,0,0,0,0,1,-0.039999600004,0,1,-0.039999600004,0,1,-0.039999600004
"Brachymonas_denitrificans",0,0,0,2,2,0,2,1,0.0199999000005,0,2,-0.079999600002,2,2,0,1,1,0,1,1,0,2,0,0.079999600002,2,1,0.0199999000005,2,0,0.079999600002
"Prevotella_paludivivens",1,1,0,3,1,0.0533331555561481,1,1,0,2,0,0.079999600002,2,1,0.0199999000005,2,1,0.0199999000005,2,1,0.0199999000005,3,0,0.119999600001333,3,0,0.119999600001333,1,1,0
"Streptococcus_gordonii",1,2,-0.0199999000005,1,1,0,1,1,0,1,1,0,0,2,-0.079999600002,0,0,0,0,2,-0.079999600002,0,1,-0.039999600004,1,1,0,1,1,0
"Leptotrichia_hofstadii",2,1,0.0199999000005,4,1,0.0899997750005625,4,1,0.0899997750005625,3,1,0.0533331555561481,4,1,0.0899997750005625,3,1,0.0533331555561481,2,1,0.0199999000005,4,0,0.159999600001,4,1,0.0899997750005625,5,0,0.1999996000008
"Bacteroides_zoogleoformans",2,1,0.0199999000005,3,1,0.0533331555561481,2,0,0.079999600002,3,1,0.0533331555561481,4,1,0.0899997750005625,2,1,0.0199999000005,2,0,0.079999600002,4,1,0.0899997750005625,4,1,0.0899997750005625,1,1,0
"Natranaerovirga_hydrolytica",0,0,0,1,0,0.039999600004,1,0,0.039999600004,0,0,0,1,0,0.039999600004,0,0,0,0,0,0,1,0,0.039999600004,1,0,0.039999600004,1,0,0.039999600004
"Mogibacterium_neglectum",0,0,0,0,0,0,0,0,0,0,0,0,0,0,0,0,0,0,0,0,0,0,0,0,0,0,0,0,0,0
"Campylobacter_mucosalis",2,0,0.079999600002,2,2,0,3,0,0.119999600001333,2,1,0.0199999000005,2,2,0,3,2,0.013333288889037,2,1,0.0199999000005,1,2,-0.0199999000005,3,1,0.0533331555561481,3,0,0.119999600001333
"Peptoniphilus_lacrimalis",2,2,0,1,2,-0.0199999000005,1,2,-0.0199999000005,2,1,0.0199999000005,2,1,0.0199999000005,1,0,0.039999600004,1,1,0,2,1,0.0199999000005,2,2,0,0,2,-0.079999600002
"Streptococcus_sanguinis",4,0,0.159999600001,4,1,0.0899997750005625,4,1,0.0899997750005625,3,0,0.119999600001333,4,1,0.0899997750005625,4,0,0.159999600001,1,0,0.039999600004,5,1,0.127999744000512,4,1,0.0899997750005625,3,1,0.0533331555561481
"Eubacterium_rectale",1,5,-0.127999744000512,1,4,-0.0899997750005625,1,4,-0.0899997750005625,1,4,-0.0899997750005625,2,2,0,1,4,-0.0899997750005625,2,3,-0.013333288889037,2,3,-0.013333288889037,2,2,0,1,3,-0.0533331555561481
"Fusobacterium_periodonticum",4,1,0.0899997750005625,7,1,0.205713991837154,7,1,0.205713991837154,6,0,0.239999600000667,8,1,0.244999693750383,5,0,0.1999996000008,5,1,0.127999744000512,8,0,0.3199996000005,7,0,0.279999600000571,6,1,0.166666388889352
"Eubacterium_minutum",0,1,-0.039999600004,1,1,0,1,1,0,0,1,-0.039999600004,1,1,0,0,2,-0.079999600002,0,2,-0.079999600002,1,1,0,1,1,0,1,2,-0.0199999000005
"Sporanaerobacter_acetigenes",0,0,0,1,0,0.039999600004,1,0,0.039999600004,0,0,0,1,0,0.039999600004,0,0,0,0,0,0,1,0,0.039999600004,1,0,0.039999600004,1,0,0.039999600004
"Desulfomicrobium_orale",2,0,0.079999600002,4,0,0.159999600001,3,0,0.119999600001333,4,0,0.159999600001,4,0,0.159999600001,3,0,0.119999600001333,2,0,0.079999600002,4,0,0.159999600001,4,0,0.159999600001,3,0,0.119999600001333
"Campylobacter_showae",4,2,0.03999990000025,4,2,0.03999990000025,6,2,0.106666488889185,5,2,0.071999856000288,6,2,0.106666488889185,6,1,0.166666388889352,5,2,0.071999856000288,7,3,0.0914284408165131,4,2,0.03999990000025,5,1,0.127999744000512
"Tannerella_forsythia",1,4,-0.0899997750005625,4,5,-0.007999984000032,4,4,0,2,4,-0.03999990000025,5,3,0.031999936000128,3,3,0,2,4,-0.03999990000025,5,1,0.127999744000512,3,3,0,3,2,0.013333288889037
"Kingella_potus",2,0,0.079999600002,4,1,0.0899997750005625,3,0,0.119999600001333,1,1,0,2,1,0.0199999000005,3,1,0.0533331555561481,2,0,0.079999600002,2,0,0.079999600002,4,0,0.159999600001,4,0,0.159999600001
"Capnocytophaga_granulosa",0,2,-0.079999600002,1,1,0,2,1,0.0199999000005,1,1,0,2,2,0,0,2,-0.079999600002,1,1,0,2,2,0,1,2,-0.0199999000005,2,1,0.0199999000005
"Neisseria_oralis",4,0,0.159999600001,5,3,0.031999936000128,4,2,0.03999990000025,4,1,0.0899997750005625,4,3,0.0099999750000625,5,2,0.071999856000288,4,2,0.03999990000025,5,3,0.031999936000128,4,3,0.0099999750000625,3,2,0.013333288889037
"Lactobacillus_ruminis",0,0,0,1,1,0,1,1,0,0,0,0,1,1,0,1,0,0.039999600004,1,0,0.039999600004,1,1,0,1,1,0,1,1,0
"Helicobacter_pylori",1,3,-0.0533331555561481,0,2,-0.079999600002,1,0,0.039999600004,0,3,-0.119999600001333,2,2,0,2,2,0,1,1,0,1,2,-0.0199999000005,2,3,-0.013333288889037,1,2,-0.0199999000005
"Soonwooa_buanensis",0,0,0,2,0,0.079999600002,2,0,0.079999600002,0,0,0,2,0,0.079999600002,1,0,0.039999600004,1,0,0.039999600004,2,0,0.079999600002,2,0,0.079999600002,2,0,0.079999600002
"Leptotrichia_hongkongensis",2,2,0,2,1,0.0199999000005,3,2,0.013333288889037,3,2,0.013333288889037,3,1,0.0533331555561481,2,2,0,2,2,0,3,1,0.0533331555561481,2,1,0.0199999000005,2,0,0.079999600002
"Gemella_haemolysans",2,1,0.0199999000005,3,2,0.013333288889037,2,1,0.0199999000005,2,1,0.0199999000005,3,3,0,3,2,0.013333288889037,3,2,0.013333288889037,4,3,0.0099999750000625,2,3,-0.013333288889037,2,2,0
"Gemella_palaticanis",0,0,0,0,1,-0.039999600004,0,1,-0.039999600004,1,0,0.039999600004,1,1,0,1,0,0.039999600004,0,0,0,0,1,-0.039999600004,0,1,-0.039999600004,1,1,0
"Bacillus_cereus",3,1,0.0533331555561481,1,1,0,1,0,0.039999600004,1,1,0,3,2,0.013333288889037,2,2,0,3,1,0.0533331555561481,2,1,0.0199999000005,2,0,0.079999600002,3,2,0.013333288889037
"Slackia_exigua",4,4,0,2,5,-0.071999856000288,3,3,0,2,3,-0.013333288889037,3,4,-0.0099999750000625,1,4,-0.0899997750005625,3,2,0.013333288889037,2,2,0,2,4,-0.03999990000025,3,4,-0.0099999750000625
"Actinomyces_viscosus",0,3,-0.119999600001333,0,2,-0.079999600002,0,3,-0.119999600001333,0,2,-0.079999600002,0,1,-0.039999600004,0,1,-0.039999600004,0,2,-0.079999600002,0,2,-0.079999600002,0,1,-0.039999600004,0,0,0
"Streptococcus_oralis",3,2,0.013333288889037,2,3,-0.013333288889037,3,1,0.0533331555561481,2,2,0,2,2,0,1,2,-0.0199999000005,3,1,0.0533331555561481,4,3,0.0099999750000625,0,3,-0.119999600001333,2,2,0
"Desulfovibrio_fairfieldensis",2,4,-0.03999990000025,4,3,0.0099999750000625,3,4,-0.0099999750000625,3,4,-0.0099999750000625,5,2,0.071999856000288,3,4,-0.0099999750000625,2,4,-0.03999990000025,3,2,0.013333288889037,3,3,0,3,3,0
"Prevotella_multisaccharivorax",0,4,-0.159999600001,1,4,-0.0899997750005625,1,3,-0.0533331555561481,1,4,-0.0899997750005625,2,3,-0.013333288889037,2,4,-0.03999990000025,1,3,-0.0533331555561481,1,2,-0.0199999000005,1,2,-0.0199999000005,2,2,0
"Streptococcus_sinensis",1,0,0.039999600004,2,0,0.079999600002,3,0,0.119999600001333,1,0,0.039999600004,3,0,0.119999600001333,0,0,0,2,0,0.079999600002,2,0,0.079999600002,1,0,0.039999600004,3,0,0.119999600001333
"Gemella_cuniculi",0,1,-0.039999600004,0,1,-0.039999600004,1,1,0,2,1,0.0199999000005,1,1,0,1,1,0,2,1,0.0199999000005,2,0,0.079999600002,1,1,0,2,0,0.079999600002
"Desulfobulbus_propionicus",0,1,-0.039999600004,1,1,0,1,1,0,1,1,0,2,1,0.0199999000005,1,2,-0.0199999000005,0,2,-0.079999600002,1,1,0,1,1,0,2,2,0
"Cardiobacterium_valvarum",2,0,0.079999600002,4,0,0.159999600001,2,0,0.079999600002,1,0,0.039999600004,3,0,0.119999600001333,2,0,0.079999600002,1,0,0.039999600004,2,0,0.079999600002,2,0,0.079999600002,3,0,0.119999600001333
"Corynebacterium_tuberculostearicum",0,0,0,0,0,0,0,1,-0.039999600004,0,1,-0.039999600004,0,0,0,0,1,-0.039999600004,0,1,-0.039999600004,0,1,-0.039999600004,0,1,-0.039999600004,0,1,-0.039999600004
"Prevotella_pleuritidis",4,1,0.0899997750005625,4,2,0.03999990000025,3,2,0.013333288889037,4,1,0.0899997750005625,5,2,0.071999856000288,4,1,0.0899997750005625,4,1,0.0899997750005625,5,1,0.127999744000512,6,2,0.106666488889185,2,1,0.0199999000005
"Corynebacterium_argentoratense",1,0,0.039999600004,0,1,-0.039999600004,0,2,-0.079999600002,0,1,-0.039999600004,1,1,0,1,1,0,1,1,0,1,2,-0.0199999000005,1,2,-0.0199999000005,1,2,-0.0199999000005
"Howardella_ureilytica",1,6,-0.166666388889352,2,7,-0.142856938775802,1,4,-0.0899997750005625,1,5,-0.127999744000512,1,5,-0.127999744000512,1,5,-0.127999744000512,1,4,-0.0899997750005625,2,2,0,2,4,-0.03999990000025,1,5,-0.127999744000512
"Snodgrassella_alvi",3,1,0.0533331555561481,4,1,0.0899997750005625,4,2,0.03999990000025,1,1,0,2,1,0.0199999000005,2,1,0.0199999000005,3,0,0.119999600001333,1,2,-0.0199999000005,3,1,0.0533331555561481,4,2,0.03999990000025
"Clostridium_hathewayi",1,2,-0.0199999000005,2,2,0,1,1,0,0,2,-0.079999600002,2,1,0.0199999000005,2,2,0,2,0,0.079999600002,2,1,0.0199999000005,1,2,-0.0199999000005,2,1,0.0199999000005
"Propionibacterium_acidifaciens",0,2,-0.079999600002,0,3,-0.119999600001333,1,2,-0.0199999000005,2,2,0,2,3,-0.013333288889037,1,2,-0.0199999000005,1,2,-0.0199999000005,1,1,0,0,2,-0.079999600002,2,2,0
"Gardnerella_vaginalis",2,3,-0.013333288889037,0,2,-0.079999600002,2,2,0,1,2,-0.0199999000005,1,2,-0.0199999000005,0,1,-0.039999600004,1,0,0.039999600004,2,1,0.0199999000005,1,3,-0.0533331555561481,1,3,-0.0533331555561481
"Parascardovia_denticolens",2,2,0,1,2,-0.0199999000005,2,2,0,1,2,-0.0199999000005,1,2,-0.0199999000005,1,3,-0.0533331555561481,0,2,-0.079999600002,2,1,0.0199999000005,1,0,0.039999600004,0,1,-0.039999600004
"Prevotella_falsenii",0,0,0,0,0,0,1,0,0.039999600004,0,0,0,1,0,0.039999600004,1,0,0.039999600004,0,0,0,0,0,0,1,0,0.039999600004,0,0,0
"Streptobacillus_moniliformis",1,0,0.039999600004,2,0,0.079999600002,2,0,0.079999600002,1,0,0.039999600004,3,0,0.119999600001333,1,0,0.039999600004,2,0,0.079999600002,3,0,0.119999600001333,3,0,0.119999600001333,2,0,0.079999600002
"Gemella_bergeri",0,0,0,0,0,0,0,0,0,0,0,0,0,0,0,0,0,0,0,0,0,0,0,0,0,0,0,0,0,0
"Selenomonas_ruminantium",0,0,0,1,1,0,1,0,0.039999600004,1,1,0,2,1,0.0199999000005,1,1,0,0,0,0,1,0,0.039999600004,1,0,0.039999600004,2,0,0.079999600002
"Eubacterium_sulci",4,3,0.0099999750000625,5,2,0.071999856000288,7,2,0.142856938775802,4,2,0.03999990000025,5,2,0.071999856000288,4,2,0.03999990000025,3,1,0.0533331555561481,6,2,0.106666488889185,5,1,0.127999744000512,5,3,0.031999936000128
"Veillonella_ratti",1,0,0.039999600004,0,0,0,0,0,0,1,0,0.039999600004,1,0,0.039999600004,1,0,0.039999600004,1,0,0.039999600004,1,0,0.039999600004,1,0,0.039999600004,1,0,0.039999600004
"Desulfobulbus_rhabdoformis",1,1,0,3,1,0.0533331555561481,1,1,0,2,0,0.079999600002,2,1,0.0199999000005,2,1,0.0199999000005,1,1,0,2,0,0.079999600002,2,0,0.079999600002,1,1,0
"Lactobacillus_mucosae",0,1,-0.039999600004,0,1,-0.039999600004,0,1,-0.039999600004,1,2,-0.0199999000005,1,1,0,1,2,-0.0199999000005,0,1,-0.039999600004,0,1,-0.039999600004,0,0,0,1,0,0.039999600004
"Streptococcus_parasanguinis",2,2,0,2,0,0.079999600002,1,1,0,2,3,-0.013333288889037,1,1,0,2,2,0,1,3,-0.0533331555561481,0,3,-0.119999600001333,2,2,0,1,1,0
"Eubacterium_ramulus",2,2,0,1,2,-0.0199999000005,1,1,0,1,2,-0.0199999000005,3,1,0.0533331555561481,2,2,0,3,0,0.119999600001333,3,1,0.0533331555561481,3,2,0.013333288889037,2,1,0.0199999000005
"Ralstonia_solanacearum",3,0,0.119999600001333,2,0,0.079999600002,3,1,0.0533331555561481,2,0,0.079999600002,2,1,0.0199999000005,2,1,0.0199999000005,2,0,0.079999600002,2,0,0.079999600002,1,1,0,1,0,0.039999600004
"Prevotella_oralis",1,3,-0.0533331555561481,2,3,-0.013333288889037,2,3,-0.013333288889037,1,2,-0.0199999000005,2,2,0,2,3,-0.013333288889037,1,2,-0.0199999000005,2,2,0,2,2,0,1,3,-0.0533331555561481
"Actinomyces_graevenitzii",2,0,0.079999600002,2,0,0.079999600002,3,0,0.119999600001333,3,0,0.119999600001333,3,0,0.119999600001333,3,0,0.119999600001333,2,0,0.079999600002,2,0,0.079999600002,3,0,0.119999600001333,3,0,0.119999600001333
"Alloprevotella_rava",5,1,0.127999744000512,3,1,0.0533331555561481,4,1,0.0899997750005625,4,2,0.03999990000025,3,1,0.0533331555561481,5,1,0.127999744000512,4,2,0.03999990000025,5,2,0.071999856000288,4,1,0.0899997750005625,6,1,0.166666388889352
"Paraprevotella_clara",1,1,0,1,1,0,1,1,0,1,1,0,2,1,0.0199999000005,1,1,0,0,0,0,0,1,-0.039999600004,1,1,0,1,0,0.039999600004
"Actinobacillus_porcinus",1,2,-0.0199999000005,1,3,-0.0533331555561481,1,1,0,0,3,-0.119999600001333,2,2,0,2,2,0,2,3,-0.013333288889037,2,2,0,2,3,-0.013333288889037,2,2,0
"Pseudomonas_aeruginosa",0,2,-0.079999600002,1,2,-0.0199999000005,1,1,0,0,2,-0.079999600002,1,1,0,0,2,-0.079999600002,0,1,-0.039999600004,1,0,0.039999600004,1,2,-0.0199999000005,1,1,0
"Atopobium_parvulum",2,2,0,3,2,0.013333288889037,2,1,0.0199999000005,1,3,-0.0533331555561481,2,1,0.0199999000005,1,3,-0.0533331555561481,1,2,-0.0199999000005,1,2,-0.0199999000005,2,1,0.0199999000005,3,0,0.119999600001333
"Stenotrophomonas_maltophilia",0,0,0,1,0,0.039999600004,1,0,0.039999600004,1,0,0.039999600004,1,0,0.039999600004,1,0,0.039999600004,1,0,0.039999600004,0,0,0,0,0,0,1,0,0.039999600004
"Anaerovorax_odorimutans",1,0,0.039999600004,2,0,0.079999600002,1,0,0.039999600004,1,0,0.039999600004,1,0,0.039999600004,1,0,0.039999600004,0,0,0,1,0,0.039999600004,2,0,0.079999600002,2,0,0.079999600002
"Megamonas_funiformis",1,1,0,1,1,0,1,0,0.039999600004,1,1,0,2,0,0.079999600002,1,1,0,2,0,0.079999600002,2,0,0.079999600002,2,1,0.0199999000005,1,1,0
"Pasteurella_pneumotropica",0,0,0,1,0,0.039999600004,1,0,0.039999600004,0,0,0,1,0,0.039999600004,0,0,0,0,0,0,1,0,0.039999600004,1,0,0.039999600004,1,0,0.039999600004
"Treponema_amylovorum",2,2,0,4,2,0.03999990000025,3,1,0.0533331555561481,1,1,0,2,1,0.0199999000005,3,2,0.013333288889037,3,1,0.0533331555561481,3,0,0.119999600001333,4,1,0.0899997750005625,3,2,0.013333288889037
"Prevotella_nanceiensis",2,3,-0.013333288889037,1,1,0,2,2,0,2,1,0.0199999000005,1,3,-0.0533331555561481,2,0,0.079999600002,2,2,0,2,1,0.0199999000005,1,2,-0.0199999000005,1,2,-0.0199999000005
"Wolinella_succinogenes",1,0,0.039999600004,2,0,0.079999600002,2,0,0.079999600002,1,0,0.039999600004,2,0,0.079999600002,1,0,0.039999600004,0,0,0,2,0,0.079999600002,2,0,0.079999600002,1,0,0.039999600004
"Lactobacillus_frumenti",0,1,-0.039999600004,0,1,-0.039999600004,0,0,0,0,1,-0.039999600004,0,1,-0.039999600004,0,1,-0.039999600004,0,0,0,0,1,-0.039999600004,0,1,-0.039999600004,0,1,-0.039999600004
"Shuttleworthia_satelles",2,1,0.0199999000005,4,3,0.0099999750000625,5,2,0.071999856000288,2,2,0,4,3,0.0099999750000625,3,2,0.013333288889037,3,2,0.013333288889037,4,0,0.159999600001,4,1,0.0899997750005625,4,1,0.0899997750005625
"Treponema_lecithinolyticum",2,1,0.0199999000005,4,1,0.0899997750005625,4,1,0.0899997750005625,4,1,0.0899997750005625,4,1,0.0899997750005625,5,1,0.127999744000512,4,1,0.0899997750005625,4,0,0.159999600001,3,1,0.0533331555561481,4,0,0.159999600001
"Neisseria_macacae",0,0,0,1,0,0.039999600004,1,0,0.039999600004,0,0,0,1,0,0.039999600004,0,0,0,0,0,0,1,0,0.039999600004,1,0,0.039999600004,1,0,0.039999600004
"Moraxella_osloensis",1,0,0.039999600004,1,0,0.039999600004,1,0,0.039999600004,0,0,0,1,0,0.039999600004,0,0,0,1,0,0.039999600004,0,0,0,0,0,0,1,0,0.039999600004
"Streptococcus_intermedius",1,1,0,1,1,0,2,1,0.0199999000005,1,1,0,1,1,0,1,1,0,2,1,0.0199999000005,1,1,0,1,1,0,2,1,0.0199999000005
"Treponema_socranskii",2,1,0.0199999000005,4,1,0.0899997750005625,4,1,0.0899997750005625,1,1,0,4,1,0.0899997750005625,2,1,0.0199999000005,2,1,0.0199999000005,3,1,0.0533331555561481,3,1,0.0533331555561481,3,1,0.0533331555561481
"Pyramidobacter_piscolens",1,0,0.039999600004,1,0,0.039999600004,1,0,0.039999600004,1,1,0,1,0,0.039999600004,1,1,0,0,1,-0.039999600004,1,1,0,1,1,0,0,1,-0.039999600004
"Dialister_pneumosintes",4,4,0,3,4,-0.0099999750000625,3,4,-0.0099999750000625,4,5,-0.007999984000032,3,4,-0.0099999750000625,4,5,-0.007999984000032,3,4,-0.0099999750000625,5,4,0.007999984000032,4,4,0,2,6,-0.106666488889185
"Selenomonas_flueggei",0,2,-0.079999600002,0,1,-0.039999600004,0,4,-0.159999600001,0,3,-0.119999600001333,0,3,-0.119999600001333,0,1,-0.039999600004,0,3,-0.119999600001333,0,4,-0.159999600001,0,2,-0.079999600002,0,3,-0.119999600001333
"Peptostreptococcus_stomatis",2,5,-0.071999856000288,2,4,-0.03999990000025,3,4,-0.0099999750000625,2,4,-0.03999990000025,2,3,-0.013333288889037,2,3,-0.013333288889037,3,1,0.0533331555561481,3,4,-0.0099999750000625,2,4,-0.03999990000025,2,5,-0.071999856000288
"Lactobacillus_reuteri",0,3,-0.119999600001333,1,3,-0.0533331555561481,1,3,-0.0533331555561481,1,3,-0.0533331555561481,1,3,-0.0533331555561481,1,4,-0.0899997750005625,1,1,0,0,2,-0.079999600002,0,1,-0.039999600004,1,2,-0.0199999000005
"Butyrivibrio_fibrisolvens",1,0,0.039999600004,2,0,0.079999600002,3,0,0.119999600001333,2,0,0.079999600002,2,0,0.079999600002,1,0,0.039999600004,2,0,0.079999600002,3,0,0.119999600001333,1,0,0.039999600004,3,0,0.119999600001333
"Mycoplasma_salivarium",3,1,0.0533331555561481,1,1,0,2,0,0.079999600002,3,1,0.0533331555561481,1,0,0.039999600004,2,1,0.0199999000005,3,0,0.119999600001333,3,0,0.119999600001333,2,1,0.0199999000005,1,1,0
"Mobiluncus_curtisii",2,1,0.0199999000005,2,1,0.0199999000005,2,2,0,0,1,-0.039999600004,1,1,0,1,1,0,2,1,0.0199999000005,0,2,-0.079999600002,1,1,0,2,1,0.0199999000005
"Simonsiella_muelleri",2,1,0.0199999000005,6,1,0.166666388889352,5,1,0.127999744000512,2,1,0.0199999000005,4,1,0.0899997750005625,5,1,0.127999744000512,4,1,0.0899997750005625,4,2,0.03999990000025,3,1,0.0533331555561481,5,0,0.1999996000008
"Actinomyces_oricola",0,1,-0.039999600004,0,1,-0.039999600004,0,0,0,0,0,0,0,0,0,0,0,0,0,1,-0.039999600004,0,0,0,0,1,-0.039999600004,0,0,0
"Barnesiella_viscericola",1,0,0.039999600004,0,0,0,0,0,0,1,0,0.039999600004,1,0,0.039999600004,0,0,0,1,0,0.039999600004,1,0,0.039999600004,1,0,0.039999600004,0,0,0
"Prevotella_aurantiaca",3,0,0.119999600001333,4,0,0.159999600001,4,0,0.159999600001,2,0,0.079999600002,2,0,0.079999600002,4,0,0.159999600001,3,0,0.119999600001333,3,0,0.119999600001333,4,0,0.159999600001,4,0,0.159999600001
"Leptotrichia_amnionii",0,0,0,1,0,0.039999600004,1,0,0.039999600004,0,0,0,1,0,0.039999600004,0,0,0,0,0,0,1,0,0.039999600004,1,0,0.039999600004,1,0,0.039999600004
"Leptotrichia_shahii",2,4,-0.03999990000025,4,2,0.03999990000025,3,2,0.013333288889037,2,5,-0.071999856000288,5,3,0.031999936000128,3,3,0,2,2,0,5,3,0.031999936000128,2,3,-0.013333288889037,3,3,0
"Capnocytophaga_ochracea",1,1,0,2,0,0.079999600002,2,0,0.079999600002,0,0,0,2,1,0.0199999000005,0,1,-0.039999600004,1,1,0,1,1,0,1,1,0,2,1,0.0199999000005
"Prevotella_ruminicola",1,0,0.039999600004,0,1,-0.039999600004,0,0,0,1,1,0,1,1,0,1,1,0,1,0,0.039999600004,1,0,0.039999600004,1,0,0.039999600004,1,0,0.039999600004
"Gemella_sanguinis",2,1,0.0199999000005,1,2,-0.0199999000005,3,2,0.013333288889037,1,0,0.039999600004,1,2,-0.0199999000005,2,0,0.079999600002,2,1,0.0199999000005,3,1,0.0533331555561481,1,1,0,1,2,-0.0199999000005
"Conchiformibius_steedae",0,0,0,0,0,0,0,0,0,0,0,0,0,0,0,0,0,0,0,0,0,0,0,0,0,0,0,0,0,0
"Prevotella_intermedia",0,8,-0.3199996000005,4,7,-0.0514284979592886,3,5,-0.031999936000128,2,5,-0.071999856000288,4,4,0,3,5,-0.031999936000128,2,4,-0.03999990000025,2,6,-0.106666488889185,2,5,-0.071999856000288,3,5,-0.031999936000128
"Porphyromonas_uenonis",0,1,-0.039999600004,1,1,0,0,1,-0.039999600004,1,1,0,1,0,0.039999600004,1,0,0.039999600004,1,0,0.039999600004,1,0,0.039999600004,1,1,0,0,1,-0.039999600004
"Prevotella_fusca",5,1,0.127999744000512,4,2,0.03999990000025,7,1,0.205713991837154,5,1,0.127999744000512,6,2,0.106666488889185,5,2,0.071999856000288,5,2,0.071999856000288,7,1,0.205713991837154,4,1,0.0899997750005625,6,1,0.166666388889352
"Selenomonas_sputigena",0,5,-0.1999996000008,2,4,-0.03999990000025,2,4,-0.03999990000025,0,5,-0.1999996000008,2,3,-0.013333288889037,1,6,-0.166666388889352,1,4,-0.0899997750005625,2,4,-0.03999990000025,2,3,-0.013333288889037,2,4,-0.03999990000025
"Veillonella_rodentium",0,1,-0.039999600004,0,1,-0.039999600004,0,0,0,0,0,0,0,1,-0.039999600004,0,1,-0.039999600004,0,1,-0.039999600004,0,1,-0.039999600004,0,0,0,0,1,-0.039999600004
"Klebsiella_pneumoniae",2,0,0.079999600002,1,0,0.039999600004,1,0,0.039999600004,1,0,0.039999600004,2,0,0.079999600002,0,0,0,2,0,0.079999600002,1,0,0.039999600004,1,0,0.039999600004,1,0,0.039999600004
"Bulleidia_extructa",0,4,-0.159999600001,2,4,-0.03999990000025,2,3,-0.013333288889037,0,3,-0.119999600001333,2,3,-0.013333288889037,1,4,-0.0899997750005625,1,2,-0.0199999000005,2,1,0.0199999000005,2,3,-0.013333288889037,2,2,0
"Haemophilus_parahaemolyticus",0,2,-0.079999600002,3,2,0.013333288889037,3,1,0.0533331555561481,0,2,-0.079999600002,4,1,0.0899997750005625,3,1,0.0533331555561481,1,2,-0.0199999000005,3,1,0.0533331555561481,3,2,0.013333288889037,2,2,0
"Alloprevotella_tannerae",3,2,0.013333288889037,3,3,0,3,4,-0.0099999750000625,2,2,0,4,4,0,2,2,0,3,3,0,3,2,0.013333288889037,3,2,0.013333288889037,2,3,-0.013333288889037
"Alkaliphilus_crotonatoxidans",0,0,0,1,0,0.039999600004,1,1,0,0,1,-0.039999600004,1,1,0,0,0,0,0,1,-0.039999600004,1,1,0,1,0,0.039999600004,1,1,0
"Actinomyces_georgiae",2,2,0,4,1,0.0899997750005625,4,2,0.03999990000025,2,1,0.0199999000005,4,1,0.0899997750005625,4,2,0.03999990000025,2,2,0,3,1,0.0533331555561481,4,0,0.159999600001,4,1,0.0899997750005625
"Bilophila_wadsworthia",3,3,0,1,3,-0.0533331555561481,2,2,0,1,2,-0.0199999000005,2,2,0,1,2,-0.0199999000005,2,1,0.0199999000005,1,1,0,3,2,0.013333288889037,2,2,0
"Streptococcus_oligofermentans",1,1,0,1,1,0,0,0,0,0,0,0,1,0,0.039999600004,1,0,0.039999600004,1,1,0,1,0,0.039999600004,0,1,-0.039999600004,1,0,0.039999600004
"Actinomyces_lingnae",2,1,0.0199999000005,3,2,0.013333288889037,1,1,0,3,1,0.0533331555561481,1,1,0,3,1,0.0533331555561481,2,1,0.0199999000005,2,2,0,2,2,0,2,1,0.0199999000005
"Streptococcus_equinus",0,1,-0.039999600004,0,1,-0.039999600004,0,0,0,0,1,-0.039999600004,0,0,0,0,1,-0.039999600004,0,0,0,0,0,0,0,1,-0.039999600004,0,1,-0.039999600004
"Lactobacillus_salivarius",1,4,-0.0899997750005625,0,5,-0.1999996000008,0,4,-0.159999600001,1,4,-0.0899997750005625,1,4,-0.0899997750005625,0,4,-0.159999600001,1,2,-0.0199999000005,1,3,-0.0533331555561481,1,3,-0.0533331555561481,0,3,-0.119999600001333
"Lactobacillus_crispatus",0,1,-0.039999600004,0,2,-0.079999600002,0,2,-0.079999600002,0,1,-0.039999600004,0,2,-0.079999600002,0,1,-0.039999600004,0,1,-0.039999600004,0,2,-0.079999600002,0,2,-0.079999600002,0,2,-0.079999600002
"Prevotella_maculosa",0,1,-0.039999600004,1,1,0,2,0,0.079999600002,1,1,0,2,1,0.0199999000005,0,1,-0.039999600004,1,0,0.039999600004,2,1,0.0199999000005,1,1,0,2,1,0.0199999000005
"Haemophilus_influenzae",1,3,-0.0533331555561481,2,3,-0.013333288889037,3,2,0.013333288889037,2,3,-0.013333288889037,2,2,0,2,3,-0.013333288889037,2,1,0.0199999000005,2,1,0.0199999000005,2,3,-0.013333288889037,2,1,0.0199999000005
"Moraxella_bovoculi",0,0,0,1,0,0.039999600004,1,0,0.039999600004,0,0,0,1,0,0.039999600004,0,0,0,0,0,0,1,0,0.039999600004,1,0,0.039999600004,1,0,0.039999600004
"Atopobium_minutum",0,1,-0.039999600004,0,1,-0.039999600004,0,0,0,0,1,-0.039999600004,0,1,-0.039999600004,0,1,-0.039999600004,0,0,0,0,1,-0.039999600004,0,1,-0.039999600004,0,1,-0.039999600004
"Capnocytophaga_haemolytica",4,0,0.159999600001,4,0,0.159999600001,5,0,0.1999996000008,3,0,0.119999600001333,4,0,0.159999600001,3,0,0.119999600001333,4,0,0.159999600001,5,0,0.1999996000008,5,0,0.1999996000008,5,0,0.1999996000008
"Clostridium_aminobutyricum",2,0,0.079999600002,5,0,0.1999996000008,3,0,0.119999600001333,0,0,0,4,0,0.159999600001,4,0,0.159999600001,3,0,0.119999600001333,4,0,0.159999600001,3,0,0.119999600001333,4,0,0.159999600001
"Porphyromonas_gulae",0,3,-0.119999600001333,3,3,0,2,2,0,1,2,-0.0199999000005,3,2,0.013333288889037,2,3,-0.013333288889037,1,2,-0.0199999000005,2,1,0.0199999000005,2,2,0,2,3,-0.013333288889037
"Saccharofermentans_acetigenes",0,1,-0.039999600004,1,1,0,1,1,0,0,1,-0.039999600004,1,1,0,0,1,-0.039999600004,0,0,0,1,1,0,1,1,0,1,0,0.039999600004
"Veillonella_parvula",3,2,0.013333288889037,2,3,-0.013333288889037,3,2,0.013333288889037,2,2,0,2,3,-0.013333288889037,2,2,0,2,1,0.0199999000005,2,2,0,3,3,0,2,2,0
"Actinomyces_cardiffensis",2,3,-0.013333288889037,3,3,0,3,4,-0.0099999750000625,0,2,-0.079999600002,2,3,-0.013333288889037,1,4,-0.0899997750005625,2,4,-0.03999990000025,1,3,-0.0533331555561481,2,3,-0.013333288889037,3,3,0
"Rhodococcus_erythropolis",1,0,0.039999600004,1,0,0.039999600004,1,0,0.039999600004,0,0,0,1,0,0.039999600004,0,0,0,1,0,0.039999600004,0,0,0,0,0,0,1,0,0.039999600004
"Capnocytophaga_sputigena",2,1,0.0199999000005,2,2,0,2,2,0,1,1,0,2,2,0,2,2,0,2,0,0.079999600002,2,1,0.0199999000005,0,3,-0.119999600001333,1,2,-0.0199999000005
"Propionibacterium_acnes",1,0,0.039999600004,2,0,0.079999600002,0,0,0,1,0,0.039999600004,1,0,0.039999600004,2,0,0.079999600002,0,0,0,1,0,0.039999600004,1,0,0.039999600004,1,0,0.039999600004
"Mobiluncus_mulieris",2,0,0.079999600002,1,1,0,3,1,0.0533331555561481,2,0,0.079999600002,4,1,0.0899997750005625,1,0,0.039999600004,2,0,0.079999600002,1,1,0,1,1,0,4,1,0.0899997750005625
"Escherichia_coli",1,1,0,1,1,0,1,0,0.039999600004,0,1,-0.039999600004,1,0,0.039999600004,0,1,-0.039999600004,1,0,0.039999600004,0,0,0,0,1,-0.039999600004,1,1,0
"Lactobacillus_vaginalis",0,1,-0.039999600004,0,1,-0.039999600004,0,1,-0.039999600004,0,0,0,0,0,0,0,1,-0.039999600004,0,1,-0.039999600004,0,0,0,0,1,-0.039999600004,0,1,-0.039999600004
"Mycoplasma_orale",0,0,0,2,0,0.079999600002,1,0,0.039999600004,0,0,0,2,0,0.079999600002,1,0,0.039999600004,0,0,0,2,0,0.079999600002,1,0,0.039999600004,1,0,0.039999600004
"Treponema_medium",1,3,-0.0533331555561481,3,3,0,2,2,0,1,3,-0.0533331555561481,2,2,0,2,3,-0.013333288889037,2,2,0,3,1,0.0533331555561481,3,3,0,2,2,0
"Selenomonas_infelix",0,2,-0.079999600002,2,2,0,2,1,0.0199999000005,0,3,-0.119999600001333,2,2,0,1,2,-0.0199999000005,1,2,-0.0199999000005,2,2,0,2,3,-0.013333288889037,2,2,0
"Prevotella_corporis",2,1,0.0199999000005,3,1,0.0533331555561481,1,1,0,1,0,0.039999600004,1,1,0,1,1,0,2,1,0.0199999000005,2,0,0.079999600002,3,0,0.119999600001333,1,1,0
"Leptotrichia_goodfellowii",1,2,-0.0199999000005,3,1,0.0533331555561481,3,1,0.0533331555561481,3,1,0.0533331555561481,4,2,0.03999990000025,3,0,0.119999600001333,2,2,0,3,2,0.013333288889037,3,2,0.013333288889037,5,1,0.127999744000512
"Selenomonas_bovis",0,1,-0.039999600004,2,1,0.0199999000005,2,1,0.0199999000005,1,2,-0.0199999000005,3,1,0.0533331555561481,2,2,0,1,1,0,2,1,0.0199999000005,2,0,0.079999600002,3,0,0.119999600001333
"Chryseobacterium_kwangjuense",1,0,0.039999600004,0,0,0,1,0,0.039999600004,1,0,0.039999600004,0,0,0,1,0,0.039999600004,0,0,0,1,0,0.039999600004,0,0,0,1,0,0.039999600004
"Lactobacillus_delbrueckii",0,1,-0.039999600004,0,1,-0.039999600004,0,0,0,1,1,0,1,0,0.039999600004,1,1,0,0,0,0,0,0,0,0,1,-0.039999600004,1,1,0
"Lactobacillus_fermentum",0,3,-0.119999600001333,0,4,-0.159999600001,0,8,-0.3199996000005,0,4,-0.159999600001,0,5,-0.1999996000008,0,5,-0.1999996000008,0,5,-0.1999996000008,0,5,-0.1999996000008,0,5,-0.1999996000008,0,6,-0.239999600000667
"Neisseria_elongata",2,0,0.079999600002,4,0,0.159999600001,4,0,0.159999600001,1,0,0.039999600004,4,0,0.159999600001,2,0,0.079999600002,2,0,0.079999600002,3,0,0.119999600001333,3,0,0.119999600001333,3,0,0.119999600001333
"Oribacterium_sinus",3,2,0.013333288889037,4,2,0.03999990000025,2,1,0.0199999000005,2,3,-0.013333288889037,3,1,0.0533331555561481,4,3,0.0099999750000625,3,2,0.013333288889037,3,3,0,3,2,0.013333288889037,4,1,0.0899997750005625
"Solobacterium_moorei",2,2,0,2,3,-0.013333288889037,3,0,0.119999600001333,1,3,-0.0533331555561481,2,2,0,2,3,-0.013333288889037,1,1,0,3,2,0.013333288889037,2,2,0,1,1,0
"Eggerthia_catenaformis",2,2,0,3,2,0.013333288889037,4,2,0.03999990000025,0,1,-0.039999600004,4,2,0.03999990000025,1,3,-0.0533331555561481,2,1,0.0199999000005,2,0,0.079999600002,3,2,0.013333288889037,4,2,0.03999990000025
"Clostridium_ultunense",0,1,-0.039999600004,1,1,0,1,1,0,1,0,0.039999600004,1,1,0,1,1,0,1,1,0,2,0,0.079999600002,2,0,0.079999600002,2,1,0.0199999000005
"Granulicatella_elegans",3,3,0,2,3,-0.013333288889037,2,2,0,3,4,-0.0099999750000625,4,4,0,3,4,-0.0099999750000625,3,3,0,4,4,0,4,3,0.0099999750000625,2,3,-0.013333288889037
"Neisseria_subflava",5,1,0.127999744000512,6,0,0.239999600000667,5,0,0.1999996000008,4,1,0.0899997750005625,4,1,0.0899997750005625,6,0,0.239999600000667,3,1,0.0533331555561481,7,1,0.205713991837154,5,1,0.127999744000512,4,0,0.159999600001
"Campylobacter_concisus",7,3,0.0914284408165131,7,2,0.142856938775802,8,2,0.179999775000281,6,2,0.106666488889185,7,2,0.142856938775802,7,2,0.142856938775802,5,2,0.071999856000288,7,2,0.142856938775802,9,1,0.284444128395413,6,2,0.106666488889185
"Prevotella_melaninogenica",3,0,0.119999600001333,1,0,0.039999600004,2,0,0.079999600002,2,0,0.079999600002,1,0,0.039999600004,1,0,0.039999600004,1,0,0.039999600004,2,0,0.079999600002,2,0,0.079999600002,2,0,0.079999600002
"Megasphaera_micronuciformis",1,2,-0.0199999000005,2,2,0,2,1,0.0199999000005,1,3,-0.0533331555561481,2,2,0,2,3,-0.013333288889037,0,2,-0.079999600002,1,3,-0.0533331555561481,3,2,0.013333288889037,2,1,0.0199999000005
"Cryptobacterium_curtum",0,2,-0.079999600002,1,2,-0.0199999000005,1,3,-0.0533331555561481,0,2,-0.079999600002,1,2,-0.0199999000005,0,2,-0.079999600002,0,3,-0.119999600001333,1,1,0,1,1,0,1,1,0
"Prevotella_timonensis",1,0,0.039999600004,1,1,0,1,0,0.039999600004,1,1,0,2,1,0.0199999000005,0,1,-0.039999600004,1,1,0,2,1,0.0199999000005,2,1,0.0199999000005,1,0,0.039999600004
"Atopobium_vaginae",1,1,0,2,0,0.079999600002,2,1,0.0199999000005,2,0,0.079999600002,3,1,0.0533331555561481,2,0,0.079999600002,0,0,0,2,0,0.079999600002,2,1,0.0199999000005,2,1,0.0199999000005
"Sediminibacterium_salmoneum",0,1,-0.039999600004,0,1,-0.039999600004,0,1,-0.039999600004,0,0,0,0,1,-0.039999600004,0,0,0,0,1,-0.039999600004,0,0,0,0,0,0,0,1,-0.039999600004
"Abiotrophia_defectiva",3,0,0.119999600001333,2,3,-0.013333288889037,2,2,0,1,3,-0.0533331555561481,1,4,-0.0899997750005625,1,2,-0.0199999000005,1,2,-0.0199999000005,2,3,-0.013333288889037,2,2,0,0,2,-0.079999600002
"Gemella_morbillorum",1,3,-0.0533331555561481,2,2,0,3,2,0.013333288889037,2,1,0.0199999000005,3,3,0,2,3,-0.013333288889037,2,3,-0.013333288889037,3,1,0.0533331555561481,2,2,0,3,2,0.013333288889037
"Lactococcus_lactis",3,0,0.119999600001333,2,1,0.0199999000005,2,1,0.0199999000005,2,0,0.079999600002,3,1,0.0533331555561481,2,0,0.079999600002,3,0,0.119999600001333,2,1,0.0199999000005,2,1,0.0199999000005,3,1,0.0533331555561481
"Haemophilus_sputorum",5,1,0.127999744000512,7,1,0.205713991837154,6,0,0.239999600000667,3,0,0.119999600001333,7,0,0.279999600000571,7,0,0.279999600000571,7,1,0.205713991837154,6,0,0.239999600000667,4,1,0.0899997750005625,7,0,0.279999600000571
"Veillonella_atypica",0,3,-0.119999600001333,0,4,-0.159999600001,1,2,-0.0199999000005,0,3,-0.119999600001333,1,3,-0.0533331555561481,1,4,-0.0899997750005625,0,2,-0.079999600002,0,3,-0.119999600001333,1,1,0,0,2,-0.079999600002
"Intestinimonas_butyriciproducens",0,2,-0.079999600002,1,2,-0.0199999000005,1,1,0,0,2,-0.079999600002,1,1,0,1,2,-0.0199999000005,1,0,0.039999600004,1,1,0,1,2,-0.0199999000005,1,1,0
"Actinomyces_timonensis",1,2,-0.0199999000005,1,3,-0.0533331555561481,1,4,-0.0899997750005625,1,3,-0.0533331555561481,1,3,-0.0533331555561481,2,2,0,1,3,-0.0533331555561481,0,3,-0.119999600001333,1,3,-0.0533331555561481,2,5,-0.071999856000288
"Campylobacter_gracilis",2,1,0.0199999000005,3,1,0.0533331555561481,4,1,0.0899997750005625,0,0,0,3,1,0.0533331555561481,2,0,0.079999600002,2,1,0.0199999000005,2,1,0.0199999000005,4,1,0.0899997750005625,4,1,0.0899997750005625
"Streptococcus_australis",3,0,0.119999600001333,2,0,0.079999600002,3,0,0.119999600001333,3,0,0.119999600001333,3,0,0.119999600001333,2,0,0.079999600002,1,0,0.039999600004,4,0,0.159999600001,2,0,0.079999600002,3,0,0.119999600001333
"Phocaeicola_abscessus",0,3,-0.119999600001333,0,3,-0.119999600001333,0,3,-0.119999600001333,0,1,-0.039999600004,0,4,-0.159999600001,0,4,-0.159999600001,0,2,-0.079999600002,0,2,-0.079999600002,0,4,-0.159999600001,0,4,-0.159999600001
"Acinetobacter_calcoaceticus",0,0,0,0,0,0,0,0,0,0,0,0,0,0,0,0,0,0,0,0,0,0,0,0,0,0,0,0,0,0
"Campylobacter_rectus",3,2,0.013333288889037,3,2,0.013333288889037,3,2,0.013333288889037,2,2,0,3,1,0.0533331555561481,4,1,0.0899997750005625,2,0,0.079999600002,4,1,0.0899997750005625,3,2,0.013333288889037,4,2,0.03999990000025
"Corynebacterium_kroppenstedtii",0,1,-0.039999600004,0,2,-0.079999600002,0,1,-0.039999600004,0,1,-0.039999600004,0,1,-0.039999600004,0,1,-0.039999600004,0,0,0,0,1,-0.039999600004,0,2,-0.079999600002,0,2,-0.079999600002
"Streptococcus_constellatus",0,3,-0.119999600001333,0,3,-0.119999600001333,0,2,-0.079999600002,0,3,-0.119999600001333,0,2,-0.079999600002,0,4,-0.159999600001,0,3,-0.119999600001333,0,2,-0.079999600002,0,3,-0.119999600001333,0,4,-0.159999600001
"Prevotella_nigrescens",4,3,0.0099999750000625,4,2,0.03999990000025,4,2,0.03999990000025,5,4,0.007999984000032,5,2,0.071999856000288,4,3,0.0099999750000625,5,2,0.071999856000288,5,3,0.031999936000128,6,2,0.106666488889185,3,3,0
"Corynebacterium_matruchotii",2,2,0,4,1,0.0899997750005625,3,2,0.013333288889037,2,2,0,3,1,0.0533331555561481,3,2,0.013333288889037,1,2,-0.0199999000005,3,2,0.013333288889037,4,1,0.0899997750005625,3,1,0.0533331555561481
"Eikenella_corrodens",1,3,-0.0533331555561481,1,2,-0.0199999000005,2,2,0,1,2,-0.0199999000005,2,3,-0.013333288889037,1,4,-0.0899997750005625,2,1,0.0199999000005,2,2,0,2,3,-0.013333288889037,2,2,0
"Parvimonas_micra",1,4,-0.0899997750005625,2,3,-0.013333288889037,3,3,0,2,3,-0.013333288889037,3,2,0.013333288889037,2,2,0,2,1,0.0199999000005,3,2,0.013333288889037,2,3,-0.013333288889037,2,3,-0.013333288889037
"Streptococcus_pyogenes",0,0,0,0,0,0,0,0,0,0,0,0,0,0,0,0,0,0,0,0,0,0,0,0,0,0,0,0,0,0
"Scardovia_wiggsiae",2,6,-0.106666488889185,1,6,-0.166666388889352,2,5,-0.071999856000288,1,4,-0.0899997750005625,2,4,-0.03999990000025,1,5,-0.127999744000512,0,5,-0.1999996000008,1,5,-0.127999744000512,2,5,-0.071999856000288,1,5,-0.127999744000512
"Fusobacterium_nucleatum",2,6,-0.106666488889185,6,6,0,4,4,0,4,5,-0.007999984000032,5,4,0.007999984000032,4,5,-0.007999984000032,4,4,0,5,3,0.031999936000128,6,4,0.0266666222222963,2,4,-0.03999990000025
"Prevotella_saccharolytica",1,5,-0.127999744000512,3,2,0.013333288889037,3,3,0,2,3,-0.013333288889037,4,4,0,3,3,0,1,3,-0.0533331555561481,3,4,-0.0099999750000625,3,4,-0.0099999750000625,3,3,0
"Catonella_morbi",1,1,0,4,0,0.159999600001,3,0,0.119999600001333,1,0,0.039999600004,5,1,0.127999744000512,3,1,0.0533331555561481,3,1,0.0533331555561481,5,1,0.127999744000512,2,1,0.0199999000005,4,1,0.0899997750005625
"Moraxella_boevrei",1,0,0.039999600004,1,2,-0.0199999000005,0,1,-0.039999600004,1,1,0,0,2,-0.079999600002,1,1,0,0,1,-0.039999600004,0,2,-0.079999600002,1,2,-0.0199999000005,1,1,0
"Micrococcus_luteus",0,0,0,0,0,0,0,0,0,0,0,0,0,0,0,0,0,0,0,0,0,0,0,0,0,0,0,0,0,0
"Morococcus_cerebrosus",2,0,0.079999600002,2,0,0.079999600002,3,1,0.0533331555561481,1,0,0.039999600004,2,1,0.0199999000005,1,1,0,2,0,0.079999600002,3,0,0.119999600001333,2,1,0.0199999000005,2,0,0.079999600002
"Actinomyces_massiliensis",7,1,0.205713991837154,8,0,0.3199996000005,8,0,0.3199996000005,7,1,0.205713991837154,9,1,0.284444128395413,6,0,0.239999600000667,5,1,0.127999744000512,8,1,0.244999693750383,7,1,0.205713991837154,9,0,0.359999600000444
"Streptococcus_salivarius",2,1,0.0199999000005,1,0,0.039999600004,1,0,0.039999600004,1,1,0,1,1,0,1,0,0.039999600004,0,1,-0.039999600004,2,1,0.0199999000005,1,1,0,1,0,0.039999600004
"Elizabethkingia_meningoseptica",0,0,0,0,0,0,0,1,-0.039999600004,0,1,-0.039999600004,0,1,-0.039999600004,0,0,0,0,1,-0.039999600004,0,1,-0.039999600004,0,0,0,0,1,-0.039999600004
"Prevotella_buccae",3,2,0.013333288889037,2,3,-0.013333288889037,3,2,0.013333288889037,1,1,0,1,2,-0.0199999000005,2,2,0,2,1,0.0199999000005,1,1,0,1,2,-0.0199999000005,3,3,0
"Fusobacterium_russii",0,0,0,2,0,0.079999600002,2,0,0.079999600002,0,0,0,2,0,0.079999600002,1,0,0.039999600004,1,0,0.039999600004,2,0,0.079999600002,2,0,0.079999600002,2,0,0.079999600002
"Neisseria_meningitidis",1,0,0.039999600004,3,0,0.119999600001333,3,0,0.119999600001333,2,0,0.079999600002,3,0,0.119999600001333,3,0,0.119999600001333,3,0,0.119999600001333,4,0,0.159999600001,3,0,0.119999600001333,2,0,0.079999600002
"Alloscardovia_omnicolens",0,6,-0.239999600000667,1,4,-0.0899997750005625,1,5,-0.127999744000512,1,4,-0.0899997750005625,1,2,-0.0199999000005,1,2,-0.0199999000005,1,4,-0.0899997750005625,0,5,-0.1999996000008,0,2,-0.079999600002,1,3,-0.0533331555561481
"Staphylococcus_epidermidis",0,0,0,0,0,0,0,0,0,0,0,0,0,0,0,0,0,0,0,0,0,0,0,0,0,0,0,0,0,0
"Neisseria_lactamica",0,0,0,0,0,0,0,0,0,0,0,0,0,0,0,0,0,0,0,0,0,0,0,0,0,0,0,0,0,0
"Mannheimia_haemolytica",0,0,0,0,0,0,0,0,0,0,0,0,0,0,0,0,0,0,0,0,0,0,0,0,0,0,0,0,0,0
"Pseudoramibacter_alactolyticus",0,1,-0.039999600004,0,1,-0.039999600004,0,2,-0.079999600002,0,0,0,0,2,-0.079999600002,0,2,-0.079999600002,0,1,-0.039999600004,0,0,0,0,1,-0.039999600004,0,1,-0.039999600004
"Mogibacterium_timidum",1,3,-0.0533331555561481,3,3,0,1,2,-0.0199999000005,1,2,-0.0199999000005,3,2,0.013333288889037,3,3,0,3,2,0.013333288889037,3,0,0.119999600001333,2,2,0,2,2,0
"Streptococcus_mutans",4,1,0.0899997750005625,4,1,0.0899997750005625,2,1,0.0199999000005,3,2,0.013333288889037,2,2,0,3,1,0.0533331555561481,2,1,0.0199999000005,2,1,0.0199999000005,4,1,0.0899997750005625,2,1,0.0199999000005
"Streptococcus_thermophilus",2,1,0.0199999000005,2,0,0.079999600002,3,1,0.0533331555561481,3,1,0.0533331555561481,3,0,0.119999600001333,3,1,0.0533331555561481,1,0,0.039999600004,2,1,0.0199999000005,3,0,0.119999600001333,2,1,0.0199999000005
"Propionibacterium_propionicum",4,1,0.0899997750005625,3,1,0.0533331555561481,3,2,0.013333288889037,3,1,0.0533331555561481,4,2,0.03999990000025,2,2,0,2,1,0.0199999000005,3,0,0.119999600001333,3,2,0.013333288889037,4,0,0.159999600001
"Porphyromonas_asaccharolytica",0,0,0,0,0,0,0,0,0,0,0,0,0,0,0,0,0,0,0,0,0,0,0,0,0,0,0,0,0,0
"Treponema_pectinovorum",1,1,0,2,1,0.0199999000005,2,0,0.079999600002,1,1,0,2,0,0.079999600002,0,1,-0.039999600004,1,0,0.039999600004,2,0,0.079999600002,2,1,0.0199999000005,2,1,0.0199999000005
"Neisseria_flavescens",4,0,0.159999600001,4,1,0.0899997750005625,7,0,0.279999600000571,4,1,0.0899997750005625,5,1,0.127999744000512,4,1,0.0899997750005625,4,1,0.0899997750005625,6,1,0.166666388889352,4,1,0.0899997750005625,3,0,0.119999600001333
"Streptococcus_anginosus",1,5,-0.127999744000512,0,6,-0.239999600000667,0,5,-0.1999996000008,1,5,-0.127999744000512,1,4,-0.0899997750005625,1,5,-0.127999744000512,1,3,-0.0533331555561481,1,3,-0.0533331555561481,1,4,-0.0899997750005625,1,5,-0.127999744000512
"Leptotrichia_trevisanii",2,2,0,4,2,0.03999990000025,3,2,0.013333288889037,0,3,-0.119999600001333,4,2,0.03999990000025,2,2,0,3,2,0.013333288889037,3,1,0.0533331555561481,2,2,0,4,2,0.03999990000025
"Treponema_putidum",0,2,-0.079999600002,2,2,0,1,3,-0.0533331555561481,1,2,-0.0199999000005,2,2,0,1,3,-0.0533331555561481,1,2,-0.0199999000005,2,1,0.0199999000005,2,3,-0.013333288889037,1,3,-0.0533331555561481
"Leptotrichia_wadei",1,3,-0.0533331555561481,3,2,0.013333288889037,5,3,0.031999936000128,3,3,0,4,2,0.03999990000025,3,3,0,4,2,0.03999990000025,5,2,0.071999856000288,4,0,0.159999600001,5,2,0.071999856000288
"Streptococcus_mitis",1,2,-0.0199999000005,1,2,-0.0199999000005,1,2,-0.0199999000005,1,2,-0.0199999000005,1,3,-0.0533331555561481,1,1,0,1,2,-0.0199999000005,0,3,-0.119999600001333,1,3,-0.0533331555561481,0,2,-0.079999600002
"Dialister_micraerophilus",1,0,0.039999600004,0,1,-0.039999600004,1,0,0.039999600004,0,1,-0.039999600004,0,1,-0.039999600004,0,1,-0.039999600004,0,1,-0.039999600004,1,1,0,0,1,-0.039999600004,0,0,0
"Prevotella_oris",1,4,-0.0899997750005625,1,3,-0.0533331555561481,0,3,-0.119999600001333,1,2,-0.0199999000005,0,2,-0.079999600002,1,2,-0.0199999000005,1,2,-0.0199999000005,1,2,-0.0199999000005,1,3,-0.0533331555561481,0,2,-0.079999600002
"Chryseobacterium_piscicola",1,0,0.039999600004,0,0,0,0,0,0,1,0,0.039999600004,1,0,0.039999600004,0,0,0,1,0,0.039999600004,1,0,0.039999600004,1,0,0.039999600004,0,0,0
"Porphyromonas_catoniae",2,1,0.0199999000005,4,0,0.159999600001,4,1,0.0899997750005625,3,0,0.119999600001333,4,1,0.0899997750005625,3,0,0.119999600001333,4,0,0.159999600001,4,0,0.159999600001,3,1,0.0533331555561481,2,1,0.0199999000005
"Fusobacterium_canifelinum",0,1,-0.039999600004,0,2,-0.079999600002,0,1,-0.039999600004,0,2,-0.079999600002,0,2,-0.079999600002,0,2,-0.079999600002,0,1,-0.039999600004,0,0,0,0,1,-0.039999600004,0,0,0
"Aggregatibacter_aphrophilus",1,2,-0.0199999000005,4,1,0.0899997750005625,2,2,0,2,1,0.0199999000005,3,2,0.013333288889037,3,0,0.119999600001333,3,2,0.013333288889037,4,2,0.03999990000025,4,2,0.03999990000025,2,2,0
"Lachnoanaerobaculum_umeaense",3,1,0.0533331555561481,5,0,0.1999996000008,6,1,0.166666388889352,3,1,0.0533331555561481,4,0,0.159999600001,4,1,0.0899997750005625,5,0,0.1999996000008,5,1,0.127999744000512,6,0,0.239999600000667,6,1,0.166666388889352
"Eubacterium_infirmum",1,2,-0.0199999000005,2,2,0,4,2,0.03999990000025,2,0,0.079999600002,4,2,0.03999990000025,2,1,0.0199999000005,2,2,0,4,0,0.159999600001,2,0,0.079999600002,4,2,0.03999990000025
"Neisseria_mucosa",3,1,0.0533331555561481,3,1,0.0533331555561481,4,1,0.0899997750005625,4,1,0.0899997750005625,3,1,0.0533331555561481,4,1,0.0899997750005625,4,0,0.159999600001,5,1,0.127999744000512,3,1,0.0533331555561481,4,0,0.159999600001
"Neisseria_dentiae",0,1,-0.039999600004,2,0,0.079999600002,3,1,0.0533331555561481,1,1,0,3,1,0.0533331555561481,1,0,0.039999600004,2,1,0.0199999000005,3,1,0.0533331555561481,2,1,0.0199999000005,3,1,0.0533331555561481
"Haemophilus_pittmaniae",4,1,0.0899997750005625,6,1,0.166666388889352,6,2,0.106666488889185,4,1,0.0899997750005625,6,1,0.166666388889352,5,1,0.127999744000512,5,2,0.071999856000288,7,2,0.142856938775802,3,2,0.013333288889037,4,2,0.03999990000025
"Prevotella_micans",1,2,-0.0199999000005,3,2,0.013333288889037,3,1,0.0533331555561481,1,2,-0.0199999000005,3,2,0.013333288889037,3,2,0.013333288889037,2,1,0.0199999000005,2,1,0.0199999000005,3,2,0.013333288889037,4,1,0.0899997750005625
"Treponema_succinifaciens",1,3,-0.0533331555561481,3,4,-0.0099999750000625,2,4,-0.03999990000025,1,3,-0.0533331555561481,2,4,-0.03999990000025,2,3,-0.013333288889037,2,3,-0.013333288889037,3,1,0.0533331555561481,3,3,0,2,1,0.0199999000005
"Kingella_denitrificans",2,0,0.079999600002,3,0,0.119999600001333,4,0,0.159999600001,0,0,0,2,0,0.079999600002,2,0,0.079999600002,2,0,0.079999600002,3,0,0.119999600001333,3,0,0.119999600001333,3,0,0.119999600001333
"Veillonella_denticariosi",0,1,-0.039999600004,1,1,0,2,1,0.0199999000005,2,0,0.079999600002,1,1,0,2,0,0.079999600002,2,1,0.0199999000005,1,0,0.039999600004,1,0,0.039999600004,2,1,0.0199999000005
"Corynebacterium_durum",2,0,0.079999600002,4,0,0.159999600001,3,0,0.119999600001333,5,0,0.1999996000008,5,0,0.1999996000008,5,0,0.1999996000008,4,0,0.159999600001,4,0,0.159999600001,4,0,0.159999600001,5,0,0.1999996000008
"Neisseria_bacilliformis",0,1,-0.039999600004,1,1,0,0,1,-0.039999600004,1,0,0.039999600004,1,1,0,1,1,0,1,1,0,1,0,0.039999600004,1,0,0.039999600004,0,1,-0.039999600004
"Kingella_oralis",3,1,0.0533331555561481,2,0,0.079999600002,5,0,0.1999996000008,2,1,0.0199999000005,3,1,0.0533331555561481,2,0,0.079999600002,3,1,0.0533331555561481,4,1,0.0899997750005625,1,1,0,4,0,0.159999600001
"Cardiobacterium_hominis",3,0,0.119999600001333,6,0,0.239999600000667,5,0,0.1999996000008,4,0,0.159999600001,6,0,0.239999600000667,4,0,0.159999600001,4,0,0.159999600001,5,0,0.1999996000008,5,0,0.1999996000008,5,0,0.1999996000008
"Fretibacterium_fastidiosum",2,4,-0.03999990000025,5,4,0.007999984000032,2,3,-0.013333288889037,4,3,0.0099999750000625,5,3,0.031999936000128,5,4,0.007999984000032,4,2,0.03999990000025,5,1,0.127999744000512,5,3,0.031999936000128,3,3,0
"Streptococcus_peroris",2,0,0.079999600002,2,1,0.0199999000005,3,2,0.013333288889037,2,1,0.0199999000005,2,2,0,2,2,0,3,1,0.0533331555561481,2,2,0,0,3,-0.119999600001333,3,2,0.013333288889037
"Olsenella_profusa",4,1,0.0899997750005625,4,1,0.0899997750005625,6,1,0.166666388889352,2,0,0.079999600002,5,1,0.127999744000512,1,1,0,2,1,0.0199999000005,3,0,0.119999600001333,4,0,0.159999600001,3,1,0.0533331555561481
"Agrobacterium_tumefaciens",0,0,0,0,0,0,0,0,0,0,0,0,0,0,0,0,0,0,0,0,0,0,0,0,0,0,0,0,0,0
"Lactobacillus_gasseri",1,2,-0.0199999000005,0,2,-0.079999600002,1,3,-0.0533331555561481,0,2,-0.079999600002,1,2,-0.0199999000005,0,2,-0.079999600002,0,1,-0.039999600004,0,3,-0.119999600001333,1,2,-0.0199999000005,1,1,0
"Prevotella_albensis",0,0,0,0,0,0,0,0,0,0,0,0,0,0,0,0,0,0,0,0,0,0,0,0,0,0,0,0,0,0
"Selenomonas_artemidis",0,4,-0.159999600001,1,3,-0.0533331555561481,2,4,-0.03999990000025,1,3,-0.0533331555561481,2,2,0,1,3,-0.0533331555561481,2,2,0,2,4,-0.03999990000025,1,3,-0.0533331555561481,2,3,-0.013333288889037
"Streptococcus_infantis",3,3,0,2,1,0.0199999000005,2,2,0,2,2,0,2,2,0,1,3,-0.0533331555561481,2,2,0,2,2,0,2,4,-0.03999990000025,2,4,-0.03999990000025
"Prevotella_histicola",2,2,0,2,2,0,1,2,-0.0199999000005,1,2,-0.0199999000005,1,2,-0.0199999000005,1,3,-0.0533331555561481,1,1,0,0,3,-0.119999600001333,1,1,0,2,0,0.079999600002
"Aggregatibacter_segnis",4,2,0.03999990000025,5,1,0.127999744000512,5,1,0.127999744000512,5,1,0.127999744000512,5,0,0.1999996000008,5,1,0.127999744000512,4,0,0.159999600001,6,1,0.166666388889352,6,1,0.166666388889352,4,1,0.0899997750005625
"Rothia_terrae",1,0,0.039999600004,1,0,0.039999600004,1,0,0.039999600004,2,0,0.079999600002,2,0,0.079999600002,2,0,0.079999600002,0,0,0,1,0,0.039999600004,1,0,0.039999600004,1,0,0.039999600004
"Streptococcus_suis",0,1,-0.039999600004,0,2,-0.079999600002,1,1,0,1,1,0,1,3,-0.0533331555561481,0,1,-0.039999600004,1,1,0,1,3,-0.0533331555561481,0,2,-0.079999600002,1,1,0
"Achromobacter_xylosoxidans",0,1,-0.039999600004,0,1,-0.039999600004,0,0,0,0,1,-0.039999600004,0,0,0,0,1,-0.039999600004,0,0,0,0,0,0,0,1,-0.039999600004,0,1,-0.039999600004
"Ruminofilibacter_xylanolyticum",1,2,-0.0199999000005,2,2,0,1,1,0,0,1,-0.039999600004,2,1,0.0199999000005,1,1,0,1,1,0,2,0,0.079999600002,1,1,0,2,2,0
"Finegoldia_magna",0,1,-0.039999600004,0,1,-0.039999600004,0,3,-0.119999600001333,0,2,-0.079999600002,0,2,-0.079999600002,0,1,-0.039999600004,0,1,-0.039999600004,0,1,-0.039999600004,0,2,-0.079999600002,0,2,-0.079999600002
"Prevotella_multiformis",1,1,0,2,2,0,3,2,0.013333288889037,0,2,-0.079999600002,3,3,0,1,4,-0.0899997750005625,1,3,-0.0533331555561481,2,2,0,3,3,0,3,2,0.013333288889037
"Neisseria_canis",2,0,0.079999600002,3,2,0.013333288889037,3,2,0.013333288889037,3,2,0.013333288889037,4,3,0.0099999750000625,5,1,0.127999744000512,1,2,-0.0199999000005,4,3,0.0099999750000625,2,2,0,3,2,0.013333288889037
"Centipeda_periodontii",0,2,-0.079999600002,2,2,0,2,2,0,0,3,-0.119999600001333,2,2,0,1,3,-0.0533331555561481,1,3,-0.0533331555561481,2,3,-0.013333288889037,2,2,0,2,1,0.0199999000005
"Actinomyces_israelii",1,4,-0.0899997750005625,1,3,-0.0533331555561481,0,4,-0.159999600001,1,3,-0.0533331555561481,0,4,-0.159999600001,1,4,-0.0899997750005625,1,5,-0.127999744000512,1,2,-0.0199999000005,1,3,-0.0533331555561481,0,2,-0.079999600002
"Actinomyces_naeslundii",4,1,0.0899997750005625,3,2,0.013333288889037,3,2,0.013333288889037,1,1,0,2,1,0.0199999000005,1,0,0.039999600004,2,0,0.079999600002,2,1,0.0199999000005,2,2,0,2,2,0
"Actinomyces_turicensis",0,0,0,0,0,0,0,0,0,0,0,0,0,0,0,0,0,0,0,0,0,0,0,0,0,0,0,0,0,0
"Lactobacillus_oris",0,2,-0.079999600002,0,1,-0.039999600004,0,2,-0.079999600002,0,1,-0.039999600004,0,1,-0.039999600004,0,2,-0.079999600002,0,2,-0.079999600002,0,1,-0.039999600004,0,0,0,0,1,-0.039999600004
"Streptococcus_lactarius",4,0,0.159999600001,3,0,0.119999600001333,6,0,0.239999600000667,5,0,0.1999996000008,5,0,0.1999996000008,4,0,0.159999600001,4,0,0.159999600001,3,0,0.119999600001333,4,0,0.159999600001,5,0,0.1999996000008
"Capnocytophaga_gingivalis",2,0,0.079999600002,2,0,0.079999600002,1,0,0.039999600004,2,0,0.079999600002,1,0,0.039999600004,2,0,0.079999600002,0,0,0,1,0,0.039999600004,2,0,0.079999600002,1,0,0.039999600004
"Prevotella_loescheii",4,3,0.0099999750000625,5,3,0.031999936000128,4,2,0.03999990000025,2,3,-0.013333288889037,5,2,0.071999856000288,2,3,-0.013333288889037,4,2,0.03999990000025,4,1,0.0899997750005625,5,3,0.031999936000128,3,2,0.013333288889037
"Bergeriella_denitrificans",0,0,0,1,1,0,1,0,0.039999600004,0,1,-0.039999600004,1,1,0,0,1,-0.039999600004,0,0,0,1,0,0.039999600004,1,0,0.039999600004,1,0,0.039999600004
"Paludibacter_propionicigenes",0,0,0,0,0,0,1,0,0.039999600004,1,0,0.039999600004,0,0,0,1,0,0.039999600004,1,0,0.039999600004,1,0,0.039999600004,1,0,0.039999600004,1,0,0.039999600004
"Veillonella_tobetsuensis",2,1,0.0199999000005,3,1,0.0533331555561481,4,1,0.0899997750005625,1,1,0,2,1,0.0199999000005,2,1,0.0199999000005,2,1,0.0199999000005,2,0,0.079999600002,3,1,0.0533331555561481,2,0,0.079999600002
"Prevotella_oulorum",2,3,-0.013333288889037,3,2,0.013333288889037,4,2,0.03999990000025,3,3,0,5,2,0.071999856000288,2,3,-0.013333288889037,2,2,0,4,2,0.03999990000025,4,2,0.03999990000025,3,1,0.0533331555561481
"Sneathia_sanguinegens",2,1,0.0199999000005,1,0,0.039999600004,0,1,-0.039999600004,1,0,0.039999600004,2,1,0.0199999000005,2,0,0.079999600002,2,0,0.079999600002,2,0,0.079999600002,1,1,0,2,1,0.0199999000005
"Atopobium_rimae",2,4,-0.03999990000025,2,4,-0.03999990000025,3,3,0,0,3,-0.119999600001333,3,3,0,1,4,-0.0899997750005625,2,2,0,1,1,0,2,2,0,3,2,0.013333288889037
"Bryobacter_aggregatus",0,0,0,0,0,0,0,0,0,0,0,0,0,0,0,0,0,0,0,0,0,0,0,0,0,0,0,0,0,0
"Scardovia_inopinata",0,0,0,0,1,-0.039999600004,0,0,0,1,1,0,1,1,0,1,1,0,0,0,0,0,0,0,0,0,0,1,0,0.039999600004
"Selenomonas_dianae",1,1,0,3,1,0.0533331555561481,2,0,0.079999600002,0,2,-0.079999600002,2,0,0.079999600002,1,2,-0.0199999000005,2,1,0.0199999000005,2,1,0.0199999000005,3,2,0.013333288889037,2,2,0
"Streptococcus_pseudopneumoniae",1,0,0.039999600004,1,0,0.039999600004,1,0,0.039999600004,0,0,0,0,0,0,1,0,0.039999600004,1,0,0.039999600004,0,0,0,1,0,0.039999600004,1,0,0.039999600004
"Treponema_maltophilum",2,3,-0.013333288889037,4,3,0.0099999750000625,2,4,-0.03999990000025,3,2,0.013333288889037,3,3,0,3,3,0,2,2,0,4,1,0.0899997750005625,4,3,0.0099999750000625,1,2,-0.0199999000005
"Treponema_vincentii",1,1,0,4,1,0.0899997750005625,3,1,0.0533331555561481,0,1,-0.039999600004,3,1,0.0533331555561481,3,1,0.0533331555561481,2,1,0.0199999000005,3,0,0.119999600001333,3,1,0.0533331555561481,3,0,0.119999600001333
"Butyrivibrio_proteoclasticus",0,0,0,1,0,0.039999600004,1,0,0.039999600004,0,0,0,1,0,0.039999600004,0,0,0,0,0,0,1,0,0.039999600004,1,0,0.039999600004,1,0,0.039999600004
"Haemophilus_haemolyticus",1,2,-0.0199999000005,2,1,0.0199999000005,3,1,0.0533331555561481,2,1,0.0199999000005,3,0,0.119999600001333,1,1,0,3,0,0.119999600001333,2,1,0.0199999000005,3,1,0.0533331555561481,2,1,0.0199999000005
"Lactobacillus_iners",1,1,0,2,0,0.079999600002,2,1,0.0199999000005,2,0,0.079999600002,2,1,0.0199999000005,2,0,0.079999600002,1,0,0.039999600004,1,0,0.039999600004,1,1,0,1,1,0
"Johnsonella_ignava",1,2,-0.0199999000005,2,1,0.0199999000005,1,2,-0.0199999000005,0,0,0,2,2,0,1,1,0,1,1,0,2,0,0.079999600002,1,1,0,2,2,0
"Lactobacillus_helveticus",1,1,0,1,3,-0.0533331555561481,1,2,-0.0199999000005,0,0,0,1,3,-0.0533331555561481,0,2,-0.079999600002,1,1,0,0,2,-0.079999600002,0,1,-0.039999600004,1,2,-0.0199999000005
"Moryella_indoligenes",3,1,0.0533331555561481,5,1,0.127999744000512,4,2,0.03999990000025,4,2,0.03999990000025,3,1,0.0533331555561481,3,1,0.0533331555561481,3,1,0.0533331555561481,3,1,0.0533331555561481,5,1,0.127999744000512,5,1,0.127999744000512
"Pseudomonas_putida",0,1,-0.039999600004,1,1,0,1,1,0,0,1,-0.039999600004,1,1,0,1,1,0,1,2,-0.0199999000005,1,1,0,1,1,0,1,2,-0.0199999000005
"Stomatobaculum_longum",1,3,-0.0533331555561481,4,1,0.0899997750005625,2,2,0,1,3,-0.0533331555561481,3,2,0.013333288889037,3,1,0.0533331555561481,1,2,-0.0199999000005,3,3,0,3,2,0.013333288889037,3,2,0.013333288889037
"Murdochiella_asaccharolytica",1,0,0.039999600004,0,1,-0.039999600004,1,1,0,1,0,0.039999600004,0,1,-0.039999600004,1,0,0.039999600004,1,0,0.039999600004,1,1,0,0,1,-0.039999600004,0,1,-0.039999600004
"Veillonella_caviae",5,1,0.127999744000512,4,1,0.0899997750005625,4,1,0.0899997750005625,4,1,0.0899997750005625,3,0,0.119999600001333,5,1,0.127999744000512,3,1,0.0533331555561481,3,1,0.0533331555561481,4,0,0.159999600001,4,1,0.0899997750005625
"Actinobaculum_schaalii",0,0,0,0,0,0,0,0,0,0,0,0,0,0,0,0,0,0,0,0,0,0,0,0,0,0,0,0,0,0
"Gemmiger_formicilis",2,2,0,1,2,-0.0199999000005,2,1,0.0199999000005,2,1,0.0199999000005,2,1,0.0199999000005,2,1,0.0199999000005,3,1,0.0533331555561481,3,0,0.119999600001333,2,1,0.0199999000005,1,2,-0.0199999000005
"Roseburia_hominis",2,2,0,2,1,0.0199999000005,1,2,-0.0199999000005,2,2,0,2,0,0.079999600002,2,2,0,2,2,0,2,2,0,3,0,0.119999600001333,2,1,0.0199999000005
"Eubacterium_coprostanoligenes",0,1,-0.039999600004,1,1,0,1,1,0,0,1,-0.039999600004,1,1,0,1,1,0,1,0,0.039999600004,1,1,0,1,1,0,1,0,0.039999600004
"Bacteroides_plebeius",2,4,-0.03999990000025,0,4,-0.159999600001,1,3,-0.0533331555561481,1,3,-0.0533331555561481,2,2,0,0,3,-0.119999600001333,1,2,-0.0199999000005,1,2,-0.0199999000005,2,2,0,1,3,-0.0533331555561481
"Bacteroides_vulgatus",3,3,0,1,3,-0.0533331555561481,3,3,0,2,3,-0.013333288889037,4,2,0.03999990000025,1,2,-0.0199999000005,3,3,0,3,2,0.013333288889037,4,1,0.0899997750005625,3,4,-0.0099999750000625
"Fusobacterium_necrophorum",0,1,-0.039999600004,0,2,-0.079999600002,0,0,0,0,2,-0.079999600002,0,1,-0.039999600004,0,2,-0.079999600002,0,1,-0.039999600004,0,1,-0.039999600004,0,2,-0.079999600002,0,1,-0.039999600004
"Streptococcus_uberis",0,0,0,0,0,0,1,0,0.039999600004,1,0,0.039999600004,1,0,0.039999600004,0,0,0,1,0,0.039999600004,1,0,0.039999600004,0,0,0,1,0,0.039999600004
"Turicibacter_sanguinis",3,0,0.119999600001333,0,0,0,1,0,0.039999600004,1,0,0.039999600004,3,0,0.119999600001333,1,0,0.039999600004,2,0,0.079999600002,2,0,0.079999600002,3,0,0.119999600001333,2,0,0.079999600002
"Dialister_succinatiphilus",0,1,-0.039999600004,1,1,0,1,1,0,1,0,0.039999600004,2,1,0.0199999000005,2,0,0.079999600002,1,1,0,1,0,0.039999600004,1,0,0.039999600004,2,1,0.0199999000005
"Bacteroides_uniformis",3,4,-0.0099999750000625,0,3,-0.119999600001333,2,4,-0.03999990000025,2,4,-0.03999990000025,2,2,0,1,3,-0.0533331555561481,1,4,-0.0899997750005625,2,3,-0.013333288889037,2,1,0.0199999000005,2,4,-0.03999990000025
"Flavonifractor_plautii",2,2,0,1,2,-0.0199999000005,2,1,0.0199999000005,1,2,-0.0199999000005,3,1,0.0533331555561481,1,2,-0.0199999000005,2,0,0.079999600002,2,1,0.0199999000005,3,2,0.013333288889037,2,1,0.0199999000005
"Parabacteroides_merdae",3,2,0.013333288889037,1,2,-0.0199999000005,3,2,0.013333288889037,2,3,-0.013333288889037,3,1,0.0533331555561481,2,2,0,2,2,0,3,2,0.013333288889037,3,1,0.0533331555561481,3,3,0
"Ruminococcus_gnavus",2,4,-0.03999990000025,1,3,-0.0533331555561481,1,3,-0.0533331555561481,1,2,-0.0199999000005,2,1,0.0199999000005,1,3,-0.0533331555561481,2,3,-0.013333288889037,1,1,0,1,2,-0.0199999000005,1,3,-0.0533331555561481
"Coprococcus_eutactus",3,2,0.013333288889037,2,2,0,3,2,0.013333288889037,2,1,0.0199999000005,2,2,0,3,1,0.0533331555561481,4,1,0.0899997750005625,3,1,0.0533331555561481,3,1,0.0533331555561481,2,1,0.0199999000005
"Pseudomonas_fluorescens",1,1,0,1,0,0.039999600004,1,0,0.039999600004,0,1,-0.039999600004,1,1,0,0,0,0,1,1,0,0,1,-0.039999600004,0,1,-0.039999600004,1,0,0.039999600004
"Ruminococcus_bromii",1,4,-0.0899997750005625,0,3,-0.119999600001333,0,4,-0.159999600001,1,4,-0.0899997750005625,1,3,-0.0533331555561481,0,3,-0.119999600001333,1,3,-0.0533331555561481,1,3,-0.0533331555561481,1,2,-0.0199999000005,0,3,-0.119999600001333
"Lactobacillus_casei",0,1,-0.039999600004,0,2,-0.079999600002,0,1,-0.039999600004,0,1,-0.039999600004,0,1,-0.039999600004,0,1,-0.039999600004,0,0,0,0,1,-0.039999600004,0,2,-0.079999600002,0,2,-0.079999600002
"Anaerostipes_hadrus",1,5,-0.127999744000512,1,4,-0.0899997750005625,1,4,-0.0899997750005625,1,4,-0.0899997750005625,2,2,0,1,4,-0.0899997750005625,2,3,-0.013333288889037,2,3,-0.013333288889037,2,2,0,1,3,-0.0533331555561481
"Actinomyces_funkei",0,0,0,0,0,0,0,0,0,0,0,0,0,0,0,0,0,0,0,0,0,0,0,0,0,0,0,0,0,0
"Bacillus_subtilis",1,0,0.039999600004,1,0,0.039999600004,1,0,0.039999600004,0,0,0,1,0,0.039999600004,0,0,0,1,0,0.039999600004,0,0,0,0,0,0,1,0,0.039999600004
"Peptostreptococcus_anaerobius",1,0,0.039999600004,1,0,0.039999600004,0,0,0,0,0,0,1,0,0.039999600004,1,0,0.039999600004,1,0,0.039999600004,1,0,0.039999600004,0,0,0,1,0,0.039999600004
"Lactobacillus_amylovorus",0,0,0,0,0,0,1,0,0.039999600004,0,0,0,1,0,0.039999600004,1,0,0.039999600004,0,0,0,0,0,0,1,0,0.039999600004,0,0,0
"Lactobacillus_rhamnosus",0,2,-0.079999600002,0,0,0,0,1,-0.039999600004,0,1,-0.039999600004,0,1,-0.039999600004,0,0,0,0,1,-0.039999600004,0,2,-0.079999600002,0,1,-0.039999600004,0,0,0
"Neisseria_perflava",2,0,0.079999600002,2,0,0.079999600002,2,0,0.079999600002,2,0,0.079999600002,1,0,0.039999600004,1,0,0.039999600004,1,0,0.039999600004,2,0,0.079999600002,1,0,0.039999600004,1,0,0.039999600004
"Blautia_luti",1,2,-0.0199999000005,1,1,0,2,1,0.0199999000005,0,2,-0.079999600002,2,0,0.079999600002,1,2,-0.0199999000005,1,1,0,1,1,0,2,1,0.0199999000005,2,1,0.0199999000005
"Eubacterium_hallii",1,4,-0.0899997750005625,0,3,-0.119999600001333,0,3,-0.119999600001333,1,3,-0.0533331555561481,1,1,0,0,3,-0.119999600001333,1,3,-0.0533331555561481,1,2,-0.0199999000005,1,1,0,0,3,-0.119999600001333
"Roseburia_faecis",2,3,-0.013333288889037,1,3,-0.0533331555561481,2,2,0,2,2,0,2,2,0,2,2,0,3,1,0.0533331555561481,3,1,0.0533331555561481,2,2,0,1,2,-0.0199999000005
"Peptostreptococcus_russellii",0,0,0,0,0,0,0,0,0,0,0,0,0,0,0,0,0,0,0,0,0,0,0,0,0,0,0,0,0,0
"Dorea_longicatena",2,3,-0.013333288889037,1,2,-0.0199999000005,2,2,0,1,3,-0.0533331555561481,3,1,0.0533331555561481,1,3,-0.0533331555561481,2,1,0.0199999000005,2,2,0,3,2,0.013333288889037,2,1,0.0199999000005
"Bifidobacterium_breve",0,0,0,0,0,0,0,0,0,0,0,0,0,0,0,0,0,0,0,0,0,0,0,0,0,0,0,0,0,0
"Alistipes_putredinis",2,4,-0.03999990000025,1,3,-0.0533331555561481,2,3,-0.013333288889037,1,3,-0.0533331555561481,3,1,0.0533331555561481,1,3,-0.0533331555561481,2,3,-0.013333288889037,2,2,0,3,1,0.0533331555561481,2,3,-0.013333288889037
"Staphylococcus_aureus",0,0,0,0,1,-0.039999600004,0,1,-0.039999600004,0,0,0,0,1,-0.039999600004,0,0,0,0,0,0,0,1,-0.039999600004,0,1,-0.039999600004,0,1,-0.039999600004
"Veillonella_magna",0,1,-0.039999600004,0,0,0,0,0,0,0,1,-0.039999600004,0,1,-0.039999600004,0,0,0,0,1,-0.039999600004,0,1,-0.039999600004,0,1,-0.039999600004,0,0,0
"Prevotella_jejuni",1,1,0,0,1,-0.039999600004,1,0,0.039999600004,0,1,-0.039999600004,0,1,-0.039999600004,0,1,-0.039999600004,0,0,0,1,1,0,0,1,-0.039999600004,0,1,-0.039999600004
"Dolosigranulum_pigrum",0,1,-0.039999600004,0,0,0,0,1,-0.039999600004,0,1,-0.039999600004,0,0,0,0,1,-0.039999600004,0,1,-0.039999600004,0,1,-0.039999600004,0,0,0,0,0,0
"Eubacterium_siraeum",2,0,0.079999600002,1,0,0.039999600004,2,0,0.079999600002,0,0,0,2,0,0.079999600002,0,0,0,1,0,0.039999600004,0,0,0,1,0,0.039999600004,2,0,0.079999600002
"Akkermansia_muciniphila",0,2,-0.079999600002,0,2,-0.079999600002,0,1,-0.039999600004,0,2,-0.079999600002,0,1,-0.039999600004,0,2,-0.079999600002,0,0,0,0,1,-0.039999600004,0,2,-0.079999600002,0,1,-0.039999600004
"Blautia_faecis",1,4,-0.0899997750005625,1,3,-0.0533331555561481,1,3,-0.0533331555561481,1,3,-0.0533331555561481,2,2,0,1,3,-0.0533331555561481,2,2,0,2,2,0,2,2,0,1,2,-0.0199999000005
"Bacteroides_caccae",1,5,-0.127999744000512,1,5,-0.127999744000512,1,3,-0.0533331555561481,1,3,-0.0533331555561481,2,2,0,1,3,-0.0533331555561481,2,3,-0.013333288889037,2,2,0,2,3,-0.013333288889037,1,3,-0.0533331555561481
"Campylobacter_lanienae",1,1,0,0,1,-0.039999600004,0,1,-0.039999600004,1,0,0.039999600004,1,1,0,0,0,0,1,1,0,1,0,0.039999600004,1,0,0.039999600004,0,1,-0.039999600004
"Phascolarctobacterium_succinatutens",2,2,0,1,2,-0.0199999000005,1,1,0,1,2,-0.0199999000005,2,1,0.0199999000005,0,2,-0.079999600002,2,0,0.079999600002,1,1,0,1,2,-0.0199999000005,1,1,0
"Ruminococcus_flavefaciens",1,2,-0.0199999000005,1,2,-0.0199999000005,1,3,-0.0533331555561481,1,3,-0.0533331555561481,2,2,0,1,2,-0.0199999000005,2,2,0,2,3,-0.013333288889037,2,1,0.0199999000005,1,2,-0.0199999000005
"Faecalibacterium_prausnitzii",4,4,0,3,4,-0.0099999750000625,4,3,0.0099999750000625,2,3,-0.013333288889037,4,2,0.03999990000025,4,3,0.0099999750000625,4,2,0.03999990000025,4,2,0.03999990000025,4,2,0.03999990000025,3,3,0
"Vagococcus_lutrae",1,1,0,0,0,0,1,0,0.039999600004,2,1,0.0199999000005,2,1,0.0199999000005,0,2,-0.079999600002,2,2,0,2,2,0,1,2,-0.0199999000005,1,2,-0.0199999000005
"Enterococcus_faecalis",0,0,0,0,0,0,0,1,-0.039999600004,0,1,-0.039999600004,0,0,0,0,1,-0.039999600004,0,1,-0.039999600004,0,1,-0.039999600004,0,1,-0.039999600004,0,1,-0.039999600004
"Bacteroides_pyogenes",2,0,0.079999600002,1,0,0.039999600004,1,0,0.039999600004,2,0,0.079999600002,2,0,0.079999600002,0,0,0,2,0,0.079999600002,2,0,0.079999600002,2,0,0.079999600002,1,0,0.039999600004
"Actinomyces_suimastitidis",0,0,0,0,0,0,1,0,0.039999600004,0,0,0,1,0,0.039999600004,1,0,0.039999600004,0,0,0,0,0,0,1,0,0.039999600004,0,0,0
"Prevotella_bergensis",0,1,-0.039999600004,0,1,-0.039999600004,0,0,0,0,1,-0.039999600004,0,0,0,0,1,-0.039999600004,0,0,0,0,0,0,0,1,-0.039999600004,0,1,-0.039999600004
"Eubacterium_eligens",3,2,0.013333288889037,3,2,0.013333288889037,2,2,0,2,1,0.0199999000005,2,1,0.0199999000005,3,1,0.0533331555561481,3,2,0.013333288889037,2,1,0.0199999000005,4,0,0.159999600001,3,2,0.013333288889037
"Parabacteroides_distasonis",2,4,-0.03999990000025,0,4,-0.159999600001,1,3,-0.0533331555561481,2,3,-0.013333288889037,1,2,-0.0199999000005,1,3,-0.0533331555561481,1,2,-0.0199999000005,2,2,0,1,2,-0.0199999000005,1,3,-0.0533331555561481
"Anaerococcus_octavius",0,1,-0.039999600004,1,1,0,1,2,-0.0199999000005,0,2,-0.079999600002,1,1,0,0,0,0,0,1,-0.039999600004,1,1,0,1,1,0,1,2,-0.0199999000005
"Roseburia_inulinivorans",2,3,-0.013333288889037,1,3,-0.0533331555561481,2,2,0,1,2,-0.0199999000005,3,2,0.013333288889037,1,2,-0.0199999000005,2,1,0.0199999000005,2,1,0.0199999000005,3,2,0.013333288889037,2,2,0
"Streptococcus_massiliensis",1,1,0,1,1,0,1,1,0,0,1,-0.039999600004,0,1,-0.039999600004,1,1,0,1,1,0,0,1,-0.039999600004,1,1,0,1,1,0
"Lactobacillus_plantarum",1,2,-0.0199999000005,1,3,-0.0533331555561481,1,2,-0.0199999000005,0,2,-0.079999600002,1,2,-0.0199999000005,0,2,-0.079999600002,1,0,0.039999600004,0,2,-0.079999600002,0,3,-0.119999600001333,1,2,-0.0199999000005
"Eubacterium_biforme",1,2,-0.0199999000005,1,2,-0.0199999000005,1,1,0,1,2,-0.0199999000005,2,0,0.079999600002,1,2,-0.0199999000005,2,1,0.0199999000005,2,1,0.0199999000005,2,1,0.0199999000005,1,2,-0.0199999000005
"Prevotella_disiens",0,1,-0.039999600004,0,1,-0.039999600004,0,1,-0.039999600004,0,1,-0.039999600004,0,0,0,0,1,-0.039999600004,0,1,-0.039999600004,0,1,-0.039999600004,0,0,0,0,1,-0.039999600004
"Coprococcus_comes",2,1,0.0199999000005,1,1,0,2,0,0.079999600002,2,1,0.0199999000005,2,0,0.079999600002,2,1,0.0199999000005,2,0,0.079999600002,3,0,0.119999600001333,2,1,0.0199999000005,2,1,0.0199999000005
"Bifidobacterium_longum",1,5,-0.127999744000512,1,3,-0.0533331555561481,1,5,-0.127999744000512,1,2,-0.0199999000005,2,2,0,1,2,-0.0199999000005,2,3,-0.013333288889037,2,2,0,2,1,0.0199999000005,1,3,-0.0533331555561481
"Oscillibacter_valericigenes",0,2,-0.079999600002,1,2,-0.0199999000005,1,1,0,0,2,-0.079999600002,1,1,0,1,2,-0.0199999000005,1,0,0.039999600004,1,1,0,1,2,-0.0199999000005,1,1,0
"Necropsobacter_rosorum",0,0,0,0,0,0,0,0,0,0,0,0,0,0,0,0,0,0,0,0,0,0,0,0,0,0,0,0,0,0
"Riemerella_anatipestifer",1,0,0.039999600004,1,0,0.039999600004,1,0,0.039999600004,0,0,0,1,0,0.039999600004,1,0,0.039999600004,1,0,0.039999600004,0,0,0,0,0,0,1,0,0.039999600004
"Bacteroides_coprocola",1,4,-0.0899997750005625,0,4,-0.159999600001,0,3,-0.119999600001333,1,3,-0.0533331555561481,1,1,0,0,4,-0.159999600001,1,2,-0.0199999000005,1,2,-0.0199999000005,1,3,-0.0533331555561481,0,3,-0.119999600001333
"Ottowia_pentelensis",0,0,0,1,0,0.039999600004,1,0,0.039999600004,0,0,0,1,0,0.039999600004,0,0,0,0,0,0,1,0,0.039999600004,1,0,0.039999600004,1,0,0.039999600004
"Alistipes_shahii",1,2,-0.0199999000005,0,2,-0.079999600002,0,1,-0.039999600004,1,2,-0.0199999000005,1,0,0.039999600004,0,2,-0.079999600002,1,1,0,1,1,0,1,1,0,0,2,-0.079999600002
"Enterococcus_faecium",0,0,0,0,0,0,0,0,0,0,0,0,0,0,0,0,0,0,0,0,0,0,0,0,0,0,0,0,0,0
"Alistipes_finegoldii",1,3,-0.0533331555561481,0,3,-0.119999600001333,1,2,-0.0199999000005,0,3,-0.119999600001333,1,1,0,0,3,-0.119999600001333,0,1,-0.039999600004,0,2,-0.079999600002,1,2,-0.0199999000005,1,2,-0.0199999000005
"Catenibacterium_mitsuokai",2,1,0.0199999000005,2,1,0.0199999000005,2,0,0.079999600002,1,1,0,2,0,0.079999600002,2,1,0.0199999000005,3,0,0.119999600001333,2,0,0.079999600002,3,1,0.0533331555561481,2,1,0.0199999000005
"Acidaminococcus_intestini",1,1,0,1,1,0,2,0,0.079999600002,0,1,-0.039999600004,2,0,0.079999600002,1,1,0,1,0,0.039999600004,1,0,0.039999600004,2,1,0.0199999000005,2,1,0.0199999000005
"Granulicatella_balaenopterae",0,1,-0.039999600004,0,0,0,0,1,-0.039999600004,0,1,-0.039999600004,0,0,0,0,1,-0.039999600004,0,0,0,0,1,-0.039999600004,0,0,0,0,1,-0.039999600004
"Parasutterella_excrementihominis",1,3,-0.0533331555561481,0,3,-0.119999600001333,0,2,-0.079999600002,1,3,-0.0533331555561481,1,1,0,0,3,-0.119999600001333,1,1,0,1,2,-0.0199999000005,1,2,-0.0199999000005,0,2,-0.079999600002
"Bacteroides_dorei",1,3,-0.0533331555561481,0,2,-0.079999600002,0,2,-0.079999600002,1,2,-0.0199999000005,1,1,0,0,2,-0.079999600002,1,2,-0.0199999000005,1,1,0,1,1,0,0,2,-0.079999600002
"Clostridium_disporicum",0,1,-0.039999600004,0,1,-0.039999600004,0,0,0,0,1,-0.039999600004,0,0,0,0,1,-0.039999600004,0,0,0,0,0,0,0,1,-0.039999600004,0,1,-0.039999600004
"Ruminococcus_torques",2,3,-0.013333288889037,1,3,-0.0533331555561481,2,2,0,2,2,0,2,2,0,2,2,0,3,1,0.0533331555561481,3,1,0.0533331555561481,2,2,0,1,2,-0.0199999000005
"Mycoplasma_spermatophilum",1,0,0.039999600004,2,0,0.079999600002,1,0,0.039999600004,0,0,0,1,0,0.039999600004,2,0,0.079999600002,1,0,0.039999600004,1,0,0.039999600004,1,0,0.039999600004,1,0,0.039999600004
"Enterococcus_italicus",0,0,0,0,0,0,0,1,-0.039999600004,1,0,0.039999600004,1,1,0,1,1,0,0,0,0,0,0,0,0,1,-0.039999600004,1,0,0.039999600004
"Actinomyces_radicidentis",0,1,-0.039999600004,0,2,-0.079999600002,0,1,-0.039999600004,0,1,-0.039999600004,0,1,-0.039999600004,0,1,-0.039999600004,0,0,0,0,1,-0.039999600004,0,2,-0.079999600002,0,2,-0.079999600002
"Actinomyces_johnsonii",1,0,0.039999600004,1,0,0.039999600004,0,0,0,1,0,0.039999600004,1,0,0.039999600004,1,0,0.039999600004,0,0,0,1,0,0.039999600004,1,0,0.039999600004,1,0,0.039999600004
"Clostridium_lactatifermentans",0,2,-0.079999600002,0,2,-0.079999600002,0,1,-0.039999600004,0,2,-0.079999600002,0,0,0,0,2,-0.079999600002,0,1,-0.039999600004,0,1,-0.039999600004,0,1,-0.039999600004,0,2,-0.079999600002
"Bacteroides_ovatus",2,4,-0.03999990000025,1,4,-0.0899997750005625,2,3,-0.013333288889037,1,3,-0.0533331555561481,3,2,0.013333288889037,1,3,-0.0533331555561481,2,2,0,2,2,0,3,2,0.013333288889037,2,3,-0.013333288889037
"Bacteroides_eggerthii",0,0,0,0,0,0,0,0,0,0,0,0,0,0,0,0,0,0,0,0,0,0,0,0,0,0,0,0,0,0
"Collinsella_aerofaciens",2,1,0.0199999000005,1,1,0,3,0,0.119999600001333,1,1,0,2,0,0.079999600002,2,1,0.0199999000005,2,0,0.079999600002,2,0,0.079999600002,2,1,0.0199999000005,2,1,0.0199999000005
"Eubacterium_desmolans",2,3,-0.013333288889037,1,3,-0.0533331555561481,2,2,0,2,2,0,2,2,0,2,2,0,3,1,0.0533331555561481,3,1,0.0533331555561481,2,2,0,1,2,-0.0199999000005
"Clostridium_hylemonae",0,1,-0.039999600004,1,1,0,0,0,0,0,1,-0.039999600004,1,0,0.039999600004,1,1,0,0,0,0,1,0,0.039999600004,0,1,-0.039999600004,0,1,-0.039999600004
"Fusicatenibacter_saccharivorans",1,4,-0.0899997750005625,1,3,-0.0533331555561481,1,3,-0.0533331555561481,1,3,-0.0533331555561481,2,1,0.0199999000005,1,3,-0.0533331555561481,2,3,-0.013333288889037,2,2,0,2,1,0.0199999000005,1,3,-0.0533331555561481
"Kingella_kingae",0,0,0,0,0,0,0,0,0,0,0,0,0,0,0,0,0,0,0,0,0,0,0,0,0,0,0,0,0,0
"Phascolarctobacterium_faecium",1,3,-0.0533331555561481,0,3,-0.119999600001333,0,2,-0.079999600002,1,2,-0.0199999000005,1,2,-0.0199999000005,0,2,-0.079999600002,1,1,0,1,1,0,1,2,-0.0199999000005,0,2,-0.079999600002
"Sutterella_wadsworthensis",3,1,0.0533331555561481,3,1,0.0533331555561481,2,1,0.0199999000005,2,1,0.0199999000005,3,0,0.119999600001333,3,1,0.0533331555561481,3,1,0.0533331555561481,2,1,0.0199999000005,3,0,0.119999600001333,3,1,0.0533331555561481
"Bacteroides_fragilis",1,5,-0.127999744000512,1,5,-0.127999744000512,1,4,-0.0899997750005625,1,3,-0.0533331555561481,2,2,0,1,4,-0.0899997750005625,2,3,-0.013333288889037,2,2,0,2,3,-0.013333288889037,1,4,-0.0899997750005625
"Ruminococcus_albus",0,1,-0.039999600004,0,1,-0.039999600004,0,1,-0.039999600004,0,1,-0.039999600004,0,1,-0.039999600004,0,1,-0.039999600004,0,0,0,0,1,-0.039999600004,0,1,-0.039999600004,0,0,0
"Bacteroides_massiliensis",3,2,0.013333288889037,0,2,-0.079999600002,2,2,0,2,3,-0.013333288889037,2,1,0.0199999000005,1,2,-0.0199999000005,1,2,-0.0199999000005,2,2,0,2,1,0.0199999000005,2,3,-0.013333288889037
"Prevotella_stercorea",1,1,0,1,1,0,1,0,0.039999600004,1,1,0,2,0,0.079999600002,1,1,0,2,0,0.079999600002,2,0,0.079999600002,2,1,0.0199999000005,1,1,0
"Clostridium_symbiosum",0,1,-0.039999600004,0,1,-0.039999600004,0,0,0,0,1,-0.039999600004,0,0,0,0,1,-0.039999600004,0,0,0,0,0,0,0,1,-0.039999600004,0,1,-0.039999600004
"Dorea_formicigenerans",1,3,-0.0533331555561481,1,3,-0.0533331555561481,1,2,-0.0199999000005,1,2,-0.0199999000005,2,2,0,1,2,-0.0199999000005,2,1,0.0199999000005,2,1,0.0199999000005,2,2,0,1,2,-0.0199999000005
"Ruminococcus_obeum",1,2,-0.0199999000005,1,1,0,1,1,0,1,2,-0.0199999000005,2,0,0.079999600002,1,2,-0.0199999000005,2,1,0.0199999000005,2,1,0.0199999000005,2,1,0.0199999000005,1,1,0
"Oscillospira_guilliermondii",1,1,0,2,1,0.0199999000005,1,0,0.039999600004,1,1,0,3,0,0.119999600001333,2,1,0.0199999000005,2,0,0.079999600002,3,0,0.119999600001333,2,1,0.0199999000005,1,1,0
"Roseburia_intestinalis",1,3,-0.0533331555561481,0,2,-0.079999600002,1,2,-0.0199999000005,1,2,-0.0199999000005,0,1,-0.039999600004,1,2,-0.0199999000005,0,2,-0.079999600002,1,1,0,0,1,-0.039999600004,1,2,-0.0199999000005
"Actinobacillus_succinogenes",1,0,0.039999600004,1,0,0.039999600004,0,0,0,0,0,0,1,0,0.039999600004,1,0,0.039999600004,1,0,0.039999600004,1,0,0.039999600004,0,0,0,1,0,0.039999600004
"Bacteroides_thetaiotaomicron",1,4,-0.0899997750005625,0,4,-0.159999600001,0,3,-0.119999600001333,1,3,-0.0533331555561481,1,2,-0.0199999000005,0,3,-0.119999600001333,1,2,-0.0199999000005,1,2,-0.0199999000005,1,2,-0.0199999000005,0,3,-0.119999600001333
"Clostridium_ramosum",1,2,-0.0199999000005,0,2,-0.079999600002,1,1,0,0,1,-0.039999600004,1,1,0,0,1,-0.039999600004,0,1,-0.039999600004,0,0,0,1,1,0,1,2,-0.0199999000005
"Haemophilus_parasuis",1,0,0.039999600004,0,0,0,0,0,0,1,0,0.039999600004,1,0,0.039999600004,0,0,0,1,0,0.039999600004,1,0,0.039999600004,1,0,0.039999600004,0,0,0
"Veillonella_criceti",2,0,0.079999600002,0,0,0,1,0,0.039999600004,2,0,0.079999600002,1,0,0.039999600004,2,0,0.079999600002,1,0,0.039999600004,2,0,0.079999600002,1,0,0.039999600004,2,0,0.079999600002
"Parabacteroides_goldsteinii",0,2,-0.079999600002,0,2,-0.079999600002,0,1,-0.039999600004,0,2,-0.079999600002,0,0,0,0,2,-0.079999600002,0,1,-0.039999600004,0,1,-0.039999600004,0,1,-0.039999600004,0,2,-0.079999600002
"Clostridium_leptum",1,2,-0.0199999000005,1,2,-0.0199999000005,1,1,0,0,2,-0.079999600002,0,1,-0.039999600004,1,2,-0.0199999000005,1,0,0.039999600004,0,1,-0.039999600004,1,2,-0.0199999000005,1,1,0
"Odoribacter_splanchnicus",1,2,-0.0199999000005,0,2,-0.079999600002,0,2,-0.079999600002,1,3,-0.0533331555561481,1,1,0,0,2,-0.079999600002,1,2,-0.0199999000005,1,2,-0.0199999000005,1,1,0,0,3,-0.119999600001333
"Lactobacillus_animata",0,3,-0.119999600001333,0,3,-0.119999600001333,1,3,-0.0533331555561481,0,2,-0.079999600002,1,2,-0.0199999000005,1,2,-0.0199999000005,0,3,-0.119999600001333,0,2,-0.079999600002,1,1,0,0,3,-0.119999600001333
"Clostridium_bartlettii",0,2,-0.079999600002,0,2,-0.079999600002,0,1,-0.039999600004,0,1,-0.039999600004,0,1,-0.039999600004,0,1,-0.039999600004,0,1,-0.039999600004,0,0,0,0,1,-0.039999600004,0,2,-0.079999600002
"Pseudoflavonifractor_capillosus",0,1,-0.039999600004,0,1,-0.039999600004,0,0,0,0,1,-0.039999600004,0,0,0,0,1,-0.039999600004,0,0,0,0,0,0,0,1,-0.039999600004,0,1,-0.039999600004
"Coprococcus_catus",1,3,-0.0533331555561481,0,2,-0.079999600002,0,2,-0.079999600002,1,3,-0.0533331555561481,1,1,0,0,3,-0.119999600001333,1,1,0,1,2,-0.0199999000005,1,2,-0.0199999000005,0,1,-0.039999600004
"Clostridium_scindens",1,2,-0.0199999000005,1,2,-0.0199999000005,1,1,0,0,2,-0.079999600002,1,1,0,0,2,-0.079999600002,1,0,0.039999600004,0,1,-0.039999600004,0,2,-0.079999600002,1,1,0
"Bacteroides_cellulosilyticus",1,2,-0.0199999000005,1,2,-0.0199999000005,2,1,0.0199999000005,1,1,0,1,1,0,2,1,0.0199999000005,1,1,0,2,0,0.079999600002,1,1,0,2,2,0
"Eubacterium_ventriosum",2,3,-0.013333288889037,0,3,-0.119999600001333,1,2,-0.0199999000005,1,2,-0.0199999000005,2,2,0,0,2,-0.079999600002,1,1,0,1,1,0,2,2,0,1,2,-0.0199999000005
"Streptococcus_troglodytae",0,0,0,0,0,0,0,0,0,0,0,0,0,0,0,0,0,0,0,0,0,0,0,0,0,0,0,0,0,0
"Porphyromonas_somerae",0,2,-0.079999600002,0,1,-0.039999600004,0,2,-0.079999600002,0,0,0,0,0,0,0,1,-0.039999600004,0,1,-0.039999600004,0,1,-0.039999600004,0,1,-0.039999600004,0,1,-0.039999600004
"Haemophilus_quentini",1,1,0,1,1,0,1,1,0,1,0,0.039999600004,1,1,0,1,0,0.039999600004,0,1,-0.039999600004,1,1,0,1,1,0,1,1,0
"Methylobacterium_jeotgali",1,0,0.039999600004,1,0,0.039999600004,1,0,0.039999600004,1,0,0.039999600004,1,0,0.039999600004,1,0,0.039999600004,0,0,0,1,0,0.039999600004,1,0,0.039999600004,0,0,0
"Ruminococcus_callidus",2,3,-0.013333288889037,0,3,-0.119999600001333,1,3,-0.0533331555561481,1,2,-0.0199999000005,2,2,0,0,2,-0.079999600002,1,2,-0.0199999000005,1,2,-0.0199999000005,2,1,0.0199999000005,1,2,-0.0199999000005
"Aggregatibacter_sp_oral_taxon_458",1,0,0.039999600004,1,0,0.039999600004,1,0,0.039999600004,1,0,0.039999600004,1,0,0.039999600004,1,0,0.039999600004,0,0,0,1,0,0.039999600004,1,0,0.039999600004,1,0,0.039999600004
"Lachnospiraceae_bacterium_oral_taxon_096",4,0,0.159999600001,3,0,0.119999600001333,3,0,0.119999600001333,3,0,0.119999600001333,2,0,0.079999600002,2,0,0.079999600002,1,0,0.039999600004,4,0,0.159999600001,2,0,0.079999600002,2,0,0.079999600002
"Leptotrichia_sp_oral_taxon_215",0,1,-0.039999600004,0,0,0,0,1,-0.039999600004,0,0,0,0,0,0,0,0,0,0,0,0,0,1,-0.039999600004,0,0,0,0,0,0
"Neisseria_sp_oral_taxon_014",0,1,-0.039999600004,0,0,0,0,1,-0.039999600004,0,0,0,0,0,0,0,0,0,0,0,0,0,1,-0.039999600004,0,0,0,0,0,0
"Prevotella_sp_oral_taxon_306",1,1,0,1,0,0.039999600004,1,1,0,1,0,0.039999600004,0,0,0,0,0,0,1,0,0.039999600004,1,1,0,0,0,0,0,0,0
"Prevotella_sp_oral_taxon_473",0,0,0,0,0,0,0,0,0,0,0,0,0,0,0,0,0,0,0,0,0,0,0,0,0,0,0,0,0,0
"Tannerella_sp_oral_taxon_HOT_286",1,1,0,1,0,0.039999600004,1,1,0,1,0,0.039999600004,1,0,0.039999600004,1,0,0.039999600004,0,0,0,1,1,0,1,0,0.039999600004,1,0,0.039999600004
"Actinomyces_sp_HMSC035G02",0,0,0,0,0,0,0,0,0,0,0,0,0,0,0,0,0,0,0,0,0,0,0,0,0,0,0,0,0,0
"Actinomyces_sp_ICM47",1,0,0.039999600004,0,0,0,1,0,0.039999600004,0,0,0,0,0,0,0,0,0,0,0,0,1,0,0.039999600004,0,0,0,0,0,0
"Actinomyces_sp_oral_taxon_181",1,1,0,1,1,0,1,0,0.039999600004,0,1,-0.039999600004,1,1,0,0,1,-0.039999600004,1,0,0.039999600004,1,1,0,1,1,0,1,1,0
"Oribacterium_parvum",2,0,0.079999600002,1,0,0.039999600004,2,0,0.079999600002,1,0,0.039999600004,0,0,0,0,0,0,1,0,0.039999600004,2,0,0.079999600002,0,0,0,0,0,0
"Streptococcus_sp_A12",2,0,0.079999600002,1,0,0.039999600004,2,0,0.079999600002,1,0,0.039999600004,1,0,0.039999600004,1,0,0.039999600004,0,0,0,2,0,0.079999600002,1,0,0.039999600004,1,0,0.039999600004
"Veillonella_infantium",1,0,0.039999600004,0,0,0,1,0,0.039999600004,0,0,0,0,0,0,0,0,0,0,0,0,1,0,0.039999600004,0,0,0,0,0,0
"Veillonella_sp_T11011_6",2,0,0.079999600002,1,0,0.039999600004,2,0,0.079999600002,1,0,0.039999600004,1,0,0.039999600004,1,0,0.039999600004,0,0,0,2,0,0.079999600002,1,0,0.039999600004,1,0,0.039999600004
