"","ChenC_2018","JesusV_2021","ZhengH_2015","ZhangX_2015","XiaoC_2016","HavsedK_2021","PangL_2021","GalimanasV_2014","JulianM_2017","NajmanovaL_2021","ProctorD_2018","SantosA_2021"
"Veillonella_rogosae",NA,NA,NA,-1,NA,1,1,-1,3,NA,1,-1
"Rothia_aeria",-3,NA,1,1,-1,1,3,1,1,3,3,-1
"Aggregatibacter_actinomycetemcomitans",3,NA,1,3,-1,-1,-1,1,-3,-3,1,-1
"Streptococcus_vestibularis",NA,NA,1,-1,1,NA,-1,NA,NA,NA,3,NA
"Veillonella_dispar",3,NA,1,-3,1,-3,-1,-1,-1,3,-3,1
"Acinetobacter_johnsonii",3,NA,1,NA,-1,NA,NA,NA,3,1,1,NA
"Eubacterium_saphenum",-3,NA,-1,3,1,-1,NA,-2,3,-3,1,1
"Leptotrichia_buccalis",-1,NA,1,3,1,-3,3,1,1,-1,2,-1
"Actinomyces_odontolyticus",3,NA,-1,-1,3,-1,-1,1,-3,1,3,-1
"Neisseria_sicca",1,NA,NA,3,NA,-1,1,NA,-1,1,3,-1
"Prevotella_baroniae",-3,NA,1,-1,-1,-3,-1,-1,-1,-3,-3,1
"Capnocytophaga_leadbetteri",1,NA,-1,3,-1,1,1,1,1,1,3,1
"Prevotella_pallens",2,NA,-1,-1,2,-1,-1,1,1,1,1,-1
"Cloacibacterium_normanense",NA,NA,1,NA,NA,NA,NA,1,3,1,1,1
"Treponema_denticola",-3,NA,-1,3,1,-3,-3,1,1,-3,3,-1
"Eubacterium_brachy",-1,NA,-1,1,1,-1,-1,-1,-1,-3,-3,-1
"Porphyromonas_endodontalis",-3,NA,-1,3,-1,-3,1,-2,-1,-3,3,-1
"Eubacterium_yurii",1,NA,-2,3,1,1,1,-1,-1,-3,3,-1
"Prevotella_shahii",2,NA,-1,-1,1,-1,1,1,1,1,3,-1
"Actinomyces_howellii",3,NA,NA,NA,NA,2,NA,NA,-1,NA,-3,-3
"Prevotella_denticola",-1,NA,-1,-1,-1,-3,-3,1,-1,-3,-3,-1
"Haemophilus_haemoglobinophilus",3,NA,NA,NA,NA,-1,NA,NA,-1,1,1,1
"Prevotella_scopos",NA,NA,-1,-1,-1,-1,-1,-1,NA,NA,3,1
"Actinomyces_oris",1,NA,1,-1,1,-1,-1,-1,-1,1,2,1
"Megasphaera_elsdenii",-1,NA,NA,1,NA,-2,NA,NA,1,NA,-1,-1
"Dialister_invisus",1,NA,-1,2,2,-2,-1,-3,-1,-3,3,-1
"Granulicatella_adiacens",1,NA,1,-1,-1,1,-1,3,-1,1,3,1
"Prevotella_enoeca",-1,NA,-1,3,-1,-2,NA,NA,-1,-3,3,-1
"Streptococcus_cristatus",1,NA,-1,-1,-1,-1,1,-1,-1,NA,3,1
"Veillonella_montpellierensis",NA,NA,NA,NA,NA,-1,NA,NA,-1,1,-3,-1
"Lachnoanaerobaculum_orale",NA,NA,-1,NA,-1,1,NA,NA,-1,1,1,-1
"Bacillus_pumilus",3,NA,NA,NA,NA,1,NA,NA,NA,NA,-1,-1
"Terrahaemophilus_aromaticivorans",NA,NA,1,NA,-1,1,NA,NA,NA,2,1,1
"Actinomyces_meyeri",1,NA,1,-1,-1,-1,NA,-1,3,-1,3,-1
"Bergeyella_zoohelcum",NA,NA,-1,NA,1,-1,NA,NA,-1,NA,-3,1
"Actinomyces_bowdenii",3,NA,1,NA,-1,-1,NA,1,1,1,3,-1
"Prevotella_salivae",-1,NA,1,-3,-1,1,-3,1,1,1,-3,1
"Actinobaculum_massiliense",-1,NA,NA,NA,NA,-1,NA,NA,-1,NA,3,1
"Mannheimia_granulomatis",1,NA,NA,NA,NA,-3,NA,NA,1,2,3,2
"Eubacterium_nodatum",-3,NA,-1,3,-1,-2,NA,-3,-1,-3,-3,-1
"Planobacterium_taklimakanense",3,NA,NA,NA,NA,1,NA,NA,-1,3,3,-1
"Neisseria_pharyngis",NA,NA,NA,NA,NA,-1,NA,1,NA,NA,1,-1
"Anaeroglobus_geminatus",-3,NA,1,-1,2,1,-1,1,1,-3,3,-1
"Olsenella_uli",-3,NA,-1,1,1,-2,1,-1,-1,-1,3,-1
"Lactobacillus_johnsonii",-1,NA,NA,NA,-1,-2,NA,NA,-1,NA,-3,-1
"Prevotella_veroralis",1,NA,1,1,1,-3,-1,1,1,1,3,-1
"Dialister_propionicifaciens",-1,NA,NA,NA,NA,-1,NA,-1,3,-1,1,1
"Rothia_dentocariosa",3,NA,1,-1,-1,3,-3,1,-1,1,-3,1
"Mycoplasma_faucium",NA,NA,1,NA,-1,-1,NA,-3,NA,-3,NA,2
"Azospira_oryzae",NA,NA,NA,NA,NA,-1,NA,NA,NA,NA,3,-1
"Prevotella_dentalis",-1,NA,1,-1,1,-1,NA,-1,-1,-1,3,1
"Corynebacterium_jeikeium",3,NA,-1,NA,NA,1,NA,NA,2,1,3,1
"Peptococcus_niger",1,NA,-1,NA,1,1,NA,1,-1,-3,3,-1
"Treponema_pedis",-3,NA,NA,NA,NA,-1,NA,NA,3,-3,3,-1
"Campylobacter_curvus",-2,NA,-1,1,-1,-1,-1,1,1,-1,3,-1
"Streptococcus_pneumoniae",1,NA,1,-1,2,1,NA,-1,-3,3,3,1
"Schwartzia_succinivorans",-3,NA,-1,NA,1,-1,NA,-1,-1,-1,1,-1
"Actinomyces_hyovaginalis",NA,NA,-1,NA,NA,-1,NA,1,-1,-1,3,1
"Prevotella_marshii",-1,NA,2,-2,1,-2,-3,1,3,-1,3,-1
"Treponema_parvum",-3,NA,-1,NA,-1,-2,NA,-1,-1,-3,1,1
"Lautropia_mirabilis",3,NA,-1,3,-1,1,1,-1,-1,3,3,-1
"Actinobacillus_rossii",NA,NA,NA,NA,NA,1,NA,NA,-1,1,3,2
"Actinomyces_gerencseriae",3,NA,-1,NA,1,-2,NA,1,1,1,3,-2
"Neisseria_shayeganii",-1,NA,-1,NA,-1,1,NA,NA,3,-1,3,1
"Selenomonas_noxia",3,NA,-3,-1,1,1,1,3,3,-1,-3,-1
"Bifidobacterium_dentium",-1,NA,1,-1,-1,-3,-3,1,-1,NA,-3,1
"Haemophilus_parainfluenzae",1,NA,-1,3,1,1,1,1,-3,3,3,1
"Porphyromonas_gingivalis",-1,NA,1,3,3,-3,1,-3,3,-3,-3,1
"Streptococcus_sobrinus",1,NA,1,-1,-1,-1,-1,NA,-1,NA,-3,-1
"Pseudomonas_stutzeri",3,NA,1,NA,-2,NA,NA,NA,3,1,-3,NA
"Bacteroides_acidifaciens",-1,NA,NA,NA,NA,-2,NA,NA,1,2,3,-1
"Bacteroides_intestinalis",-3,NA,NA,NA,-1,-1,NA,NA,-1,1,3,1
"Filifactor_alocis",-3,NA,-1,3,2,-3,NA,-3,-1,-3,3,1
"Prevotella_copri",1,NA,-1,-1,NA,1,1,NA,-1,NA,3,1
"Odoribacter_denticanis",-1,NA,NA,NA,1,NA,NA,NA,-1,-3,NA,-1
"Bacteroides_heparinolyticus",3,NA,-1,1,-1,NA,NA,NA,-1,-1,NA,-1
"Rothia_mucilaginosa",3,NA,-1,-1,-1,1,1,1,-3,1,-3,1
"Lachnoanaerobaculum_saburreum",2,NA,-1,1,1,1,1,-1,3,1,3,-1
"Brachymonas_denitrificans",3,NA,1,NA,1,-1,NA,1,1,-1,3,-1
"Prevotella_paludivivens",-3,NA,-1,NA,-1,1,NA,NA,1,NA,1,1
"Streptococcus_gordonii",3,NA,-1,-1,2,-1,-1,-1,-1,1,-3,-1
"Leptotrichia_hofstadii",3,NA,1,3,-1,-1,1,-1,1,1,-3,1
"Campylobacter_mucosalis",1,NA,NA,NA,NA,-1,NA,NA,-1,1,3,-1
"Streptococcus_sanguinis",3,NA,-1,3,1,1,1,-1,-1,3,3,-1
"Fusobacterium_periodonticum",3,NA,-3,3,1,-1,1,1,-3,3,3,-1
"Eubacterium_minutum",-3,NA,-1,3,3,NA,NA,-1,1,-1,-3,-1
"Campylobacter_showae",1,NA,-1,3,-1,1,-1,1,-1,1,3,1
"Tannerella_forsythia",-3,NA,-1,3,1,-1,-3,-2,3,-3,-3,-1
"Kingella_potus",-1,NA,NA,NA,-1,1,NA,NA,3,1,3,-1
"Capnocytophaga_granulosa",2,NA,-1,3,-1,1,-1,1,2,1,3,-1
"Neisseria_oralis",-1,NA,2,NA,3,1,NA,-1,-1,3,3,-1
"Helicobacter_pylori",NA,NA,NA,NA,NA,1,NA,NA,1,NA,3,1
"Leptotrichia_hongkongensis",3,NA,1,NA,-1,1,NA,NA,-1,2,-3,1
"Gemella_haemolysans",1,NA,-1,-1,1,1,2,-1,-1,1,3,-1
"Slackia_exigua",-3,NA,1,-1,-1,2,-1,-1,-1,NA,-3,-1
"Actinomyces_viscosus",3,NA,-1,-1,1,2,1,-1,-1,2,3,-1
"Streptococcus_oralis",2,NA,1,-1,-1,1,-3,-1,-1,3,3,-1
"Desulfovibrio_fairfieldensis",-2,NA,1,NA,-1,-1,NA,NA,-1,-1,-3,1
"Streptococcus_sinensis",1,NA,-1,2,-1,-1,1,NA,-1,NA,3,-1
"Desulfobulbus_propionicus",-3,NA,-1,NA,1,NA,NA,NA,3,-3,-3,-1
"Cardiobacterium_valvarum",1,NA,-1,3,-1,1,1,-1,-1,1,3,-1
"Prevotella_pleuritidis",-3,NA,1,-3,-1,-3,-3,1,-1,-3,3,1
"Howardella_ureilytica",1,NA,-1,NA,NA,-3,NA,-1,-1,1,-3,-1
"Propionibacterium_acidifaciens",-1,NA,-1,-1,-1,-2,-3,1,NA,1,1,-1
"Gardnerella_vaginalis",1,NA,NA,NA,NA,1,NA,NA,3,NA,1,-1
"Parascardovia_denticolens",-1,NA,NA,1,NA,-3,-3,1,-1,NA,-3,-1
"Streptobacillus_moniliformis",-1,NA,NA,NA,-1,-1,NA,1,1,-3,3,-1
"Selenomonas_ruminantium",NA,NA,1,NA,2,-1,NA,1,1,NA,1,-1
"Eubacterium_sulci",1,NA,-1,-1,-1,1,-1,-1,-1,NA,2,-3
"Streptococcus_parasanguinis",3,NA,-1,-3,1,-1,-1,-1,-1,-1,3,-1
"Prevotella_oralis",-3,NA,-2,3,-1,-1,-1,-1,-1,-1,-3,1
"Actinomyces_graevenitzii",3,NA,-1,-3,1,1,1,-1,-1,2,-3,1
"Alloprevotella_rava",-1,NA,-1,-1,1,-1,-1,1,1,-3,3,-1
"Actinobacillus_porcinus",1,NA,NA,NA,NA,1,NA,NA,-1,1,3,1
"Pseudomonas_aeruginosa",NA,NA,1,NA,-3,-1,NA,NA,NA,NA,-3,-1
"Atopobium_parvulum",3,NA,1,-2,-1,1,-1,-1,1,1,-3,-1
"Stenotrophomonas_maltophilia",-1,NA,1,NA,-1,1,NA,NA,3,1,3,-1
"Pasteurella_pneumotropica",1,NA,NA,NA,NA,-3,NA,NA,1,1,-3,1
"Treponema_amylovorum",-2,NA,1,NA,1,-3,NA,-3,1,-3,3,1
"Prevotella_nanceiensis",3,NA,1,NA,-1,-1,NA,3,-1,3,3,-1
"Wolinella_succinogenes",-1,NA,1,NA,-1,-1,NA,NA,-1,-1,-1,-1
"Shuttleworthia_satelles",-1,NA,1,1,-1,-3,-2,-1,-1,NA,1,-1
"Propionivibrio_pelophilus",1,NA,-1,NA,1,1,NA,NA,3,NA,1,1
"Treponema_lecithinolyticum",-3,NA,-2,-1,1,-3,-1,-1,-3,-3,-3,1
"Neisseria_macacae",NA,NA,NA,3,NA,-1,-1,1,NA,NA,1,-1
"Streptococcus_intermedius",3,NA,1,NA,-1,-1,NA,-1,1,1,-3,-1
"Treponema_socranskii",-3,NA,-1,3,1,-1,-1,-1,2,-3,-3,-1
"Pyramidobacter_piscolens",-3,NA,1,-3,-1,NA,NA,NA,1,NA,-1,-1
"Dialister_pneumosintes",-3,NA,-1,2,1,-3,-1,-1,-1,-3,3,1
"Selenomonas_flueggei",1,NA,1,-1,-1,-1,-1,1,1,-1,-3,-1
"Peptostreptococcus_stomatis",-2,NA,-3,3,1,-3,-1,-3,-1,-1,3,1
"Lactobacillus_reuteri",1,NA,NA,NA,-1,-2,NA,1,-1,NA,-3,-1
"Mycoplasma_salivarium",-1,NA,-1,NA,-1,-1,NA,-1,3,-3,3,-1
"Simonsiella_muelleri",1,NA,NA,NA,NA,1,NA,NA,NA,1,-3,1
"Actinomyces_oricola",-1,NA,-1,NA,3,NA,NA,NA,-1,NA,1,-1
"Prevotella_aurantiaca",1,NA,NA,NA,-1,1,NA,NA,1,-1,3,1
"Leptotrichia_shahii",-1,NA,-1,NA,-1,-1,NA,NA,2,-1,-3,-1
"Capnocytophaga_ochracea",3,NA,1,3,-1,-1,1,1,2,1,3,-1
"Prevotella_ruminicola",-1,NA,NA,NA,-1,-1,NA,1,-1,NA,1,1
"Gemella_sanguinis",NA,NA,-3,-1,1,3,1,1,NA,NA,3,-1
"Conchiformibius_steedae",-1,NA,NA,NA,NA,1,NA,NA,-1,-1,1,-1
"Prevotella_intermedia",-3,NA,-1,3,-1,3,1,-2,1,-3,3,3
"Porphyromonas_uenonis",-1,NA,NA,-1,NA,-1,NA,NA,1,NA,1,-1
"Prevotella_fusca",-3,NA,-1,1,1,1,-1,NA,2,-3,1,1
"Selenomonas_sputigena",-3,NA,1,-1,1,-1,-3,-2,3,-3,-3,-1
"Veillonella_rodentium",-1,NA,NA,-2,NA,-1,1,-1,1,1,3,-1
"Bulleidia_extructa",-3,NA,-1,2,-1,-3,NA,-1,-1,NA,3,-1
"Haemophilus_parahaemolyticus",2,NA,NA,1,3,1,1,NA,-1,3,3,-1
"Alloprevotella_tannerae",-3,NA,-1,2,1,-1,-1,-1,1,-3,3,-1
"Actinomyces_georgiae",3,NA,-1,1,1,1,3,1,3,1,-3,-1
"Streptococcus_oligofermentans",-1,NA,-1,NA,-1,2,NA,-1,-1,NA,3,-1
"Actinomyces_lingnae",3,NA,-1,NA,-1,-1,NA,1,1,1,-3,-2
"Lactobacillus_salivarius",1,NA,1,-3,-1,-3,-3,-1,-1,NA,-3,1
"Prevotella_maculosa",1,NA,1,1,1,-3,-1,1,2,-1,1,-1
"Haemophilus_influenzae",-1,NA,-1,1,-1,-3,-2,1,-1,3,3,1
"Capnocytophaga_haemolytica",1,NA,1,-1,1,-1,-1,1,3,3,2,1
"Porphyromonas_gulae",-1,NA,NA,NA,1,1,NA,1,3,-3,3,1
"Veillonella_parvula",3,NA,1,-1,1,1,-1,-1,-1,3,3,-1
"Actinomyces_cardiffensis",-3,NA,-1,-3,1,1,-1,-2,-1,-1,1,-1
"Capnocytophaga_sputigena",2,NA,-1,3,-1,1,-1,1,-1,2,3,1
"Propionibacterium_acnes",NA,NA,1,-1,-1,1,1,-1,-1,3,1,-1
"Escherichia_coli",NA,NA,NA,-1,-1,1,-1,NA,-1,1,3,2
"Lactobacillus_vaginalis",1,NA,1,-1,-1,-1,-3,NA,-1,NA,-3,-1
"Treponema_medium",-3,NA,1,3,2,-2,-1,-1,3,-3,3,1
"Selenomonas_infelix",-3,NA,-1,3,1,1,-1,-1,2,1,3,-1
"Leptotrichia_goodfellowii",3,NA,-2,3,-1,1,3,1,3,1,3,-1
"Prevotella_dentasini",1,NA,NA,NA,NA,1,NA,NA,2,NA,-2,1
"Selenomonas_bovis",-2,NA,-1,NA,2,-1,NA,-1,3,-1,-3,1
"Lactobacillus_fermentum",-1,NA,-1,-1,-1,1,-3,-1,-1,NA,-3,1
"Neisseria_elongata",-1,NA,1,3,-1,1,2,1,-3,3,3,1
"Oribacterium_sinus",3,NA,-1,2,2,-1,1,-1,-1,1,-3,1
"Solobacterium_moorei",1,NA,-1,-1,-1,-1,3,1,-1,1,-3,-1
"Eggerthia_catenaformis",-3,NA,-1,-3,-1,1,NA,-1,-1,NA,3,-1
"Granulicatella_elegans",-1,NA,-1,-1,1,-2,1,1,-1,3,3,1
"Neisseria_subflava",NA,NA,NA,-1,NA,-1,2,NA,NA,NA,3,1
"Campylobacter_concisus",3,NA,1,2,-1,1,-2,2,1,3,-3,-1
"Prevotella_melaninogenica",-1,NA,1,1,1,-3,1,1,-1,3,3,1
"Megasphaera_micronuciformis",3,NA,-1,-2,1,-1,-3,1,1,-1,-3,-2
"Cryptobacterium_curtum",1,NA,1,3,1,-3,-3,-1,-1,-1,3,1
"Sediminibacterium_salmoneum",2,NA,2,NA,-1,1,NA,-1,-1,NA,1,NA
"Abiotrophia_defectiva",-2,NA,-1,-1,1,-3,-1,3,-2,3,3,1
"Gemella_morbillorum",NA,NA,-1,3,1,1,3,1,-1,NA,3,1
"Lactococcus_lactis",-1,NA,1,-3,1,-1,NA,1,-1,NA,-3,1
"Haemophilus_sputorum",NA,NA,-1,3,-1,1,-1,1,NA,3,3,1
"Veillonella_atypica",NA,NA,1,-1,1,-1,3,-1,-1,1,3,-1
"Actinomyces_timonensis",1,NA,-1,NA,1,-1,NA,-1,3,1,-1,2
"Campylobacter_gracilis",3,NA,1,1,1,-1,-1,1,3,1,-3,-1
"Streptococcus_australis",3,NA,-1,-2,1,1,2,NA,-1,NA,-3,-1
"Phocaeicola_abscessus",-3,NA,1,NA,-1,-2,NA,-3,1,-3,-3,-1
"Campylobacter_rectus",-1,NA,-1,3,1,-1,-1,1,3,-2,1,-3
"Actinomyces_denticolens",3,NA,-1,-1,-1,1,NA,-1,-3,1,-3,-1
"Streptococcus_constellatus",-3,NA,-1,NA,1,-3,NA,-3,-1,-1,-3,-1
"Prevotella_nigrescens",-1,NA,1,1,-1,-1,-1,1,3,-3,-3,-1
"Corynebacterium_matruchotii",3,NA,1,-1,-1,3,1,1,2,1,-3,1
"Eikenella_corrodens",-1,NA,-1,3,-1,3,3,1,1,-1,3,1
"Parvimonas_micra",-1,NA,1,-1,1,-1,-1,-1,-1,-3,-3,-1
"Scardovia_wiggsiae",3,NA,1,-2,1,-1,-3,1,1,1,-3,-1
"Fusobacterium_nucleatum",1,NA,-1,3,-1,-1,3,-1,1,-3,-3,-1
"Prevotella_saccharolytica",1,NA,-1,3,-1,-1,1,1,1,1,3,-2
"Catonella_morbi",-3,NA,-3,3,1,-1,1,1,1,-3,1,1
"Micrococcus_luteus",3,NA,1,NA,-1,NA,NA,NA,-1,1,3,1
"Morococcus_cerebrosus",NA,NA,NA,-2,NA,3,-2,1,-1,NA,2,-1
"Actinomyces_massiliensis",3,NA,-1,1,-1,1,3,-1,3,1,-3,1
"Streptococcus_salivarius",NA,NA,1,-3,-2,-1,1,-1,NA,NA,3,1
"Prevotella_buccae",-3,NA,1,-1,-1,-1,-1,-1,-1,-3,3,-1
"Fusobacterium_russii",-1,NA,-1,NA,NA,-3,NA,1,-1,-1,2,1
"Neisseria_meningitidis",3,NA,1,-1,-1,1,NA,1,-1,-3,-1,1
"Staphylococcus_epidermidis",NA,NA,1,NA,1,1,1,1,-1,NA,-3,-1
"Neisseria_lactamica",NA,NA,NA,-1,NA,1,NA,1,-1,NA,-3,-1
"Pseudoramibacter_alactolyticus",-3,NA,-1,3,1,-3,-2,1,-1,-3,-3,-1
"Mogibacterium_timidum",-3,NA,-1,-1,1,-1,1,NA,-1,-3,-3,-1
"Streptococcus_mutans",3,NA,-1,1,-1,-2,-3,1,-3,2,-3,-1
"Streptococcus_thermophilus",3,NA,-1,-1,-1,-1,NA,1,-1,3,-3,-1
"Propionibacterium_propionicum",1,NA,1,1,1,1,2,1,1,-1,3,-1
"Treponema_pectinovorum",-3,NA,1,NA,1,-3,NA,-1,-2,-1,-1,1
"Neisseria_flavescens",3,NA,-1,3,1,1,1,1,-2,1,3,1
"Streptococcus_anginosus",-1,NA,-1,NA,-1,-1,NA,-1,-1,1,3,1
"Leptotrichia_trevisanii",1,NA,-1,NA,-1,-2,NA,1,1,1,1,-1
"Treponema_putidum",-3,NA,NA,3,NA,-1,NA,NA,-2,-3,3,-1
"Leptotrichia_wadei",1,NA,1,-1,1,1,1,-1,1,3,3,1
"Streptococcus_mitis",1,NA,1,-3,1,1,1,-1,-1,3,3,-1
"Dialister_micraerophilus",2,NA,NA,NA,NA,-1,NA,NA,1,-1,3,-1
"Prevotella_oris",3,NA,1,-1,1,-1,-1,1,1,-3,-3,1
"Porphyromonas_catoniae",3,NA,1,3,-1,-1,3,1,-3,3,3,1
"Fusobacterium_canifelinum",NA,NA,-1,NA,1,1,NA,-1,NA,NA,1,-1
"Aggregatibacter_aphrophilus",-3,NA,-1,-1,-1,1,-1,1,-2,3,3,1
"Lachnoanaerobaculum_umeaense",3,NA,-1,1,3,-1,1,-1,1,1,3,1
"Eubacterium_infirmum",-1,NA,-2,2,1,-3,NA,-1,-1,-1,3,1
"Neisseria_mucosa",1,NA,1,-2,1,-1,1,1,-1,1,3,-1
"Neisseria_dentiae",2,NA,NA,NA,NA,1,NA,NA,-1,2,3,-1
"Haemophilus_pittmaniae",NA,NA,NA,NA,NA,1,NA,-1,NA,NA,1,1
"Prevotella_micans",-3,NA,-2,1,1,1,-1,1,-3,-1,3,-1
"Treponema_succinifaciens",-3,NA,NA,NA,NA,-1,NA,NA,1,-1,3,1
"Kingella_denitrificans",1,NA,-2,3,2,-1,1,3,-1,-1,3,1
"Veillonella_denticariosi",NA,NA,NA,-1,-1,-1,1,1,1,NA,1,-2
"Corynebacterium_durum",3,NA,1,-1,-1,3,1,-1,2,3,3,1
"Neisseria_bacilliformis",-1,NA,-1,1,-2,-1,-3,-1,1,3,-3,2
"Kingella_oralis",3,NA,-1,-1,-1,1,1,-1,-1,3,-3,1
"Cardiobacterium_hominis",3,NA,1,3,1,1,3,-1,3,3,3,1
"Fretibacterium_fastidiosum",-3,NA,1,2,1,-3,-1,-3,1,-3,-3,1
"Streptococcus_peroris",-1,NA,NA,-1,NA,1,NA,NA,1,NA,-3,-1
"Olsenella_profusa",1,NA,1,-1,1,-1,-3,-2,-1,NA,-3,-1
"Agrobacterium_tumefaciens",3,NA,1,NA,1,NA,NA,NA,3,NA,1,-1
"Selenomonas_artemidis",-1,NA,-1,-1,-2,1,-1,3,2,1,3,1
"Streptococcus_infantis",NA,NA,1,-3,1,-1,1,-1,-1,1,1,-3
"Prevotella_histicola",1,NA,-1,-3,-1,-1,-3,1,-1,1,-3,1
"Aggregatibacter_segnis",3,NA,-1,3,1,-1,1,1,-1,3,3,1
"Rothia_terrae",3,NA,NA,NA,NA,-1,NA,NA,-1,NA,-1,1
"Streptococcus_suis",NA,NA,NA,NA,-1,-1,NA,NA,1,-1,-3,-1
"Ruminofilibacter_xylanolyticum",1,NA,NA,NA,NA,-1,NA,NA,1,-3,-1,NA
"Finegoldia_magna",3,NA,-1,NA,NA,NA,NA,NA,-1,1,3,-1
"Prevotella_multiformis",-2,NA,1,1,1,1,-1,1,2,-1,1,1
"Actinomyces_catuli",-1,NA,NA,NA,NA,1,NA,NA,-1,NA,3,NA
"Neisseria_canis",-1,NA,NA,1,-1,-3,-1,NA,1,1,3,-1
"Centipeda_periodontii",3,NA,-1,3,-1,1,-1,1,1,NA,3,-1
"Actinomyces_israelii",1,NA,-2,NA,1,-2,NA,-1,-1,-3,-3,-1
"Actinomyces_naeslundii",3,NA,-1,1,1,1,1,1,-1,1,3,-1
"Actinomyces_turicensis",-1,NA,NA,NA,NA,-1,NA,-1,-1,NA,-3,-1
"Streptococcus_lactarius",NA,NA,NA,NA,NA,1,NA,NA,-1,NA,3,-1
"Capnocytophaga_gingivalis",3,NA,-3,-3,-1,1,1,1,-1,1,3,1
"Prevotella_loescheii",2,NA,-2,3,1,-1,1,1,3,1,3,1
"Bergeriella_denitrificans",-1,NA,-3,NA,-1,-1,NA,NA,-1,2,3,-1
"Paludibacter_propionicigenes",3,NA,-1,NA,NA,1,NA,NA,1,1,3,-1
"Veillonella_tobetsuensis",-1,NA,-1,1,-1,-1,-1,NA,1,1,3,-1
"Prevotella_oulorum",3,NA,1,-1,1,-1,-1,1,3,1,3,-1
"Atopobium_rimae",3,NA,1,1,1,1,-1,1,-1,-1,3,-1
"Selenomonas_dianae",-3,NA,1,NA,-1,-1,NA,-2,3,-3,3,1
"Streptococcus_pseudopneumoniae",NA,NA,NA,-1,NA,1,1,NA,NA,NA,3,1
"Treponema_maltophilum",-3,NA,-1,3,1,-1,1,-1,3,-3,3,-1
"Treponema_vincentii",-2,NA,1,3,1,-1,-1,-1,3,-3,3,1
"Haemophilus_haemolyticus",1,NA,NA,1,-1,1,-1,NA,-1,3,3,1
"Lactobacillus_iners",-3,NA,NA,NA,NA,NA,NA,NA,-1,NA,3,-1
"Johnsonella_ignava",-1,NA,1,1,1,-2,2,1,2,-3,3,-1
"Moryella_indoligenes",-2,NA,NA,NA,NA,1,NA,-1,1,NA,1,-2
"Pseudomonas_putida",-1,NA,NA,NA,-1,NA,NA,NA,-1,1,3,1
"Stomatobaculum_longum",1,NA,-1,-1,3,-2,-1,1,1,-2,-3,-1
"Veillonella_caviae",NA,NA,NA,NA,NA,1,NA,NA,-1,1,-3,-1
"Actinobaculum_schaalii",NA,NA,1,NA,-1,-1,NA,1,NA,NA,3,-1
"Dialister_succinatiphilus",-3,NA,NA,NA,NA,1,NA,NA,1,NA,1,1
"Neisseria_gonorrhoeae",NA,NA,NA,1,NA,1,2,NA,-1,NA,-3,1
"Ruminococcus_bromii",3,NA,NA,-1,NA,NA,1,NA,NA,NA,-1,-1
"Prevotella_jejuni",NA,NA,NA,-3,1,NA,-3,NA,NA,NA,NA,-1
"Vagococcus_lutrae",NA,NA,NA,NA,NA,-1,NA,NA,-1,1,1,-1
"Variovorax_paradoxus",3,NA,NA,NA,NA,NA,NA,NA,NA,-1,3,-1
"Anaerococcus_octavius",1,NA,NA,NA,NA,NA,NA,NA,-1,1,-1,-1
"Streptococcus_massiliensis",3,NA,NA,NA,NA,-1,NA,NA,3,NA,-3,-1
"Bifidobacterium_longum",NA,NA,NA,-1,NA,1,1,1,NA,NA,1,1
"Necropsobacter_rosorum",NA,NA,NA,NA,NA,-2,NA,NA,1,NA,-1,1
"Enterococcus_faecium",3,NA,NA,NA,NA,1,NA,NA,-1,1,3,-1
"Actinomyces_radicidentis",1,NA,NA,NA,NA,-1,NA,NA,-1,NA,-3,1
"Actinomyces_johnsonii",NA,NA,-1,-1,-1,NA,3,NA,NA,NA,1,NA
"Streptococcus_troglodytae",3,NA,NA,NA,NA,-3,NA,NA,-1,NA,-3,NA
"Corynebacterium_mustelae",NA,NA,NA,NA,NA,1,NA,NA,-1,NA,-3,NA
"Actinomyces_hongkongensis",NA,NA,NA,-1,NA,NA,1,NA,NA,NA,-3,NA
"Actinomyces_sp_oral_taxon_170",NA,NA,NA,-1,NA,NA,3,NA,NA,NA,NA,NA
"Actinomyces_sp_oral_taxon_180",NA,NA,NA,-2,NA,NA,-1,NA,NA,NA,NA,NA
"Actinomyces_sp_oral_taxon_448",NA,NA,NA,-1,NA,NA,-3,NA,NA,NA,NA,NA
"Actinomyces_sp_oral_taxon_897",NA,NA,NA,3,NA,NA,-1,NA,NA,NA,NA,NA
"Bacteroidetes_oral_taxon_274",NA,NA,NA,3,NA,NA,1,NA,NA,NA,NA,NA
"Porphyromonas_sp_oral_taxon_278",NA,NA,NA,3,NA,NA,-1,NA,NA,NA,NA,NA
"Tannerella_sp_oral_taxon_HOT_286",NA,NA,NA,2,NA,NA,1,NA,NA,NA,NA,NA
