"","LeeW_2017","YuF_2020","WangT_2018","TongY_2019","ArmstrongA_2023a","LundmarkA_2019","MakinenA_2023","BelstromD_2021","WangX_2020","JulianM_2017","ZhuC_2018","MoskovitzM_2021","GuptaA_2022","BelstromD_2017","ArmstrongA_2023b","ZiganshinaE_2020","FanX_2018b","WangB_2020","HuangC_2022","WangQ_2019","ZhengX_2017","WangK_2016","RussoE_2018","ZellerG_2014B","LindheimL_2016","AbdelbaryM_2022","NagataN_2022","LinM_2020","TianN_2017","JiangQ_2019","LiuY_2019","WolfA_2017","LeeY_2025","RiveraV_2025","TakahashiY_2019","RafiqulI_2022","KumpitschC_2020","DebeliusJ_2020"
"Haemophilus_parainfluenzae",3,-1,3,3,3,-1,3,2,1,-1,-1,-1,0,2,-1,1,1,3,3,3,1,1,1,3,1,3,1,1,3,3,1,3,1,2,-3,3,-2,-1
"Actinomyces_massiliensis",3,3,3,1,2,1,3,1,1,3,1,-1,0,-1,2,3,1,1,2,-1,1,1,2,3,-1,-1,3,-1,1,1,-1,1,-1,1,-3,3,3,3
"Fusobacterium_periodonticum",3,-1,-3,2,3,-1,1,3,1,-1,-1,3,0,-1,1,1,1,1,-1,3,-1,-1,1,3,-1,3,1,1,-1,1,-1,1,1,-2,-1,3,3,3
"Cardiobacterium_hominis",3,3,3,1,3,1,-1,-1,1,1,1,-1,0,-1,1,1,-1,1,1,-1,1,1,1,-1,-1,1,-1,-1,1,1,-1,1,1,1,-1,3,3,3
"Eubacterium_yurii",-1,-1,1,3,1,-1,-1,-1,-2,1,-1,1,0,-1,-1,1,-1,-1,-1,1,1,1,3,0,1,3,-1,3,3,1,-1,-1,2,-1,1,3,3,3
"Haemophilus_sputorum",0,0,3,3,1,1,0,1,1,0,-3,0,0,1,1,-1,1,0,1,1,3,-1,3,-1,-1,3,1,3,3,1,1,1,1,0,1,3,2,3
"Haemophilus_haemoglobinophilus",1,-1,-1,0,2,-1,1,0,1,3,-1,0,0,0,0,1,0,3,3,1,0,1,1,0,0,-1,0,3,0,1,1,3,-1,0,-2,3,3,-1
"Capnocytophaga_haemolytica",3,-1,-2,-2,-1,1,1,0,-1,-1,-1,0,0,0,-1,1,1,-1,1,-1,1,1,3,3,-1,-1,-1,1,-1,-1,1,1,-1,-1,3,3,3,3
"Streptococcus_lactarius",-1,0,-1,3,1,-1,0,0,-1,3,1,0,0,0,0,-1,1,0,-1,1,1,1,-1,0,-1,1,0,1,1,1,3,3,-1,3,-1,3,3,-1
"Corynebacterium_durum",3,1,-1,-1,3,1,3,2,-1,3,-1,-1,0,-1,2,1,2,1,1,-1,1,1,1,2,-1,1,-1,1,1,-1,-1,1,-1,-1,-1,3,3,-1
"Orientia_tsutsugamushi",3,-1,-1,0,-1,2,-1,0,-1,3,-1,0,0,0,0,-1,0,-1,-1,-1,0,-2,1,0,0,1,0,3,0,1,-1,-1,-1,1,-2,3,3,3
"Veillonella_rogosae",1,0,3,3,-1,3,0,1,-1,-1,-1,1,0,-1,1,-1,1,0,-1,-1,0,0,-1,-2,-1,3,3,-1,1,2,1,1,2,0,-1,3,-1,-2
"Neisseria_subflava",3,0,-1,3,-1,1,0,3,1,0,-1,0,0,-1,1,-1,1,1,3,-1,-1,-1,1,3,-1,3,-1,-1,-1,1,1,-1,-1,1,-3,3,1,3
"Aggregatibacter_segnis",-3,3,2,-1,2,-1,-1,1,-1,-1,1,-1,0,-1,-1,-1,-2,3,3,3,3,1,-1,-3,-1,-1,-1,1,1,-1,-1,1,1,-1,-1,3,-1,3
"Lachnoanaerobaculum_umeaense",2,1,-2,-1,1,-1,1,3,1,1,3,-1,0,1,1,1,3,-3,-2,1,1,-1,3,1,1,1,-1,1,-1,1,2,1,1,-1,1,3,3,3
"Campylobacter_concisus",3,-1,-3,-3,-2,3,3,3,1,-1,-1,3,0,1,1,1,1,2,3,2,1,1,2,3,-1,-1,-3,1,1,-1,3,-1,1,1,1,3,1,3
"Neisseria_flavescens",1,3,-1,3,-3,-2,1,2,-1,-1,-1,-1,0,-2,-1,-1,-1,1,2,1,-1,1,1,3,1,2,-1,1,-1,-1,3,2,1,-1,-1,3,3,3
"Desulfomicrobium_orale",3,3,1,-1,3,1,1,0,-1,-1,0,0,0,-1,1,0,-1,1,1,1,0,1,1,-1,0,0,1,1,1,1,0,1,-1,-1,-1,0,3,3
"Prevotella_aurantiaca",3,-1,1,3,-1,-1,-1,0,1,-1,1,1,0,0,0,-1,-1,-1,1,1,-1,-1,3,0,1,-1,0,-1,1,1,1,1,1,-1,-1,3,1,3
"Prevotella_fusca",-1,3,3,3,-3,1,1,-1,1,1,-1,-1,0,-2,-1,-1,-1,3,1,1,3,1,1,2,-1,-1,-1,1,1,1,-1,-1,-3,2,1,3,3,3
"Neisseria_meningitidis",-1,1,1,3,3,-1,-1,0,-1,-1,1,-1,0,0,0,-1,-1,1,-1,1,1,1,1,0,-1,1,0,1,-1,1,1,-1,1,-1,1,3,-1,3
"Neisseria_elongata",-1,3,3,1,-1,-1,-1,1,-1,-1,1,-1,0,-1,2,1,-1,1,1,-1,1,1,-1,-1,-1,1,-1,-1,-1,1,-1,-1,1,1,-1,3,-1,3
"Actinomyces_graevenitzii",3,-1,1,-2,1,3,3,-1,-1,1,-1,1,0,-1,2,-1,-1,-1,-1,-1,1,1,-1,-2,-1,1,1,-1,-1,1,1,-1,-1,1,-1,1,3,-1
"Clostridium_aminobutyricum",-1,1,1,2,1,1,1,0,1,0,1,0,0,0,0,2,1,1,-1,1,0,-1,3,0,1,3,0,3,1,2,-1,0,-1,1,-2,3,1,3
"Veillonella_caviae",3,2,3,0,1,3,3,0,0,1,1,-1,0,0,0,-1,0,3,3,1,0,-2,-1,0,-3,-1,0,-1,0,2,0,-1,2,-1,1,-1,1,-1
"Streptococcus_australis",1,1,-1,1,-1,1,1,3,-1,-1,1,0,0,1,2,1,1,0,-1,-1,1,-1,-2,3,-1,1,3,1,1,-1,1,-1,1,1,-1,-1,3,-1
"Streptococcus_sanguinis",-1,3,1,1,-1,-1,-1,3,1,-1,-1,-1,0,-1,1,-1,1,1,1,1,1,1,-1,3,-1,1,3,-1,-1,1,-1,1,1,-1,1,3,-2,-3
"Rothia_aeria",3,-1,3,2,-1,-1,1,-1,-1,-1,-1,1,0,-1,-1,1,-1,1,1,-1,1,1,3,1,-1,-1,3,-1,-1,1,-1,-1,-1,1,-2,3,-3,3
"Treponema_lecithinolyticum",-1,-1,-1,3,2,-1,-1,1,-1,3,-1,1,0,-1,-1,1,1,1,3,1,-1,-1,1,-1,1,-1,1,1,3,-1,-3,-2,-1,2,1,3,1,3
"Lachnospiraceae_bacterium_oral_taxon_096",0,0,0,0,0,0,0,3,0,0,0,0,0,3,1,0,0,0,0,0,0,0,0,3,0,0,3,0,0,0,0,0,0,0,0,0,0,0
"Lachnoanaerobaculum_saburreum",2,-1,-3,-3,-1,1,-1,3,-1,1,3,1,0,1,-1,1,3,-1,-1,-1,1,1,1,3,1,1,-1,1,-1,-1,1,1,3,-1,1,1,3,3
"Neisseria_mucosa",1,-3,-1,1,1,-1,3,2,1,-1,-1,1,0,-1,1,-1,-1,3,3,-1,0,1,1,1,1,1,1,-1,-1,1,1,2,1,-1,1,3,3,-1
"Haemophilus_pittmaniae",-1,0,3,3,1,1,0,1,1,0,1,0,0,-1,-3,-1,-3,0,3,-1,1,-1,-1,3,-1,3,1,1,1,3,1,0,1,0,-1,3,3,3
"Campylobacter_showae",1,1,-1,3,-3,-1,-1,-1,1,-1,-1,-1,0,-1,1,-3,1,3,-1,-2,3,-1,2,-3,-1,3,1,2,1,1,3,1,1,-1,1,3,3,3
"Porphyromonas_catoniae",1,1,1,3,-1,-1,-1,1,1,1,1,-1,0,-1,1,3,-1,-1,1,3,-1,-1,-1,-1,-1,3,-2,-1,-1,1,-2,2,1,-3,-1,3,2,-1
"Kingella_denitrificans",-1,0,-1,1,2,-1,1,1,-1,2,-1,0,0,-1,-1,-1,1,1,1,-1,1,-1,3,3,-1,1,1,-2,-1,-2,-1,-1,-1,0,1,3,0,3
"Alloprevotella_rava",3,-2,-1,-1,1,1,1,1,3,1,-1,3,0,1,1,-1,-1,3,-3,-1,-1,-1,1,-1,3,1,-1,-1,1,-1,1,-1,-1,2,1,3,-3,2
"Cardiobacterium_valvarum",3,-1,3,1,1,-1,-1,1,1,1,1,-1,0,0,1,-1,-1,-1,-1,-1,1,1,1,-1,-1,3,-1,-1,-1,1,-1,-1,-1,1,1,-1,-2,3
"Simonsiella_muelleri",-1,-1,1,2,-3,1,1,1,-1,-1,1,-1,0,-1,-1,1,1,1,1,-1,1,-1,3,-3,3,3,1,-1,3,1,1,1,-2,1,-1,3,1,3
"Leptotrichia_hofstadii",3,-1,1,-1,-1,1,2,3,1,2,1,-1,0,-1,-1,-1,1,-1,-1,-1,-1,1,-1,-1,-1,2,1,-1,-1,-2,-3,1,1,1,-1,3,3,3
"Streptobacillus_moniliformis",-1,2,-1,-1,1,-1,1,0,-1,-1,-1,-1,0,0,0,1,-1,-1,1,1,1,1,-1,0,2,-1,0,-1,1,1,1,-1,-1,-1,3,3,1,3
"Prevotella_shahii",3,-3,3,3,-1,1,1,3,2,1,-1,-1,0,3,1,2,1,-1,1,1,-1,-1,1,-1,-1,3,1,2,1,2,1,1,1,-1,1,3,2,-3
"Prevotella_scopos",2,0,-3,-1,-1,1,1,1,2,0,1,0,0,3,1,1,-1,0,-1,1,1,-1,2,3,3,-1,-2,-1,-1,1,-1,-1,-1,0,1,3,0,3
"Butyrivibrio_fibrisolvens",1,-1,1,-2,-1,1,1,0,1,-1,-1,0,0,0,0,-1,1,-1,-1,-1,-1,1,-1,0,3,1,0,-1,-1,-1,-1,-1,-2,2,1,1,3,3
"Moryella_indoligenes",3,-1,1,-1,3,-1,1,0,1,1,-1,-1,0,0,0,-1,1,-3,-1,-3,0,-1,3,0,0,2,0,-1,-1,-1,1,3,-1,1,-1,0,3,3
"Actinobacillus_rossii",-1,-1,3,1,1,1,1,0,1,-1,-3,-1,0,0,0,-1,-1,2,1,3,0,-1,1,0,0,1,0,1,3,2,-1,3,1,-2,-2,1,3,1
"Olsenella_profusa",-1,3,3,-1,1,-1,1,1,1,2,-1,-1,0,1,-1,2,-1,-2,-1,3,0,-1,2,3,0,-1,-1,-1,-1,-1,-1,-1,-3,3,1,1,-1,3
"Prevotella_amnii",1,3,2,1,1,-1,0,0,1,3,-1,0,0,0,0,-1,-1,1,1,-1,0,-1,3,0,0,0,0,-1,1,-1,1,0,0,1,-1,1,0,1
"Prevotella_pleuritidis",-1,3,1,-1,3,1,1,-1,-1,-1,2,1,0,-1,1,-1,1,1,3,1,1,1,-1,-1,1,1,-1,-1,-1,-1,-3,-2,-1,3,3,3,-1,-3
"Kingella_potus",3,-1,-1,-1,1,-1,1,0,-1,1,1,-1,0,0,0,1,-1,2,-1,1,-1,1,3,0,1,1,0,-1,0,-3,-1,1,-1,0,-1,3,2,3
"Selenomonas_artemidis",-3,2,1,-3,-1,1,-3,-1,-1,-1,-1,-1,0,-1,-1,1,1,-1,-1,-1,-1,1,1,-3,-1,1,1,-1,1,1,2,1,-1,-1,1,3,3,-3
"Bacteroides_caccae",-3,-3,-3,-1,-1,0,0,0,1,0,-3,0,0,0,0,-1,-1,-1,0,0,0,-1,2,0,-3,0,0,-1,0,0,0,-1,0,1,3,3,-1,-1
"Corynebacterium_kroppenstedtii",-3,-1,0,1,-1,-1,-1,0,-1,0,0,0,0,0,0,0,1,1,1,-1,0,0,-1,0,1,-1,-1,-1,0,1,0,-1,-1,1,-1,-1,-1,-3
"Lactobacillus_casei",-3,0,2,-1,1,-1,-1,0,1,1,0,0,0,0,0,0,2,-1,-1,-1,1,-1,0,0,0,-1,0,-1,0,0,1,-1,-2,1,-1,-1,-1,-3
"Actinomyces_radicidentis",-3,-1,0,-1,-1,1,-2,0,-1,-1,1,0,0,0,0,0,1,1,1,-1,0,-1,-1,-1,0,-1,1,-1,0,1,0,-1,-1,-1,-1,0,-1,-3
"Bacteroides_plebeius",-3,-3,-3,1,1,0,0,0,2,0,-1,0,0,0,0,0,0,1,-1,-1,1,1,-2,0,-3,1,0,-1,0,0,0,0,-1,3,3,1,1,0
"Parasutterella_excrementihominis",-3,-3,-2,1,-1,0,0,0,1,0,0,0,0,0,0,0,0,1,1,0,0,0,1,0,-3,-1,0,0,0,1,0,0,0,1,3,1,-1,0
"Lactobacillus_gasseri",1,-3,-1,-3,1,-1,-2,1,1,-1,-1,0,0,-2,-2,1,1,-1,-1,-1,0,-1,-1,-1,-1,-1,-1,-1,-1,-1,-1,-1,-1,3,1,1,-1,-3
"Clostridium_bartlettii",-3,-1,-3,-2,-1,0,0,0,1,0,0,0,0,0,0,0,1,-1,0,0,1,0,2,0,-2,2,0,-1,0,0,0,0,-1,2,1,2,-1,0
"Streptococcus_agalactiae",-2,-1,3,1,1,1,1,0,1,-1,-1,0,0,0,0,0,-1,-1,-1,0,2,-1,1,0,-1,0,-3,-3,0,-1,0,0,1,-1,1,-3,-1,-2
"Lactobacillus_oris",0,0,-1,-3,0,1,0,-1,-1,0,0,0,0,-1,-1,0,1,0,-1,-1,0,0,-1,0,-1,-1,-1,-1,0,-1,1,0,-3,0,-1,-1,0,-1
"Eubacterium_rectale",-3,-3,-3,-3,1,0,0,0,1,0,0,0,0,0,0,0,1,1,0,0,0,0,1,0,-3,-1,0,-1,0,0,0,-2,1,1,3,3,1,0
"Anaerostipes_hadrus",-3,-3,-3,-3,-1,0,0,0,1,0,0,0,0,0,0,0,1,1,0,0,0,-1,1,0,-3,1,0,-1,0,0,0,-2,-1,2,3,3,-1,-1
"Bacteroides_fragilis",-3,-3,-3,-1,-1,0,0,0,1,0,0,0,0,0,0,0,0,1,1,0,0,0,-3,0,-3,-1,0,-1,0,0,0,-1,-1,-1,3,3,-1,1
"Fusobacterium_necrophorum",-3,0,-1,1,-3,2,-1,-1,-1,1,-2,0,0,0,1,1,1,0,0,1,2,0,-1,0,1,-1,0,-1,-1,0,1,-1,-1,-1,1,0,1,-1
"Actinomyces_timonensis",-1,-1,1,1,-1,1,-1,0,-1,3,1,-1,0,0,0,1,-1,-1,-1,-1,1,-3,3,0,2,1,0,-1,-1,-1,-2,-3,-3,1,1,-1,-3,-3
"Prevotella_intermedia",-3,1,-1,-1,1,-2,-1,-3,-1,-1,-1,1,0,-3,-3,1,-1,1,-3,2,1,-1,1,-3,-1,1,-3,-1,3,3,1,1,-3,-1,1,3,1,3
"Alistipes_finegoldii",-3,-3,-1,1,1,0,0,0,1,0,0,0,0,0,0,0,0,1,0,0,0,0,1,0,-3,1,0,-1,0,0,0,0,-1,3,1,1,-1,0
"Prevotella_multisaccharivorax",-1,2,-1,-3,-1,-1,1,0,-1,3,0,0,0,0,-1,-1,1,1,-1,1,0,-1,-1,1,1,-1,-1,-3,-1,-3,-3,-3,-2,1,1,3,-1,-1
"Prevotella_oris",-3,1,-1,-1,-1,-1,-2,-1,-1,-1,1,1,0,-1,-3,1,1,1,3,1,-1,-1,1,-3,-2,-1,-2,-1,-1,-1,-3,-1,-1,2,2,1,-1,-1
"Akkermansia_muciniphila",-3,-3,2,-1,-1,0,0,0,-1,0,0,0,0,0,0,0,0,-1,0,-1,0,0,-1,0,0,1,0,-1,0,0,-1,0,-1,1,1,-1,-2,0
"Lactobacillus_reuteri",-1,-3,-2,-1,1,1,-1,0,1,-1,-2,-1,0,0,0,1,-2,-3,-1,1,0,1,-2,0,0,-1,-1,-1,3,-3,1,-1,-3,1,1,-1,-1,-1
"Eubacterium_hallii",-3,1,-3,-3,-1,0,0,0,1,0,1,0,0,0,0,0,-1,1,0,0,0,0,1,0,-3,1,0,-1,0,0,0,1,0,2,3,1,-2,-1
"Clostridium_lactatifermentans",-3,-2,-1,1,-1,0,0,0,2,0,0,0,0,0,0,0,-1,2,0,1,1,0,1,0,-3,1,0,-1,0,0,0,0,0,1,1,2,-1,0
"Parabacteroides_goldsteinii",-3,-2,-1,1,1,-1,0,0,2,0,1,0,0,0,0,0,0,-1,0,0,0,0,2,0,-3,-1,0,1,-1,0,0,0,0,-1,-1,1,-1,1
"Actinomyces_viscosus",-1,0,1,1,1,1,-1,1,1,1,1,-1,0,-3,-1,1,-1,1,1,1,1,-1,-1,-3,-1,1,-2,-1,-1,-1,-3,-1,1,1,-1,2,-1,-1
"Lactobacillus_animata",1,0,-3,0,0,3,-3,0,-1,-1,-1,-1,0,0,0,0,0,0,0,0,0,-1,1,0,-3,-1,0,0,0,2,0,1,1,-1,-2,-1,-1,1
"Finegoldia_magna",-1,0,-1,1,1,-3,-1,0,0,0,0,0,0,0,0,0,-1,0,0,1,0,0,2,0,-1,1,0,1,0,1,-1,-3,-1,-1,2,-1,-3,-1
"Lactobacillus_crispatus",1,-1,1,-2,-1,1,-3,-1,0,-1,0,0,0,-1,-1,0,-1,0,-1,0,1,0,-1,0,-1,-1,-1,-1,0,-1,0,-1,-1,0,1,-1,-1,-3
"Streptococcus_pneumoniae",1,1,1,-1,-1,-1,-1,0,-3,1,2,-1,0,0,-1,1,1,-1,-1,-1,-1,-1,-1,-1,-1,1,-1,1,1,-2,1,-1,-1,-1,-3,-1,-1,-3
"Bacteroides_coprocola",-3,-3,-2,-2,1,1,0,0,2,0,1,0,0,0,0,1,1,1,-1,0,-1,0,-3,0,-3,1,0,-1,0,1,-1,0,0,1,3,1,1,1
"Bacteroides_thetaiotaomicron",-3,-3,-3,1,-1,0,0,0,1,0,0,0,0,0,0,0,0,1,1,0,0,0,-1,0,-3,-1,0,-1,0,0,0,0,0,1,3,2,-1,1
"Veillonella_atypica",1,0,1,-3,1,3,-1,1,-1,1,1,0,0,-1,1,-1,-1,1,-1,1,-1,1,-1,-1,-1,-3,-2,-3,-1,-3,-1,-3,-1,-1,1,-1,1,1
"Eubacterium_saphenum",-1,2,-1,-1,1,-3,1,-3,-1,2,1,0,0,-3,1,1,1,-1,1,1,1,1,-1,3,-1,1,-1,1,-1,-1,-3,-1,-3,1,1,0,1,3
"Selenomonas_sputigena",-3,2,1,-3,-3,-1,-3,-1,-1,1,1,1,0,1,-1,-1,1,-3,1,1,-1,-2,1,1,1,1,-1,-1,-1,-1,1,-1,-3,2,-1,3,-1,3
"Lactobacillus_johnsonii",-1,-3,1,-1,-3,-1,-3,-1,1,-1,-1,0,0,0,0,1,1,-1,1,1,0,-1,-1,0,-1,-1,0,-1,0,-2,-2,-1,-1,3,1,1,-1,-3
"Actinomyces_israelii",-1,1,1,-3,-1,-1,-1,0,-3,1,-2,1,0,0,0,1,1,1,3,-3,-1,1,1,0,-1,-1,0,1,1,-1,-3,-1,-3,-1,-1,1,-1,-1
"Alloscardovia_omnicolens",1,-1,-1,-3,1,1,-1,-1,-1,-1,0,-1,0,-3,1,-3,-1,1,-1,-1,0,-1,1,-3,2,-1,1,-3,3,1,-1,-3,-2,1,2,1,-1,-1
"Selenomonas_flueggei",-1,-1,-1,-3,1,1,-1,1,1,1,1,-3,0,1,1,-1,-1,-1,1,1,0,1,1,-1,-1,-1,-1,-1,-1,1,1,-1,-2,1,-1,-1,-3,-3
"Ruminococcus_bromii",-3,-3,-3,-3,1,0,0,0,2,0,-2,0,0,0,0,0,0,1,1,0,-1,0,-2,0,-1,1,0,-1,0,0,0,1,0,2,3,2,-3,0
"Howardella_ureilytica",-3,-1,-3,-1,-1,1,-3,0,1,-1,-1,-1,0,0,0,1,1,-1,3,1,0,-2,-1,0,1,-1,0,-3,-1,-3,-3,-3,-1,2,1,1,-2,3
"Lactobacillus_salivarius",-3,-3,-3,-3,-1,-1,-1,-1,1,-1,-1,-1,0,-1,1,-1,2,-1,-1,-1,-1,-1,-2,0,0,-1,-1,-2,-1,-3,1,-1,-1,2,3,-1,-1,-3
"Phocaeicola_abscessus",-3,-1,-1,-1,-1,-3,-1,0,-3,-1,1,0,0,0,0,1,-1,1,-1,-1,1,-2,-1,0,-1,-1,0,-1,-1,-1,-2,-1,-3,-1,-1,-1,-1,-3
"Granulicatella_adiacens",1,1,1,1,1,-3,-3,1,-3,-1,2,-1,0,-1,-1,-1,-1,-1,1,-1,-1,1,-1,3,1,1,-1,1,1,-1,-3,-1,1,1,-1,-1,-1,-3
"Bifidobacterium_dentium",-3,1,1,-3,-3,-2,-1,1,1,1,0,1,0,-1,-2,1,-1,-1,-1,-1,0,-1,1,3,0,-1,1,-2,1,-3,-3,-2,-2,1,-1,1,-3,-1
"Prevotella_bivia",-3,-1,-1,-3,1,1,-1,0,-1,-1,1,0,0,0,0,1,2,1,1,0,0,1,-1,0,-3,-1,-3,-1,1,2,-1,-1,-1,-1,1,1,1,-1
"Scardovia_wiggsiae",-3,3,-1,-3,-3,-2,-1,-1,-1,-1,-3,-2,0,-1,-3,1,-1,-3,-1,-1,-1,-1,1,1,-1,-1,1,1,-1,-1,-1,-1,-3,3,1,-1,-1,-3
"Streptococcus_constellatus",-3,1,-1,1,-2,-2,-3,0,-1,2,1,-1,0,0,0,1,-1,-1,1,-1,-1,-3,1,0,-1,-1,0,-1,-1,-1,-2,-1,-3,1,1,-1,-1,-1
"Streptococcus_anginosus",-3,1,1,-3,-1,-1,-3,0,-1,-1,-1,1,0,0,0,-1,-1,-1,-1,-1,3,-1,-1,0,-1,-2,0,-1,-1,-3,-2,-3,-3,-1,1,-1,-1,-3
"Lactobacillus_fermentum",1,-1,1,-3,1,-3,-1,1,-1,-1,-2,-1,0,-1,-1,-1,-3,-1,1,-1,-1,1,-1,-2,-1,-2,-1,-1,-1,-2,1,-3,-3,1,1,-3,-3,-3
