,HealthAssociationScore,HealthAssociationScore_16s_exposure,HealthAssociationScore_16s,HealthAssociationScore_WGS
Abiotrophia_defectiva,0.293883069968315,0.217712898103995,0.48418284283278,0.662428244658055
Achromobacter_xylosoxidans,0.266910254081653,0.468601182130335,0.21391557692482,NA
Acidaminococcus_intestini,0.610480817743335,0.468601182130335,0.623223957981368,NA
Acidithiobacillus_thiooxidans,0.69674688704567,0.468601182130335,0.82196161650632,NA
Acinetobacter_baumannii,0.45333938770156,0.468601182130335,0.47882937021069,NA
Acinetobacter_calcoaceticus,0.432126495933483,0.468601182130335,0.445553280523528,NA
Acinetobacter_johnsonii,0.441572016710056,0.468601182130335,0.455153659385962,NA
Acinetobacter_junii,0.680479405057416,0.468601182130335,0.638794703438264,NA
Acinetobacter_lwoffii,0.281751528727977,0.468601182130335,0.281704034278284,NA
Actinobacillus_minor,0.432126495933483,0.468601182130335,0.445553280523528,NA
Actinobacillus_porcinus,0.294943391657081,0.738249257305579,0.30811761312775,NA
Actinobacillus_rossii,0.853108918084398,0.899650864015983,0.708808933579487,NA
Actinobacillus_succinogenes,0.64339771144881,0.468601182130335,0.766169736301792,NA
Actinobaculum_massiliense,0.351173639280741,0.69977303180252,0.295725898133151,NA
Actinobaculum_schaalii,0.432126495933483,0.468601182130335,0.445553280523528,NA
Actinomyces_bowdenii,0.323238279752175,0.69977303180252,0.445553280523528,NA
Actinomyces_cardiffensis,0.218332828802648,0.468601182130335,0.33738031610069,0.349831112328979
Actinomyces_funkei,0.432126495933483,0.468601182130335,0.445553280523528,NA
Actinomyces_georgiae,0.771372827995399,0.69977303180252,0.605357285422947,0.501262811266263
Actinomyces_gerencseriae,0.524816451736595,0.468601182130335,0.49459766855221,NA
Actinomyces_graevenitzii,0.913006296542956,0.954686518237713,0.799662817912294,0.501262811266263
Actinomyces_howellii,0.432126495933483,0.468601182130335,0.445553280523528,NA
Actinomyces_hyovaginalis,0.351173639280741,0.69977303180252,0.295725898133151,NA
Actinomyces_israelii,0.0717164133922625,0.468601182130335,0.091067701984408,NA
Actinomyces_johnsonii,0.671310468002664,NA,0.445553280523528,0.744442034371742
Actinomyces_lingnae,0.581682206211782,0.468601182130335,0.552997933312683,NA
Actinomyces_massiliensis,0.994674375895542,0.989606864494924,0.955209891579723,0.877666291292946
Actinomyces_meyeri,0.656641541038526,0.69977303180252,0.543348711566116,0.709581188059845
Actinomyces_naeslundii,0.626423886500777,0.468601182130335,0.67303927877251,0.90599319759082
Actinomyces_odontolyticus,0.73572864321608,0.899688805497163,0.548209905989814,0.662428244658055
Actinomyces_oricola,0.323034651167484,0.468601182130335,0.245923269024923,NA
Actinomyces_oris,0.225887166757482,0.69977303180252,0.166676424466458,0.662428244658055
Actinomyces_radicidentis,0.164343807390365,0.116284519132874,0.113579837864899,0.501262811266263
Actinomyces_sp_HMSC035G02,0.432126495933483,NA,NA,0.501262811266263
Actinomyces_sp_ICM47,0.523223446550019,NA,NA,0.662428244658055
Actinomyces_sp_oral_taxon_181,0.436647898125164,NA,NA,0.463684057707785
Actinomyces_suimastitidis,0.557924360759621,0.468601182130335,0.607914681723993,NA
Actinomyces_timonensis,0.143042017315493,0.245654242949309,0.120665377941674,NA
Actinomyces_turicensis,0.432126495933483,0.468601182130335,0.445553280523528,NA
Actinomyces_viscosus,0.116718027890456,0.468601182130335,0.295824089360237,0.119664955295942
Aggregatibacter_actinomycetemcomitans,0.823794777098343,0.468601182130335,0.875778145839338,0.501262811266263
Aggregatibacter_aphrophilus,0.634293051603399,0.468601182130335,0.718056670894349,0.290919604925621
Aggregatibacter_segnis,0.950189299913221,0.34444849315648,0.950045776124018,0.349831112328979
Aggregatibacter_sp_oral_taxon_458,0.702434965994632,NA,NA,0.82955986216642
Agrobacterium_tumefaciens,0.432126495933483,0.468601182130335,0.445553280523528,NA
Akkermansia_muciniphila,0.133710217755444,0.468601182130335,0.100251682284464,NA
Alistipes_finegoldii,0.138526770398176,0.468601182130335,0.228716932794721,NA
Alistipes_putredinis,0.327640612702065,0.468601182130335,0.129129773204559,NA
Alistipes_shahii,0.287140723698815,0.468601182130335,0.265225714651401,NA
Alkaliphilus_crotonatoxidans,0.432632842929507,0.217712898103995,0.636626632043072,NA
Alloprevotella_rava,0.872211055276382,0.217712898103995,0.925975396199581,0.501262811266263
Alloprevotella_tannerae,0.452441827611955,0.217712898103995,0.628294938821196,0.501262811266263
Alloscardovia_omnicolens,0.0702288551189683,0.203683728692444,0.135958205630219,0.119664955295942
Alysiella_crassa,0.762018627272911,0.468601182130335,0.636626632043072,NA
Anaerococcus_octavius,0.291735888276725,0.0664214415911386,0.636626632043072,NA
Anaeroglobus_geminatus,0.551405017053137,0.468601182130335,0.639095383253364,0.501262811266263
Anaerostipes_hadrus,0.147711852434865,0.468601182130335,0.062796564268383,NA
Anaerovorax_odorimutans,0.741905915117757,0.468601182130335,0.822236131027478,NA
Atopobium_minutum,0.219875078202256,0.468601182130335,0.445553280523528,0.245705303555712
Atopobium_parvulum,0.453583984177918,0.468601182130335,0.543778805567088,0.501262811266263
Atopobium_rimae,0.28931151742649,0.468601182130335,0.468321417848688,0.349831112328979
Atopobium_vaginae,0.710697967750399,0.69977303180252,0.514622795143325,0.501262811266263
Azospira_oryzae,0.432126495933483,NA,0.445553280523528,NA
Bacillus_cereus,0.639985772234667,0.69977303180252,0.659012054672386,NA
Bacillus_pumilus,0.668691247401667,0.246533464791221,0.737390596935227,NA
Bacillus_subtilis,0.614823716978467,0.468601182130335,0.69843447259962,NA
Bacteroides_acidifaciens,0.680479405057416,0.468601182130335,0.638794703438264,NA
Bacteroides_caccae,0.165991907327804,0.468601182130335,0.0749905637620474,NA
Bacteroides_cellulosilyticus,0.483299832495812,0.217712898103995,0.377522780242547,NA
Bacteroides_coprocola,0.104193860870618,0.468601182130335,0.142255492675187,NA
Bacteroides_dorei,0.203449577203285,0.468601182130335,0.105928626730184,NA
Bacteroides_eggerthii,0.432126495933483,0.468601182130335,0.445553280523528,NA
Bacteroides_fragilis,0.146405521583823,0.468601182130335,0.143382876549406,NA
Bacteroides_heparinolyticus,0.570862949284575,0.468601182130335,0.624792374625041,0.501262811266263
Bacteroides_intestinalis,0.640354382353535,0.468601182130335,0.64034613924795,NA
Bacteroides_massiliensis,0.382933341405824,0.217712898103995,0.621575424595035,NA
Bacteroides_ovatus,0.287849387499748,0.468601182130335,0.301082141080315,NA
Bacteroides_plebeius,0.164268935036629,0.468601182130335,0.0544122339444797,NA
Bacteroides_pyogenes,0.791961413493169,0.468601182130335,0.740632466289471,NA
Bacteroides_stercoris,0.535458719299308,0.468601182130335,0.518068367438763,NA
Bacteroides_thetaiotaomicron,0.0995707452927287,0.468601182130335,0.0544122339444797,NA
Bacteroides_uniformis,0.215192428003471,0.217712898103995,0.327105575256523,NA
Bacteroides_vulgatus,0.454903029202236,0.217712898103995,0.590697918046338,NA
Bacteroides_zoogleoformans,0.794604851567072,0.468601182130335,0.839461997211381,0.245705303555712
Barnesiella_intestinihominis,0.428092268571775,0.468601182130335,0.387394153291824,NA
Barnesiella_viscericola,0.618705172448588,0.468601182130335,0.602675140791015,NA
Bergeriella_denitrificans,0.501942745857803,0.468601182130335,0.510599877233531,NA
Bergeyella_zoohelcum,0.606995217049101,0.468601182130335,0.588929035060241,NA
Bifidobacterium_breve,0.432126495933483,0.468601182130335,0.445553280523528,NA
Bifidobacterium_dentium,0.0391647999031301,0.217712898103995,0.0306562504597749,0.662428244658055
Bifidobacterium_longum,0.241849609493249,0.468601182130335,0.452772471555631,0.349831112328979
Bilophila_wadsworthia,0.396803697200864,0.468601182130335,0.273124019788028,NA
Blautia_faecis,0.229179027668463,0.468601182130335,0.111295490585916,NA
Blautia_luti,0.465112913967427,0.468601182130335,0.460486358347329,NA
Brachymonas_denitrificans,0.525975056002906,0.468601182130335,0.515911010877972,NA
Bradyrhizobium_elkanii,0.465330366692902,0.738249257305579,0.445553280523528,NA
Bryobacter_aggregatus,0.432126495933483,NA,0.445553280523528,NA
Bulleidia_extructa,0.20745040463361,0.468601182130335,0.207961601438263,0.501262811266263
Butyrivibrio_fibrisolvens,0.858649875885451,0.738249257305579,0.746949227631618,NA
Butyrivibrio_hungatei,0.682146071724082,0.954686518237713,0.773403522681126,NA
Butyrivibrio_proteoclasticus,0.621082420132792,0.468601182130335,0.636626632043072,NA
Campylobacter_concisus,0.946760206655769,0.468601182130335,0.883432851167651,0.675851076118447
Campylobacter_curvus,0.760863252002987,0.468601182130335,0.749216339010633,0.501262811266263
Campylobacter_gracilis,0.762024681641137,0.468601182130335,0.893061769674606,0.290919604925621
Campylobacter_lanienae,0.447955742568263,NA,0.353115381730581,NA
Campylobacter_mucosalis,0.655081330346512,0.468601182130335,0.479149660833975,NA
Campylobacter_rectus,0.725004137151622,0.203683728692444,0.914038479309414,0.173870990903653
Campylobacter_showae,0.879862868559666,0.468601182130335,0.904572934604837,0.349831112328979
Capnocytophaga_gingivalis,0.763404774878408,0.468601182130335,0.827188826165376,0.501262811266263
Capnocytophaga_granulosa,0.373532017517305,0.468601182130335,0.27604222137386,0.501262811266263
Capnocytophaga_haemolytica,0.974584468527376,0.738249257305579,0.82279042846906,0.662428244658055
Capnocytophaga_leadbetteri,0.706367580876269,0.468601182130335,0.839944301302956,0.501262811266263
Capnocytophaga_ochracea,0.534028677524167,0.468601182130335,0.625760683146837,0.501262811266263
Capnocytophaga_sputigena,0.464688200036326,0.468601182130335,0.527761006774657,0.501262811266263
Cardiobacterium_hominis,0.981718835139553,0.738249257305579,0.97433930037026,0.501262811266263
Cardiobacterium_valvarum,0.871311678876309,0.116284519132874,0.952718121512488,0.501262811266263
Catenibacterium_mitsuokai,0.755636919537446,0.468601182130335,0.722911083529616,NA
Catonella_morbi,0.831847591370507,0.217712898103995,0.880319944338494,0.501262811266263
Centipeda_periodontii,0.275112510342879,0.468601182130335,0.47233537154352,0.501262811266263
Chryseobacterium_kwangjuense,0.608792859881738,0.468601182130335,0.671305896246638,NA
Chryseobacterium_piscicola,0.618705172448588,0.468601182130335,0.602675140791015,NA
Clostridium_aminobutyricum,0.909718270065185,0.468601182130335,0.952416430160688,NA
Clostridium_bartlettii,0.15400587273718,0.468601182130335,0.294698285620651,NA
Clostridium_disporicum,0.266910254081653,0.468601182130335,0.21391557692482,NA
Clostridium_hathewayi,0.461818227684608,0.468601182130335,0.472692361946007,NA
Clostridium_hylemonae,0.388090654073581,0.468601182130335,0.458767876105748,NA
Clostridium_lactatifermentans,0.127991160622389,0.738249257305579,0.143783920302765,NA
Clostridium_leptum,0.291105931262739,0.468601182130335,0.100251682284464,NA
Clostridium_ramosum,0.268212851405623,0.468601182130335,0.0885660566381351,NA
Clostridium_ruminantium,0.374133216282214,0.468601182130335,0.38477911101511,NA
Clostridium_scindens,0.280955177493895,NA,0.294263162081033,NA
Clostridium_symbiosum,0.266910254081653,NA,0.21391557692482,NA
Clostridium_ultunense,0.548086012391274,0.468601182130335,0.574306727958093,NA
Collinsella_aerofaciens,0.719468325563561,0.468601182130335,0.751062924872441,NA
Conchiformibius_steedae,0.432126495933483,0.468601182130335,0.445553280523528,NA
Coprococcus_catus,0.173608403463099,0.468601182130335,0.119062029005261,NA
Coprococcus_comes,0.73865270125729,0.468601182130335,0.689679922641558,NA
Coprococcus_eutactus,0.675369518274101,0.468601182130335,0.511061174224579,NA
Corynebacterium_argentoratense,0.312309236947791,0.246533464791221,0.362591548498802,0.501262811266263
Corynebacterium_durum,0.96565145002119,0.998608137044968,0.811126150682176,0.501262811266263
Corynebacterium_jeikeium,0.459335331274848,0.468601182130335,0.491682359854583,NA
Corynebacterium_kroppenstedtii,0.164343807390365,0.468601182130335,0.113579837864899,0.501262811266263
Corynebacterium_matruchotii,0.639059453895986,0.377872914233428,0.833550089788221,0.501262811266263
Corynebacterium_tuberculostearicum,0.243062501261327,0.468601182130335,0.445553280523528,NA
Cryptobacterium_curtum,0.194174890516841,0.468601182130335,0.21905305117381,0.501262811266263
Desulfobulbus_propionicus,0.368335654174487,0.69977303180252,0.352748976065918,NA
Desulfobulbus_rhabdoformis,0.642707412564832,0.468601182130335,0.701406925752731,NA
Desulfomicrobium_orale,0.944049766906823,0.468601182130335,0.914637081408092,0.501262811266263
Desulfovibrio_fairfieldensis,0.397704082662308,0.427032839854735,0.489159881337957,NA
Dialister_invisus,0.551573328489839,0.69977303180252,0.760238769774402,0.245705303555712
Dialister_micraerophilus,0.327098242215092,0.468601182130335,0.212402580060817,0.662428244658055
Dialister_pneumosintes,0.31713355936308,0.468601182130335,0.783825432618131,0.245705303555712
Dialister_propionicifaciens,0.750691106133075,0.468601182130335,0.638794703438264,NA
Dialister_succinatiphilus,0.581854856612379,0.468601182130335,0.394719775088442,NA
Dolosigranulum_pigrum,0.267687433149684,0.468601182130335,0.248909254684468,NA
Dorea_formicigenerans,0.325623095396662,0.468601182130335,0.215263652346986,NA
Dorea_longicatena,0.428259470040968,0.468601182130335,0.411774318581081,NA
Eggerthia_catenaformis,0.588445742770075,0.468601182130335,0.49053419144343,0.501262811266263
Eikenella_corrodens,0.299139976993401,0.468601182130335,0.313439278704161,0.349831112328979
Elizabethkingia_meningoseptica,0.274720792718613,0.468601182130335,0.445553280523528,NA
Enterococcus_faecalis,0.243062501261327,0.468601182130335,0.445553280523528,0.501262811266263
Enterococcus_faecium,0.432126495933483,0.116284519132874,0.445553280523528,NA
Enterococcus_italicus,0.439027668462796,0.69977303180252,0.297168453372647,NA
Escherichia_coli,0.444386591592501,0.468601182130335,0.457272626120482,0.501262811266263
Eubacterium_biforme,0.451000686161732,NA,0.404984382825499,NA
Eubacterium_brachy,0.691732053843515,0.738249257305579,0.741000380747496,0.21025294966279
Eubacterium_coprostanoligenes,0.437982179976186,0.468601182130335,0.42439919597779,NA
Eubacterium_desmolans,0.448475106455975,0.468601182130335,0.355939788501719,NA
Eubacterium_eligens,0.654773263909911,0.468601182130335,0.568255077594401,NA
Eubacterium_hallii,0.129115456802083,0.468601182130335,0.0603245907857752,NA
Eubacterium_infirmum,0.694845512704083,0.862639153900808,0.414955067167887,0.662428244658055
Eubacterium_minutum,0.277329720893625,0.468601182130335,0.352748976065918,0.501262811266263
Eubacterium_nodatum,0.633081370708967,0.69977303180252,0.733020844465116,0.21025294966279
Eubacterium_ramulus,0.569734011422575,0.468601182130335,0.495108862668187,NA
Eubacterium_rectale,0.147711852434865,0.468601182130335,0.062796564268383,NA
Eubacterium_saphenum,0.0907080583641097,0.69977303180252,0.301109554235561,0.180788261997843
Eubacterium_siraeum,0.703329095275575,0.468601182130335,0.858186890615291,NA
Eubacterium_sulci,0.829147746765958,0.954686518237713,0.643551957736142,0.849943325998509
Eubacterium_ventriosum,0.27535942766039,0.468601182130335,0.273124019788028,NA
Eubacterium_yurii,0.981215918952191,0.468601182130335,0.98314885215636,0.501262811266263
Faecalibacterium_prausnitzii,0.587921838106194,0.468601182130335,0.566716675963949,NA
Filifactor_alocis,0.366305422695808,0.468601182130335,0.647980104958032,0.0271008246730266
Finegoldia_magna,0.112701963633428,0.0188644356330176,0.297168453372647,NA
Flavonifractor_plautii,0.544083974087304,0.468601182130335,0.353780833370227,NA
Fretibacterium_fastidiosum,0.579987588545135,0.468601182130335,0.688065540191408,0.173870990903653
Fusicatenibacter_saccharivorans,0.24577475732074,0.468601182130335,0.129129773204559,NA
Fusobacterium_canifelinum,0.170956388367541,0.468601182130335,0.215092060507263,NA
Fusobacterium_necrophorum,0.143520413311538,0.468601182130335,0.168025587437012,0.501262811266263
Fusobacterium_nucleatum,0.396339024439466,0.468601182130335,0.733176140562129,0.0941022996665098
Fusobacterium_periodonticum,0.983127787532038,0.738249257305579,0.95701255663926,0.90599319759082
Fusobacterium_russii,0.769282355552865,0.468601182130335,0.778227866564668,NA
Gardnerella_vaginalis,0.299569534419083,0.468601182130335,0.443248076561372,0.406450568880278
Gemella_bergeri,0.432126495933483,0.468601182130335,0.445553280523528,0.501262811266263
Gemella_cuniculi,0.513122136788359,0.468601182130335,0.451497460790874,NA
Gemella_haemolysans,0.542300357207725,0.738249257305579,0.537324975766904,0.790632141060653
Gemella_morbillorum,0.452213073399124,0.738249257305579,0.240908978910086,0.82955986216642
Gemella_palaticanis,0.385718249883958,0.69977303180252,0.281704034278284,NA
Gemella_sanguinis,0.541950515630361,0.468601182130335,0.427580223261148,0.662428244658055
Gemmatimonas_aurantiaca,0.609427660390305,0.468601182130335,0.670339895891137,NA
Gemmiger_formicilis,0.599159956408549,0.468601182130335,0.474708801138106,NA
Granulicatella_adiacens,0.0417757462008839,0.0188644356330176,0.0652636024240243,0.662428244658055
Granulicatella_balaenopterae,0.270427438396803,0.468601182130335,0.242780677097746,NA
Granulicatella_elegans,0.385539545115134,0.217712898103995,0.495723566981001,0.349831112328979
Haemophilus_haemoglobinophilus,0.975387176848096,0.976311670721403,0.943626131944381,NA
Haemophilus_haemolyticus,0.691542047587334,0.468601182130335,0.74064057358581,0.349831112328979
Haemophilus_influenzae,0.411153256241045,0.468601182130335,0.436591546199695,0.501262811266263
Haemophilus_parahaemolyticus,0.531754354099816,0.217712898103995,0.646748405354525,0.501262811266263
Haemophilus_parainfluenzae,0.998191257492281,0.707430420192391,0.997514777030434,0.662428244658055
Haemophilus_parasuis,0.618705172448588,0.468601182130335,0.602675140791015,NA
Haemophilus_pittmaniae,0.887581178987306,0.468601182130335,0.986655145520298,0.445712648400719
Haemophilus_quentini,0.457024177110452,NA,0.445553280523528,0.618534694512238
Haemophilus_sputorum,0.979807269278117,0.468601182130335,0.991623564563051,0.501262811266263
Helicobacter_pylori,0.284501826401082,0.468601182130335,0.418373249305539,0.245705303555712
Howardella_ureilytica,0.05607202680067,0.203683728692444,0.134755594790165,NA
Intestinimonas_butyriciproducens,0.31585195051563,0.468601182130335,0.45192789913609,NA
Johnsonella_ignava,0.462497225081229,0.468601182130335,0.483837258958411,0.501262811266263
Kingella_denitrificans,0.87504924219491,0.468601182130335,0.778227866564668,0.662428244658055
Kingella_kingae,0.432126495933483,0.468601182130335,0.445553280523528,0.501262811266263
Kingella_oralis,0.815539545115134,0.899650864015983,0.782354004121545,0.662428244658055
Kingella_potus,0.835152166454764,0.468601182130335,0.792603331059043,NA
Klebsiella_pneumoniae,0.750967689854897,0.468601182130335,0.765569144796133,0.501262811266263
Lachnoanaerobaculum_orale,0.213770156000888,0.468601182130335,0.255035974706141,NA
Lachnoanaerobaculum_saburreum,0.895327844039475,0.895180433945443,0.496997304124431,0.90599319759082
Lachnoanaerobaculum_umeaense,0.947371193315977,0.738249257305579,0.709050535253024,0.82955986216642
Lachnospiraceae_bacterium_oral_taxon_096,0.899729773364816,NA,NA,1
Lactobacillus_amylovorus,0.557924360759621,0.116284519132874,0.607914681723993,NA
Lactobacillus_animata,0.113942200964663,0.116284519132874,0.261963940269718,NA
Lactobacillus_casei,0.164343807390365,0.468601182130335,0.113579837864899,NA
Lactobacillus_crispatus,0.112695102016105,0.116284519132874,0.281704034278284,0.501262811266263
Lactobacillus_delbrueckii,0.386250731569494,0.69977303180252,0.21391557692482,0.501262811266263
Lactobacillus_fermentum,0.00612449799196787,0.00288770053475936,0.0632457244374534,0.501262811266263
Lactobacillus_frumenti,0.219875078202256,0.468601182130335,0.445553280523528,0.245705303555712
Lactobacillus_gasseri,0.157788238380658,0.468601182130335,0.259494518449429,0.501262811266263
Lactobacillus_helveticus,0.237121854251176,0.468601182130335,0.22733392210585,NA
Lactobacillus_iners,0.660267401263345,0.468601182130335,0.538086299503392,NA
Lactobacillus_johnsonii,0.0800320881516014,0.116284519132874,0.319955657845998,0.501262811266263
Lactobacillus_mucosae,0.289682751104922,0.69977303180252,0.164144133794265,0.501262811266263
Lactobacillus_oris,0.149270448628686,0.468601182130335,0.174522803093945,0.501262811266263
Lactobacillus_plantarum,0.201609150168513,0.468601182130335,0.200578525677606,0.501262811266263
Lactobacillus_reuteri,0.133704466105629,0.468601182130335,0.117860036289923,0.501262811266263
Lactobacillus_rhamnosus,0.225892212064338,0.468601182130335,0.302923864921463,0.349831112328979
Lactobacillus_ruminis,0.491523480858106,0.468601182130335,0.456837533000362,NA
Lactobacillus_salivarius,0.0502365239853888,0.468601182130335,0.0108598336401039,0.501262811266263
Lactobacillus_vaginalis,0.242684305059434,0.468601182130335,0.445553280523528,0.501262811266263
Lactococcus_lactis,0.777893079857117,0.83462651293679,0.639702555439319,0.501262811266263
Lautropia_mirabilis,0.427791366470909,0.468601182130335,0.516830312418923,0.290919604925621
Leptotrichia_amnionii,0.621082420132792,0.468601182130335,0.636626632043072,0.501262811266263
Leptotrichia_buccalis,0.742367762507316,0.0188644356330176,0.946440686470004,0.445712648400719
Leptotrichia_goodfellowii,0.693390446206938,0.969077163576917,0.763505669534194,0.290919604925621
Leptotrichia_hofstadii,0.864482956953442,0.954686518237713,0.750986094737602,0.82955986216642
Leptotrichia_hongkongensis,0.637858973582773,0.954686518237713,0.33755724054213,NA
Leptotrichia_shahii,0.442506912070392,0.895180433945443,0.431964868733466,NA
Leptotrichia_sp_oral_taxon_215,0.355597061613287,NA,NA,0.349831112328979
Leptotrichia_trevisanii,0.566865149038364,0.738249257305579,0.772888723406441,NA
Leptotrichia_wadei,0.659015862444754,0.954686518237713,0.197537899725951,0.501262811266263
Mannheimia_granulomatis,0.749585578494884,0.468601182130335,0.723613399054178,NA
Mannheimia_haemolytica,0.432126495933483,0.468601182130335,0.445553280523528,NA
Megamonas_funiformis,0.636316320558616,0.468601182130335,0.524746626394972,NA
Megasphaera_elsdenii,0.350813000746705,0.468601182130335,0.385449115171094,NA
Megasphaera_micronuciformis,0.351840225222498,0.468601182130335,0.628285381631838,0.245705303555712
Methylobacterium_jeotgali,0.670808459970535,0.468601182130335,0.668755051710272,NA
Micrococcus_luteus,0.432126495933483,0.468601182130335,0.445553280523528,0.501262811266263
Mobiluncus_curtisii,0.455813505277391,0.468601182130335,0.363574783179741,NA
Mobiluncus_mulieris,0.728544227159896,0.862639153900808,0.51584095561989,NA
Mogibacterium_diversum,0.523223446550019,0.468601182130335,0.445553280523528,0.662428244658055
Mogibacterium_neglectum,0.432126495933483,0.468601182130335,0.445553280523528,NA
Mogibacterium_timidum,0.447279772355755,0.468601182130335,0.491526981668729,0.501262811266263
Moraxella_boevrei,0.305510786866057,0.468601182130335,0.414430027466505,NA
Moraxella_bovoculi,0.621082420132792,NA,0.636626632043072,NA
Moraxella_lacunata,0.7443349276503,0.468601182130335,0.870376973259919,NA
Moraxella_osloensis,0.614823716978467,0.468601182130335,0.69843447259962,NA
Morococcus_cerebrosus,0.773745030372747,0.468601182130335,0.627178974475822,0.662428244658055
Moryella_indoligenes,0.855840043591451,0.899650864015983,0.547446265447906,NA
Murdochiella_asaccharolytica,0.443782365643478,0.468601182130335,0.483208453085286,NA
Mycoplasma_faucium,0.488877015600089,0.468601182130335,0.558847777520049,NA
Mycoplasma_feliminutum,0.432126495933483,0.468601182130335,0.445553280523528,NA
Mycoplasma_hyosynoviae,0.432126495933483,0.468601182130335,0.445553280523528,NA
Mycoplasma_orale,0.69674688704567,0.468601182130335,0.82196161650632,NA
Mycoplasma_salivarium,0.733419809892838,0.468601182130335,0.737928778637283,NA
Mycoplasma_spermatophilum,0.73460878690642,0.468601182130335,0.703331622590779,NA
Natranaerovirga_hydrolytica,0.621082420132792,NA,0.636626632043072,NA
Necropsobacter_rosorum,0.432126495933483,0.468601182130335,0.445553280523528,NA
Neisseria_bacilliformis,0.445345300801195,0.468601182130335,0.263762732905367,0.501262811266263
Neisseria_canis,0.589109806058404,0.69977303180252,0.772936909971996,0.501262811266263
Neisseria_cinerea,0.589656414603136,0.468601182130335,0.445553280523528,0.551777099205868
Neisseria_dentiae,0.684093459264192,0.738249257305579,0.51378364269884,NA
Neisseria_elongata,0.915321486952836,0.468601182130335,0.931740551019495,0.501262811266263
Neisseria_flavescens,0.945751448003068,0.738249257305579,0.885563618417155,0.662428244658055
Neisseria_lactamica,0.432126495933483,0.468601182130335,0.445553280523528,0.501262811266263
Neisseria_macacae,0.621082420132792,0.468601182130335,0.636626632043072,0.501262811266263
Neisseria_meningitidis,0.917543238279752,0.468601182130335,0.898370109474257,NA
Neisseria_mucosa,0.888998809307582,0.954686518237713,0.692304636867824,0.501262811266263
Neisseria_oralis,0.729550261346895,0.391722823703595,0.559729014304408,NA
Neisseria_perflava,0.801078484793445,NA,0.445553280523528,0.948074558453587
Neisseria_pharyngis,0.717707917095518,0.468601182130335,0.758843714338455,NA
Neisseria_shayeganii,0.751955056406531,0.468601182130335,0.49393071291978,NA
Neisseria_sicca,0.811615103630603,0.468601182130335,0.877418427477348,0.662428244658055
Neisseria_sp_oral_taxon_014,0.355597061613287,NA,NA,0.349831112328979
Neisseria_subflava,0.953080260741458,0.468601182130335,0.941159176214136,0.90599319759082
Odoribacter_denticanis,0.778687715686868,0.468601182130335,0.769353957542911,NA
Odoribacter_splanchnicus,0.181945672135779,0.468601182130335,0.265225714651401,NA
Olsenella_profusa,0.852407014994652,0.69977303180252,0.903081150394103,0.662428244658055
Olsenella_uli,0.510680208270267,0.468601182130335,0.387048605177412,0.662428244658055
Oribacterium_parvum,0.649678210328752,NA,NA,0.893475764715893
Oribacterium_sinus,0.627201771911768,0.83462651293679,0.575977742701998,0.501262811266263
Orientia_tsutsugamushi,0.956406631551331,0.69977303180252,0.947744309260498,NA
Ornatilinea_apprima,0.563333938770156,0.468601182130335,0.627381165772426,NA
Oscillibacter_valericigenes,0.31585195051563,0.468601182130335,0.240410926997293,NA
Oscillospira_guilliermondii,0.691171116627313,0.468601182130335,0.708892900369678,NA
Ottowia_pentelensis,0.621082420132792,NA,0.636626632043072,NA
Paludibacter_propionicigenes,0.647011362031039,0.468601182130335,0.445553280523528,NA
Parabacteroides_distasonis,0.175502714375088,0.468601182130335,0.163467468608604,NA
Parabacteroides_goldsteinii,0.127991160622389,0.468601182130335,0.143783920302765,NA
Parabacteroides_merdae,0.530923896591391,0.217712898103995,0.722215618346341,NA
Paraprevotella_clara,0.463954006982705,0.468601182130335,0.586820576497274,NA
Parascardovia_denticolens,0.327370083348469,0.468601182130335,0.290576690218888,0.662428244658055
Parasutterella_excrementihominis,0.159150572137797,0.468601182130335,0.142255492675187,NA
Parvimonas_micra,0.37955671933967,0.738249257305579,0.580898926145666,0.0535162269261057
Pasteurella_pneumotropica,0.621082420132792,0.468601182130335,0.636626632043072,NA
Peptococcus_niger,0.658801638715667,0.468601182130335,0.631072092982155,NA
Peptoniphilus_lacrimalis,0.449066719137858,0.203683728692444,0.750264077577932,0.290919604925621
Peptostreptococcus_anaerobius,0.64339771144881,0.468601182130335,0.766169736301792,NA
Peptostreptococcus_russellii,0.432126495933483,NA,0.445553280523528,NA
Peptostreptococcus_stomatis,0.241425702811245,0.738249257305579,0.062857579131549,0.248952802022597
Phascolarctobacterium_faecium,0.181343968840185,0.468601182130335,0.105093423392525,NA
Phascolarctobacterium_succinatutens,0.402218017799843,0.468601182130335,0.403798349154821,NA
Phocaeicola_abscessus,0.044688906379286,0.468601182130335,0.0187143866296016,NA
Planobacterium_taklimakanense,0.552100260337834,0.116284519132874,0.703331622590779,NA
Porphyromonas_asaccharolytica,0.432126495933483,0.468601182130335,0.445553280523528,0.501262811266263
Porphyromonas_catoniae,0.878976004520595,0.468601182130335,0.858269908061867,0.501262811266263
Porphyromonas_endodontalis,0.444754293556134,0.468601182130335,0.508476374757605,0.501262811266263
Porphyromonas_gingivalis,0.623742003188634,0.468601182130335,0.900701821339283,0.173870990903653
Porphyromonas_gulae,0.347889850860729,0.69977303180252,0.518872074586529,NA
Porphyromonas_somerae,0.196074549454098,0.468601182130335,0.445553280523528,0.349831112328979
Porphyromonas_uenonis,0.478739076910658,0.203683728692444,0.568034200468489,0.501262811266263
Prevotella_albensis,0.432126495933483,0.468601182130335,0.278561442351107,NA
Prevotella_amnii,0.845387479566507,0.69977303180252,0.668755051710272,NA
Prevotella_aurantiaca,0.942235777279974,0.468601182130335,0.914405709133478,NA
Prevotella_baroniae,0.347384815644487,0.468601182130335,0.300707368329995,0.501262811266263
Prevotella_bergensis,0.266910254081653,0.468601182130335,0.21391557692482,NA
Prevotella_bivia,0.0341570301305725,0.468601182130335,0.0879214672764303,0.245705303555712
Prevotella_buccae,0.431808237977034,0.468601182130335,0.476944115186329,0.501262811266263
Prevotella_copri,0.666522875421283,0.468601182130335,0.553596549085377,NA
Prevotella_corporis,0.639080240560231,0.468601182130335,0.733158393676968,NA
Prevotella_dentalis,0.571905208774798,0.69977303180252,0.778851161576273,0.111401800046525
Prevotella_denticola,0.456750216948195,0.738249257305579,0.307921920049439,0.501262811266263
Prevotella_disiens,0.215880204234022,0.468601182130335,0.303571008126349,0.501262811266263
Prevotella_enoeca,0.589867005711287,0.738249257305579,0.427510236090289,0.501262811266263
Prevotella_falsenii,0.557924360759621,0.468601182130335,0.607914681723993,NA
Prevotella_fusca,0.922543742810438,0.468601182130335,0.939198394249916,0.501262811266263
Prevotella_histicola,0.348705374260863,0.468601182130335,0.344020982611641,0.501262811266263
Prevotella_intermedia,0.140135113317592,0.468601182130335,0.496614232380267,0
Prevotella_jejuni,0.302428608907994,0.468601182130335,0.445553280523528,0.406450568880278
Prevotella_loescheii,0.656274343605578,0.468601182130335,0.851609226534412,0.501262811266263
Prevotella_maculosa,0.520026740126334,0.738249257305579,0.636626632043072,0.245705303555712
Prevotella_marshii,0.255919456721358,0.468601182130335,0.35696797784182,0.349831112328979
Prevotella_melaninogenica,0.818661883715768,0.83462651293679,0.854489756878923,0.662428244658055
Prevotella_micans,0.592866037012371,0.69977303180252,0.620002970017771,0.245705303555712
Prevotella_multiformis,0.340481120461747,0.468601182130335,0.295447046280248,0.501262811266263
Prevotella_multisaccharivorax,0.137223365825109,0.69977303180252,0.0973573863482867,0.501262811266263
Prevotella_nanceiensis,0.430132187039616,0.899650864015983,0.3275749607412,NA
Prevotella_nigrescens,0.716249419789712,0.738249257305579,0.778070438735199,0.245705303555712
Prevotella_oralis,0.269938245444088,0.468601182130335,0.218392979291685,0.501262811266263
Prevotella_oris,0.135013824140784,0.468601182130335,0.279595728539681,0.201058824521281
Prevotella_oulorum,0.619283263708099,0.862639153900808,0.543536614441815,0.245705303555712
Prevotella_pallens,0.817064640471433,0.83462651293679,0.730438578059332,0.58072026170245
Prevotella_paludivivens,0.680596859801013,0.468601182130335,0.682159573030245,NA
Prevotella_pleuritidis,0.838305281427216,0.203683728692444,0.749932911396103,0.501262811266263
Prevotella_ruminicola,0.563851587253537,0.69977303180252,0.5216986860998,NA
Prevotella_saccharolytica,0.317905794030393,0.69977303180252,0.422755224309563,0.122424865122631
Prevotella_salivae,0.629500615527436,0.468601182130335,0.832830747100224,0.245705303555712
Prevotella_scopos,0.858949466206535,0.468601182130335,0.631871391682589,0.893475764715893
Prevotella_shahii,0.861951423785595,0.468601182130335,0.810516766792735,0.948074558453587
Prevotella_sp_oral_taxon_306,0.517299449052491,NA,NA,0.633305679154891
Prevotella_sp_oral_taxon_473,0.432126495933483,NA,NA,0.501262811266263
Prevotella_stercorea,0.636316320558616,0.468601182130335,0.524746626394972,NA
Prevotella_timonensis,0.562588646041452,0.468601182130335,0.616306600674841,0.501262811266263
Prevotella_veroralis,0.813351799156425,0.738249257305579,0.705935836069921,0.82955986216642
Propionibacterium_acidifaciens,0.232933341405824,0.468601182130335,0.175922038607555,0.245705303555712
Propionibacterium_acnes,0.698030211297451,0.468601182130335,0.83429493393954,0.501262811266263
Propionibacterium_propionicum,0.749332606809146,0.69977303180252,0.72874613759651,0.662428244658055
Propionigenium_maris,0.432126495933483,NA,0.445553280523528,NA
Pseudoflavonifractor_capillosus,0.266910254081653,0.468601182130335,0.21391557692482,NA
Pseudomonas_aeruginosa,0.268716272123671,0.468601182130335,0.276941466700424,NA
Pseudomonas_fluorescens,0.441313495186777,0.203683728692444,0.541312612332134,NA
Pseudomonas_putida,0.332706605315735,0.468601182130335,0.285796993642878,NA
Pseudomonas_stutzeri,0.215351254263284,NA,0.295824089360237,NA
Pseudoramibacter_alactolyticus,0.192141127323364,0.468601182130335,0.206201690901295,0.501262811266263
Pyramidobacter_piscolens,0.49558545740752,0.468601182130335,0.517632690048282,0.501262811266263
Ralstonia_solanacearum,0.766102298641803,0.468601182130335,0.797705020907292,NA
Rhodococcus_erythropolis,0.614823716978467,0.468601182130335,0.69843447259962,0.501262811266263
Riemerella_anatipestifer,0.641959395370426,0.468601182130335,0.608839515572011,NA
Roseburia_faecis,0.448475106455975,0.468601182130335,0.355939788501719,NA
Roseburia_hominis,0.560847813364009,0.468601182130335,0.591279501125184,NA
Roseburia_intestinalis,0.188844019293253,0.217712898103995,0.150776917313497,NA
Roseburia_inulinivorans,0.421341647999031,0.468601182130335,0.393427399183734,NA
Rothia_aeria,0.902957861597142,0.217712898103995,0.93978153780238,0.744442034371742
Rothia_dentocariosa,0.512043147464229,0.468601182130335,0.371030150380879,0.501262811266263
Rothia_mucilaginosa,0.648956428729995,0.468601182130335,0.465347065746127,0.880914002691309
Rothia_terrae,0.744534217271094,0.69977303180252,0.668755051710272,NA
Ruminococcus_albus,0.221079897479365,0.468601182130335,0.243888241206075,NA
Ruminococcus_bromii,0.0595791205021089,0.217712898103995,0.168431220345799,NA
Ruminococcus_callidus,0.246628322334564,0.468601182130335,0.327313691329445,NA
Ruminococcus_flavefaciens,0.290547314887691,0.468601182130335,0.431966752477144,NA
Ruminococcus_gnavus,0.230369114649553,0.468601182130335,0.190163592410683,NA
Ruminococcus_obeum,0.489856107848479,0.468601182130335,0.361603174974288,NA
Ruminococcus_torques,0.448475106455975,0.468601182130335,0.355939788501719,NA
Ruminofilibacter_xylanolyticum,0.455392323061089,0.69977303180252,0.44214909709922,NA
Saccharofermentans_acetigenes,0.376776149825432,0.468601182130335,0.412184229953904,NA
Scardovia_inopinata,0.438250993925451,0.69977303180252,0.19367175626395,0.501262811266263
Scardovia_wiggsiae,0.0330469617162116,0.468601182130335,0.106984960363532,0.290919604925621
Schwartzia_succinivorans,0.22211156182519,0.203683728692444,0.49433448564231,NA
Sediminibacterium_salmoneum,0.27434259651672,0.468601182130335,0.210485966128515,NA
Selenomonas_artemidis,0.170283949869831,0.468601182130335,0.156394476740998,0.349831112328979
Selenomonas_bovis,0.586958083590644,0.69977303180252,0.469522291984177,NA
Selenomonas_dianae,0.559026558495288,0.203683728692444,0.568368466594692,NA
Selenomonas_flueggei,0.0638824645314928,0.468601182130335,0.0653500939056176,0.501262811266263
Selenomonas_infelix,0.301142459284374,0.468601182130335,0.284626797492599,0.501262811266263
Selenomonas_noxia,0.389660249036346,0.116284519132874,0.578175727248734,0.501262811266263
Selenomonas_ruminantium,0.596874936933664,0.69977303180252,0.510599877233531,NA
Selenomonas_sputigena,0.0893065730257714,0.468601182130335,0.141942779164747,0.501262811266263
Shuttleworthia_satelles,0.720643680248633,0.738249257305579,0.530178279592244,0.501262811266263
Simonsiella_muelleri,0.869310508365119,0.468601182130335,0.887210395479003,0.349831112328979
Slackia_exigua,0.294101430849024,0.468601182130335,0.490316449078803,0.245705303555712
Sneathia_sanguinegens,0.662307723355735,0.468601182130335,0.61197825261983,NA
Snodgrassella_alvi,0.707247583298016,0.468601182130335,0.474053024146343,NA
Solobacterium_moorei,0.429113539585478,0.468601182130335,0.524316173501323,0.406450568880278
Soonwooa_buanensis,0.769282355552865,0.468601182130335,0.778227866564668,NA
Sporanaerobacter_acetigenes,0.621082420132792,0.468601182130335,0.636626632043072,NA
Staphylococcus_aureus,0.281751528727977,0.468601182130335,0.281704034278284,0.501262811266263
Staphylococcus_epidermidis,0.432126495933483,0.468601182130335,0.445553280523528,0.501262811266263
Stenotrophomonas_maltophilia,0.641356985731872,0.246533464791221,0.641275855308917,NA
Stomatobaculum_longum,0.465006558898912,0.468601182130335,0.632360422364116,0.501262811266263
Streptobacillus_moniliformis,0.862795705434805,0.468601182130335,0.849254778767547,NA
Streptococcus_agalactiae,0.153949466206535,0.468601182130335,0.284704225436217,0.245705303555712
Streptococcus_anginosus,0.0236135496760913,0.203683728692444,0.0991736620691333,NA
Streptococcus_australis,0.903754212831224,0.738249257305579,0.445553280523528,0.972230215318222
Streptococcus_constellatus,0.0279227462614276,0.468601182130335,0.103220023523373,NA
Streptococcus_cristatus,0.504608181469597,0.468601182130335,0.273069868375894,0.82955986216642
Streptococcus_equinus,0.266910254081653,0.468601182130335,0.21391557692482,NA
Streptococcus_gordonii,0.321693911323687,0.740715697655483,0.0559506562651346,0.501262811266263
Streptococcus_infantis,0.354649855704224,0.862639153900808,0.440531950903166,0.662428244658055
Streptococcus_intermedius,0.497912050210894,0.377872914233428,0.445553280523528,NA
Streptococcus_lactarius,0.97207069483966,0.976311670721403,0.928939229342792,NA
Streptococcus_massiliensis,0.355171641339226,0.468601182130335,0.445553280523528,0.501262811266263
Streptococcus_mitis,0.201589069847228,0.377872914233428,0.337442370194928,0.501262811266263
Streptococcus_mutans,0.706955460031079,0.83462651293679,0.635449758974505,0.501262811266263
Streptococcus_oligofermentans,0.531190187887227,0.468601182130335,0.53890196906353,NA
Streptococcus_oralis,0.470075175072148,0.738249257305579,0.430441166307893,0.646296541610414
Streptococcus_parasanguinis,0.38798238178846,0.217712898103995,0.403698361540886,0.501262811266263
Streptococcus_peroris,0.543676212387237,0.738249257305579,0.360095070761746,0.501262811266263
Streptococcus_pneumoniae,0.104546830538233,0.468601182130335,0.0888400588051777,0.501262811266263
Streptococcus_pseudopneumoniae,0.641155375269924,0.468601182130335,0.445553280523528,0.501262811266263
Streptococcus_pyogenes,0.432126495933483,0.468601182130335,0.445553280523528,NA
Streptococcus_salivarius,0.561162539605659,0.468601182130335,0.302923864921463,0.877666291292946
Streptococcus_sanguinis,0.903559564892737,0.468601182130335,0.631607896803295,0.972230215318222
Streptococcus_sinensis,0.820972735161753,0.738249257305579,0.803893771400201,0.501262811266263
Streptococcus_sobrinus,0.666076365764566,0.468601182130335,0.865239113755007,0.21025294966279
Streptococcus_sp_A12,0.743716776654356,NA,NA,0.90599319759082
Streptococcus_suis,0.246262537587536,0.738249257305579,0.0743646359477638,NA
Streptococcus_thermophilus,0.793174607979657,0.738249257305579,0.738724289327611,0.501262811266263
Streptococcus_troglodytae,0.432126495933483,0.468601182130335,0.445553280523528,NA
Streptococcus_uberis,0.620679703739581,0.738249257305579,0.445553280523528,NA
Streptococcus_vestibularis,0.432126495933483,0.468601182130335,0.445553280523528,0.501262811266263
Sutterella_wadsworthensis,0.792983189037557,0.468601182130335,0.788750144364274,NA
Tannerella_forsythia,0.407582692579363,0.468601182130335,0.503014184749501,0.21025294966279
Tannerella_sp_oral_taxon_HOT_286,0.611338015378095,NA,NA,0.671348015272518
Terrahaemophilus_aromaticivorans,0.271581804605356,0.468601182130335,0.302923864921463,NA
Treponema_amylovorum,0.709223930899477,0.468601182130335,0.543281877678684,NA
Treponema_bryantii,0.295103630602813,NA,0.246934299745813,NA
Treponema_denticola,0.640433997295715,0.468601182130335,0.809726617382342,0.0535162269261057
Treponema_lecithinolyticum,0.901161530544288,0.69977303180252,0.85347838477518,0.501262811266263
Treponema_maltophilum,0.466934269742286,0.468601182130335,0.461923583509621,0.349831112328979
Treponema_medium,0.38014288309015,0.468601182130335,0.542227447001761,0.501262811266263
Treponema_parvum,0.189473572682691,0.203683728692444,0.30331082190739,NA
Treponema_pectinovorum,0.647617101572118,0.468601182130335,0.531910721038811,NA
Treponema_pedis,0.760590906338924,0.69977303180252,0.764806891504747,NA
Treponema_putidum,0.253258662791871,0.468601182130335,0.352075043847906,0.501262811266263
Treponema_refringens,0.756075053984783,0.468601182130335,0.887016658482035,NA
Treponema_socranskii,0.769056628524147,0.468601182130335,0.931740551019495,0.501262811266263
Treponema_succinifaciens,0.313230308167343,0.468601182130335,0.36183599403321,NA
Treponema_vincentii,0.739556416621259,0.468601182130335,0.78136008292616,0.501262811266263
Turicibacter_sanguinis,0.816302092793284,0.468601182130335,0.881242348835739,NA
Vagococcus_lutrae,0.426266472926883,0.740715697655483,0.515326706578456,NA
Veillonella_atypica,0.0915222699844604,0.203683728692444,0.0613875449992328,0.501262811266263
Veillonella_caviae,0.908580351556982,0.468601182130335,0.913013452643848,NA
Veillonella_criceti,0.771874533309116,0.468601182130335,0.766519711816609,NA
Veillonella_denticariosi,0.613781457488244,0.700588614537633,0.397705760747987,0.501262811266263
Veillonella_dispar,0.177238804464088,0.203683728692444,0.354392641151515,0.662428244658055
Veillonella_infantium,0.523223446550019,NA,NA,0.662428244658055
Veillonella_magna,0.271581804605356,0.468601182130335,0.302923864921463,NA
Veillonella_montpellierensis,0.645824100421788,0.69977303180252,0.563725159310911,NA
Veillonella_parvula,0.454220298278541,0.738249257305579,0.628695677876222,0.406450568880278
Veillonella_ratti,0.677467356864645,0.468601182130335,0.643279018900402,NA
Veillonella_rodentium,0.247181691590483,0.468601182130335,0.155780692085082,0.501262811266263
Veillonella_rogosae,0.954500312809025,0.468601182130335,0.960172061422048,0.744442034371742
Veillonella_sp_T11011_6,0.743716776654356,NA,NA,0.90599319759082
Veillonella_tobetsuensis,0.736299570139856,0.468601182130335,0.608664554900757,0.790632141060653
Wolinella_succinogenes,0.778687715686868,0.468601182130335,0.769353957542911,NA
