"","mean_Aitchison","IQR_Aitchison","mean_BrayCurtis","IQR_BrayCurtis","MeanStabilityScore"
"Fusobacterium_periodonticum",0.9989919256098,0.00151209677419362,0.999798387096774,0,0.999395156353287
"Eubacterium_sulci",0.996767795403533,0.00200019118625916,0.994131833097168,0.00201614125092586,0.995449814250351
"Prevotella_veroralis",0.995753745018076,0.003593790595671,0.982430633384812,0.00697113789540538,0.989092189201444
"Lachnospiraceae_bacterium_oral_taxon_096",0.979395780561883,0.0104571746513633,0.99374358862282,0.00548944225482462,0.986569684592352
"Solobacterium_moorei",0.97410807346142,0.0279161873567949,0.982210728109102,0.00655140520542619,0.978159400785261
"Prevotella_shahii",0.969409597395358,0.0139934330303593,0.984417197030098,0.0104857519336344,0.976913397212728
"Oribacterium_parvum",0.966649767799889,0.0179342351857128,0.983442947442064,0.0181330159347064,0.975046357620977
"Prevotella_pallens",0.990064891310362,0.0155733883479657,0.949055342570693,0.0458102571576628,0.969560116940528
"Prevotella_sp_oral_taxon_306",0.974933048107207,0.0196266854710676,0.958396695562097,0.0544881137453039,0.966664871834652
"Veillonella_sp_T11011_6",0.967883236131031,0.0195809746919652,0.957604385868766,0.0367811708963458,0.962743810999898
"Stomatobaculum_longum",0.955336968124141,0.0206272623001136,0.963999455677842,0.020397147212559,0.959668211900991
"Oribacterium_sinus",0.961085465592472,0.0331687951259834,0.956296803077585,0.0166630718085462,0.958691134335029
"Selenomonas_sputigena",0.97842203941257,0.0199743643052063,0.92413473211302,0.0357747814304074,0.951278385762795
"Prevotella_aurantiaca",0.908853923698592,0.0549011491905038,0.97598317170161,0.0152592139196358,0.942418547700101
"Prevotella_melaninogenica",0.938694122744407,0.0343167655313134,0.941665322026506,0.0467367327392061,0.940179722385456
"Eubacterium_yurii",0.952359748011313,0.0251964606983787,0.918146325185145,0.0451058265319343,0.935253036598229
"Prevotella_oulorum",0.96445519044125,0.016062183927506,0.900174355797927,0.0495416557133305,0.932314773119588
"Megasphaera_micronuciformis",0.920274222282647,0.0427217457358113,0.939945794854351,0.0286804474776324,0.930110008568499
"Streptococcus_lactarius",0.907159652656453,0.0202572435194142,0.952095181901973,0.0136362530018822,0.929627417279213
"Gemella_sanguinis",0.919193364088213,0.0219643461389202,0.937502414384947,0.064234387159926,0.92834788923658
"Atopobium_parvulum",0.900000797030809,0.0375614705524067,0.956578400465721,0.0186007222302628,0.928289598748265
"Capnocytophaga_sputigena",0.937165404798765,0.0259536596766765,0.90347550899956,0.0525902693905731,0.920320456899162
"Prevotella_scopos",0.897328558347635,0.0259962050773355,0.942364477437322,0.0240567041773325,0.919846517892479
"Leptotrichia_buccalis",0.962297889449714,0.0190341753623225,0.877115207259013,0.0969228507262725,0.919706548354364
"Campylobacter_showae",0.936000880522464,0.0415678522445113,0.886399069120831,0.0948916634279051,0.911199974821648
"Porphyromonas_catoniae",0.930013645204883,0.0235935179429624,0.891570412239878,0.0906742436742491,0.910792028722381
"Prevotella_micans",0.934421302141322,0.0342954591246257,0.884632759022478,0.038364025974737,0.9095270305819
"Lachnoanaerobaculum_umeaense",0.888219837562194,0.0396595131574906,0.927282112257819,0.0262533143543213,0.907750974910006
"Johnsonella_ignava",0.937322635962209,0.0206299617565479,0.876773728859851,0.0411909735717062,0.90704818241103
"Capnocytophaga_gingivalis",0.9279644202927,0.041126978039802,0.871953453993399,0.115359539703736,0.899958937143049
"Centipeda_periodontii",0.947027244135159,0.0147807604652678,0.852889248775124,0.138768280920197,0.899958246455141
"Peptostreptococcus_stomatis",0.98362585935738,0.003433324335268,0.804380174943298,0.0889100757870191,0.894003017150339
"Elizabethkingia_meningoseptica",0.867194347073627,0.119077086401034,0.918778120228122,0.0471311032733516,0.892986233650874
"Veillonella_rogosae",0.874634367343944,0.0786640932934647,0.906352632408853,0.0574548497675409,0.890493499876399
"Campylobacter_concisus",0.86601319682865,0.0989022598226519,0.907435932865316,0.0657152309814366,0.886724564846983
"Prevotella_corporis",0.825165276684359,0.044857916224571,0.936066610599383,0.0126621577109691,0.880615943641871
"Tannerella_forsythia",0.9376344720319,0.0407170045398346,0.820317920971186,0.0747975757772442,0.878976196501543
"Actinomyces_sp_oral_taxon_181",0.85112036932176,0.0884241274637796,0.903303622389489,0.10784695627514,0.877211995855624
"Actinobacillus_porcinus",0.819403258367533,0.130889581073694,0.930818006051425,0.0257481539059464,0.875110632209479
"Leptotrichia_trevisanii",0.941463349052651,0.0977163977589384,0.8083666604047,0.15600903131028,0.874915004728675
"Prevotella_maculosa",0.932140440716989,0.0404258664698957,0.810673462361941,0.0340663671248576,0.871406951539465
"Alloprevotella_rava",0.905114044251397,0.108271882395552,0.832294281996305,0.196764254884144,0.868704163123851
"Capnocytophaga_granulosa",0.881811397773711,0.0899325478504945,0.853762952150918,0.0991575544315202,0.867787174962315
"Orientia_tsutsugamushi",0.877623669546333,0.0679168286047416,0.848592827773328,0.0952255873953399,0.86310824865983
"Prevotella_salivae",0.820600092861215,0.0586644426293645,0.903918281060739,0.0545655564554005,0.862259186960977
"Actinomyces_sp_HMSC035G02",0.91531076668148,0.0400228974572919,0.807472326351664,0.097726757420935,0.861391546516572
"Leptotrichia_wadei",0.889980985304208,0.100597668376299,0.826657205147907,0.167603883275036,0.858319095226058
"Sporanaerobacter_acetigenes",0.834322380214349,0.0376865656413125,0.87684521545748,0.0120481927710844,0.855583797835914
"Alkaliphilus_crotonatoxidans",0.819723403765505,0.0584977520736728,0.888746369945633,0.062339264603291,0.854234886855569
"Leptotrichia_goodfellowii",0.901970438700299,0.0705534411082503,0.805106118875235,0.180277907459895,0.853538278787767
"Moryella_indoligenes",0.901682723796782,0.122734640467738,0.799576597838432,0.162476496131227,0.850629660817607
"Capnocytophaga_leadbetteri",0.942965168263223,0.0170097170619886,0.757160890846352,0.086156662688004,0.850063029554788
"Leptotrichia_hofstadii",0.915148763617423,0.0397462764166313,0.784745892867779,0.0981025697886478,0.849947328242601
"Actinomyces_graevenitzii",0.867500956647791,0.034498982523838,0.828998954341167,0.107114125738369,0.848249955494479
"Prevotella_saccharolytica",0.937420142814171,0.0350460314959371,0.748591263725848,0.107648126168498,0.84300570327001
"Veillonella_atypica",0.768026142236445,0.0291031742536673,0.91543283156606,0.0383356014684147,0.841729486901253
"Clostridium_ultunense",0.815022464411017,0.0430174811011425,0.86080599740912,0.0452638342687294,0.837914230910069
"Catonella_morbi",0.906905574506285,0.0907885004351801,0.763031111640002,0.201850560483277,0.834968343073143
"Cardiobacterium_hominis",0.883716812582902,0.0365242643606272,0.783697778998884,0.0154978199616146,0.833707295790893
"Mogibacterium_diversum",0.824316309733515,0.155208472796558,0.842877684718216,0.107651041363783,0.833596997225866
"Simonsiella_muelleri",0.842852384229365,0.0917771781179723,0.822942154538986,0.149893714697825,0.832897269384175
"Moraxella_boevrei",0.815134301358413,0.0818671636848201,0.845329950619174,0.0769229396980405,0.830232125988794
"Cardiobacterium_valvarum",0.823677696073118,0.0477423180416631,0.82739232499722,0.071677840018923,0.825535010535169
"Propionigenium_maris",0.839316129331428,0.0816228013240734,0.810586230259178,0.134529444872656,0.824951179795303
"Neisseria_elongata",0.814806624919306,0.08854834421396,0.833965596262208,0.125502101197339,0.824386110590757
"Veillonella_parvula",0.836968586771882,0.131433006316171,0.81176893676463,0.159122694288545,0.824368761768256
"Ruminococcus_albus",0.820317627675259,0.148893360160966,0.822312143130181,0.152889108846628,0.82131488540272
"Actinomyces_meyeri",0.851636063527899,0.0954452937114936,0.783841369056444,0.0952738872917547,0.817738716292172
"Butyrivibrio_hungatei",0.812508456999263,0.133690303915359,0.816074031222531,0.113215363889517,0.814291244110897
"Prevotella_histicola",0.756534811110224,0.100037456878285,0.871788455780251,0.0787637471414835,0.814161633445237
"Streptococcus_sp_A12",0.77399081280983,0.0968478436039218,0.853912356502012,0.107043813318487,0.813951584655921
"Leptotrichia_hongkongensis",0.848338615846495,0.0746610810412416,0.777445106973249,0.118461962016952,0.812891861409872
"Ottowia_pentelensis",0.771942275169347,0.0473565132536375,0.852104207162046,0.026124802481165,0.812023241165697
"Prevotella_loescheii",0.878485812325847,0.0349719037499565,0.741175844769756,0.133715893935882,0.809830828547802
"Streptococcus_mutans",0.764377043465163,0.0483779694294801,0.854186084276648,0.110929043460139,0.809281563870905
"Klebsiella_pneumoniae",0.676090067555467,0.0996998429952833,0.941330526693126,0.0311266705722388,0.808710297124297
"Tannerella_sp_oral_taxon_HOT_286",0.844049029473317,0.0630753909117033,0.768533843166286,0.0863008316163832,0.806291436319801
"Selenomonas_infelix",0.927812996262395,0.0451136431220607,0.67997043071436,0.0886209671998832,0.803891713488378
"Sneathia_sanguinegens",0.701597654756052,0.224355438833131,0.905204369923671,0.0806459512321512,0.803401012339861
"Streptococcus_infantis",0.793491402368245,0.113620013578035,0.810662077938908,0.0868791334863005,0.802076740153577
"Neisseria_canis",0.783454588818234,0.231155633600802,0.819008434881097,0.190125632829233,0.801231511849665
"Brachymonas_denitrificans",0.808289243928351,0.0715508947159367,0.789894706558812,0.115348579148639,0.799091975243581
"Treponema_refringens",0.721153966314606,0.10985604079849,0.876225041323732,0.113074280592226,0.798689503819169
"Prevotella_stercorea",0.756257478852307,0.034668889095683,0.838123177797316,0.0402880995651328,0.797190328324812
"Slackia_exigua",0.820117958774864,0.131965703568477,0.768966250455716,0.126758103747152,0.79454210461529
"Mycoplasma_feliminutum",0.834815110966752,0.0400345622119817,0.747982479121322,0.180432186615629,0.791398795044037
"Neisseria_meningitidis",0.835390374260433,0.0859647982161253,0.747053076343522,0.158981868162681,0.791221725301977
"Haemophilus_parahaemolyticus",0.741931992159044,0.167682124431024,0.834539209094543,0.144698838190433,0.788235600626793
"Prevotella_paludivivens",0.754994172393926,0.0680748111202981,0.804596481901405,0.153893801010494,0.779795327147666
"Selenomonas_flueggei",0.70154937798996,0.200005476406828,0.856955551789422,0.0761901018621564,0.779252464889691
"Porphyromonas_gingivalis",0.747617242912953,0.083684387753484,0.809649970114078,0.173922274416026,0.778633606513515
"Prevotella_nanceiensis",0.732909584664215,0.196185692400407,0.823262508121479,0.175260601372192,0.778086046392847
"Haemophilus_quentini",0.749658819940851,0.0600481164591189,0.805478456332848,0.0725765849874445,0.777568638136849
"Lachnoanaerobaculum_orale",0.705461692840699,0.189737409102888,0.847390268704084,0.135371676339587,0.776425980772392
"Riemerella_anatipestifer",0.719591501060077,0.0247127928863503,0.829939076166489,0.0567315181411047,0.774765288613283
"Peptococcus_niger",0.868898454467679,0.112855560784059,0.678866119749467,0.329592020718594,0.773882287108573
"Campylobacter_lanienae",0.687165911746642,0.217103331115048,0.850999578441025,0.0521287118800324,0.769082745093834
"Planobacterium_taklimakanense",0.790117045305872,0.0895747957429772,0.739483454266248,0.154492133400656,0.76480024978606
"Haemophilus_pittmaniae",0.7323579737792,0.141684332102753,0.795266151055464,0.0928210391380542,0.763812062417332
"Actinomyces_odontolyticus",0.775062745983543,0.124504911602138,0.749998038533134,0.152018479109199,0.762530392258339
"Selenomonas_dianae",0.784399688356869,0.192360561542594,0.74000485044789,0.112872720394572,0.76220226940238
"Streptobacillus_moniliformis",0.84867730492543,0.0450201695990164,0.675590451256276,0.235217591327621,0.762133878090853
"Propionibacterium_propionicum",0.792095188594979,0.0918608432970395,0.731020751400234,0.0987518622878611,0.761557969997607
"Mobiluncus_mulieris",0.773238700270552,0.134628600405363,0.742989264298287,0.0457374171469633,0.758113982284419
"Capnocytophaga_haemolytica",0.801488695596185,0.0607598440781912,0.704150761554411,0.0918911722492477,0.752819728575298
"Haemophilus_parainfluenzae",0.701972132464082,0.133309891105467,0.802950003117212,0.0721181930291426,0.752461067790647
"Sediminibacterium_salmoneum",0.708124351529307,0.0652244173986286,0.789749394393251,0.165170645559573,0.748936872961279
"Alloprevotella_tannerae",0.873104532661422,0.072174828783432,0.623793660097341,0.256994991907624,0.748449096379381
"Mogibacterium_neglectum",0.744210793368271,0.264659216146731,0.752572163446352,0.279389736364814,0.748391478407312
"Leptotrichia_sp_oral_taxon_215",0.736586891982589,0.0420425780489387,0.759145825601966,0.0893049797092125,0.747866358792278
"Eubacterium_minutum",0.811763926827315,0.0392398923121495,0.683949076696404,0.163904534227597,0.747856501761859
"Lachnoanaerobaculum_saburreum",0.789249790844378,0.0603019952992475,0.694468421164002,0.106193613292659,0.74185910600419
"Prevotella_jejuni",0.649201010357808,0.365520660574325,0.820588659764698,0.13661760390777,0.734894835061253
"Prevotella_enoeca",0.796039922473325,0.0855024726673294,0.670787693454451,0.113044534697497,0.733413807963888
"Prevotella_denticola",0.865239895733895,0.0378046242875409,0.600998620301448,0.132359690532389,0.733119258017672
"Actinomyces_funkei",0.622851435462093,0.220227994472861,0.822589296794623,0.0636268156606308,0.722720366128358
"Treponema_succinifaciens",0.78827421449544,0.0746123438989224,0.656438135111237,0.219015766053988,0.722356174803339
"Prevotella_sp_oral_taxon_473",0.753510890459067,0.0673532600148615,0.688427983240186,0.15289062425943,0.720969436849626
"Prevotella_intermedia",0.763733189104405,0.117123944600365,0.676950465889682,0.101765877686119,0.720341827497043
"Porphyromonas_gulae",0.746426164279089,0.199712338351915,0.692645365893848,0.28546241417282,0.719535765086469
"Abiotrophia_defectiva",0.793161213258797,0.0882006032136022,0.636022350385763,0.0844252056906799,0.71459178182228
"Veillonella_rodentium",0.661733099647357,0.104058374160424,0.759234114823436,0.075157044309754,0.710483607235396
"Veillonella_infantium",0.73205100715675,0.0564000477373384,0.679815605498277,0.137527881046571,0.705933306327513
"Neisseria_oralis",0.782764581185085,0.220769183699163,0.623337218193335,0.163761309992132,0.70305089968921
"Bacteroides_intestinalis",0.804002783278538,0.105933248874004,0.600514179430294,0.300423508794704,0.702258481354416
"Eubacterium_infirmum",0.792319939034248,0.080018800911951,0.597959017533102,0.153436883934779,0.695139478283675
"Campylobacter_mucosalis",0.625261459879469,0.119086490660906,0.763369095799986,0.11950398373041,0.694315277839728
"Ornatilinea_apprima",0.665258271504777,0.0777232855864967,0.706399133818313,0.141291182072059,0.685828702661545
"Actinomyces_massiliensis",0.804514823611375,0.0590978172653142,0.558882363788019,0.123425586232838,0.681698593699697
"Leptotrichia_shahii",0.711702139608244,0.237372691053819,0.651682026482244,0.382374082930782,0.681692083045244
"Akkermansia_muciniphila",0.648070733266467,0.0510809902929978,0.701061174705595,0.187926978119222,0.674565953986031
"Soonwooa_buanensis",0.660943378562703,0.163712631228966,0.677102296902996,0.38249264761643,0.669022837732849
"Porphyromonas_somerae",0.573447375014315,0.0765626229838913,0.760473053986333,0.0691702194300411,0.666960214500324
"Neisseria_shayeganii",0.731683212613107,0.0848717039853453,0.599402812068262,0.118977257563533,0.665543012340685
"Veillonella_tobetsuensis",0.521909254410178,0.167512239194983,0.806157613931973,0.0680322094830936,0.664033434171076
"Corynebacterium_jeikeium",0.599065351229432,0.199523706189406,0.726323635422411,0.152167735001797,0.662694493325922
"Ruminococcus_callidus",0.662551453004509,0.189955146701711,0.66010047504117,0.290993931066071,0.661325964022839
"Kingella_kingae",0.602625261996133,0.167517384666758,0.719965711316225,0.0926083365720948,0.661295486656179
"Odoribacter_denticanis",0.677205612187563,0.0395209871745045,0.645125799940326,0.0481927710843373,0.661165706063945
"Porphyromonas_endodontalis",0.878427020251503,0.0680991401235053,0.43996525834105,0.155673559917609,0.659196139296277
"Corynebacterium_matruchotii",0.767426066153124,0.142319734464921,0.546266486005463,0.169595015098792,0.656846276079293
"Capnocytophaga_ochracea",0.753862535024096,0.0313691931026501,0.547412049357416,0.169000048649179,0.650637292190756
"Butyrivibrio_fibrisolvens",0.60361604866039,0.179982831305751,0.691962697083996,0.147958314402544,0.647789372872193
"Atopobium_rimae",0.761429854408736,0.0447465664716075,0.533562984307785,0.0834987447285602,0.64749641935826
"Haemophilus_haemoglobinophilus",0.725815853860704,0.245032109783265,0.566158486733767,0.357550545206724,0.645987170297236
"Bifidobacterium_dentium",0.641608548323685,0.117090619027975,0.643670199517077,0.0698619149292541,0.642639373920381
"Gemella_palaticanis",0.616705726790364,0.0669386434343678,0.666747392522653,0.185074904016664,0.641726559656509
"Streptococcus_australis",0.480955329764859,0.129018267739658,0.795564513908499,0.0836574200463533,0.638259921836679
"Prevotella_fusca",0.643994710059648,0.0969104612158819,0.630037682044483,0.124602218196073,0.637016196052065
"Treponema_parvum",0.713929118322934,0.140324982835216,0.557577209909685,0.157379382559256,0.635753164116309
"Neisseria_perflava",0.606702885832516,0.234113740448912,0.661616464007124,0.305549412711469,0.63415967491982
"Lactobacillus_mucosae",0.559367048098882,0.43552883566459,0.701620834302077,0.317959968647225,0.630493941200479
"Selenomonas_artemidis",0.644867095066039,0.246636377020218,0.612564257769607,0.256245082612116,0.628715676417823
"Mycoplasma_orale",0.498205086511518,0.308650309194199,0.757896833988052,0.183425233190828,0.628050960249785
"Filifactor_alocis",0.743540909040302,0.0651118124766293,0.511119725323186,0.225984325810525,0.627330317181744
"Natranaerovirga_hydrolytica",0.546262857357371,0.0684309334565346,0.703361418443184,0.0644004426872155,0.624812137900277
"Dialister_invisus",0.815600336747686,0.123988913400079,0.43154804200114,0.108370093727853,0.623574189374413
"Bacteroides_heparinolyticus",0.636696469543459,0.119906941649899,0.606670290483524,0.272002421211367,0.621683380013491
"Neisseria_subflava",0.556160689065641,0.186869007755227,0.68667523031688,0.117529618868866,0.621417959691261
"Actinomyces_turicensis",0.498839200915353,0.053503696287581,0.738028242926279,0.0569978973139263,0.618433721920816
"Gemella_cuniculi",0.627604573356357,0.0661684323159207,0.607226150809224,0.285754204101406,0.61741536208279
"Catenibacterium_mitsuokai",0.664609204482361,0.0913221263062244,0.570114631233182,0.120522412229563,0.617361917857772
"Prevotella_baroniae",0.74174512586139,0.133321739975199,0.491421838397404,0.188210934769184,0.616583482129397
"Eubacterium_ventriosum",0.618651247444073,0.205311787162931,0.605499961186865,0.212216061235088,0.612075604315469
"Prevotella_marshii",0.642916516482989,0.268180572178737,0.581104897045694,0.303100817602599,0.612010706764341
"Selenomonas_bovis",0.657186037463663,0.122143434352716,0.554367651829058,0.208761923464612,0.60577684464636
"Alloscardovia_omnicolens",0.553887440345996,0.225163026647396,0.654428407513471,0.21314491838321,0.604157923929733
"Shuttleworthia_satelles",0.700075059447211,0.0950183913755885,0.505480847135355,0.0881186034460422,0.602777953291283
"Clostridium_aminobutyricum",0.567853500080702,0.182371397545788,0.635392923242679,0.112145838657264,0.60162321166169
"Veillonella_ratti",0.503516437829378,0.313863183798998,0.694932779719366,0.194595612442631,0.599224608774372
"Streptococcus_uberis",0.503695107948713,0.243131679870342,0.694569921302839,0.262714289588042,0.599132514625776
"Haemophilus_sputorum",0.600345966124721,0.0700136222239061,0.593212622611115,0.17564866218297,0.596779294367918
"Actinomyces_cardiffensis",0.639890819744066,0.0690382212630622,0.553211518372718,0.114593586976764,0.596551169058392
"Paraprevotella_clara",0.54510896165934,0.137387578482946,0.64634569719373,0.0848369584979758,0.595727329426535
"Veillonella_dispar",0.544023773112743,0.108506945856039,0.643392707290028,0.0822748439229539,0.593708240201386
"Desulfobulbus_rhabdoformis",0.645779953252571,0.163307868978347,0.535907551244756,0.256846351623147,0.590843752248663
"Moraxella_bovoculi",0.572112821866274,0.255563953581575,0.608173833356519,0.214986491529824,0.590143327611396
"Bradyrhizobium_elkanii",0.469944578322659,0.272370160503131,0.70027496051679,0.182655780478326,0.585109769419725
"Bacteroides_thetaiotaomicron",0.5273406412952,0.147870197444545,0.625914877072756,0.215460335533085,0.576627759183978
"Neisseria_dentiae",0.395753633078307,0.298950328476885,0.754120364328095,0.298282380110529,0.574936998703201
"Actinomyces_radicidentis",0.46255699596663,0.249933200544112,0.682551823564406,0.257791868779721,0.572554409765518
"Actinomyces_timonensis",0.635067179685312,0.0774992698124228,0.509185517426634,0.262425065355209,0.572126348555973
"Treponema_vincentii",0.665941563116077,0.10183682741611,0.477904160359447,0.228987594407009,0.571922861737762
"Corynebacterium_durum",0.5964147577773,0.194644196467448,0.547353080390602,0.116596915915788,0.571883919083951
"Atopobium_vaginae",0.589900482993497,0.183698102367749,0.552857484147186,0.213133640552995,0.571378983570342
"Selenomonas_noxia",0.610713725184557,0.0954337725462749,0.531223403318071,0.202285304650809,0.570968564251314
"Corynebacterium_kroppenstedtii",0.456124510170462,0.248707743487498,0.682376355005431,0.090105761829914,0.569250432587947
"Actinomyces_viscosus",0.624262818920578,0.131788716167976,0.512215247893785,0.0923424800924019,0.568239033407182
"Prevotella_multiformis",0.558473257352555,0.168444141023764,0.577619362046161,0.188583506026516,0.568046309699358
"Haemophilus_parasuis",0.51342317399155,0.0981716996673492,0.621372298328696,0.215047098306681,0.567397736160123
"Parabacteroides_distasonis",0.555713149493446,0.221439524242228,0.577407404308932,0.248164389563186,0.566560276901189
"Clostridium_hylemonae",0.616972812823586,0.112940696387158,0.515480722507988,0.213745930308437,0.566226767665787
"Neisseria_bacilliformis",0.520317423219191,0.218234038249448,0.611505294649418,0.136822614387907,0.565911358934305
"Streptococcus_sobrinus",0.51804076638915,0.244884781059723,0.604624685360613,0.210884440435853,0.561332725874881
"Lactobacillus_oris",0.495362951402285,0.126664695714121,0.624307409184474,0.129742827678546,0.55983518029338
"Actinomyces_israelii",0.529119982570951,0.211119225815142,0.58921708306505,0.109273237107895,0.559168532818001
"Campylobacter_curvus",0.565032929786898,0.174580313572622,0.553174165937637,0.232991932355892,0.559103547862268
"Streptococcus_peroris",0.44913359818814,0.153296654359373,0.665834362450412,0.143622878611219,0.557483980319276
"Bergeriella_denitrificans",0.544310204027932,0.204422966975833,0.570554957349429,0.236404400839964,0.55743258068868
"Anaeroglobus_geminatus",0.673541413247473,0.134124589378331,0.440014222555247,0.111858651911469,0.55677781790136
"Prevotella_disiens",0.597146744456464,0.114419911966729,0.515585440830319,0.248315844021246,0.556366092643392
"Prevotella_albensis",0.454368408414071,0.193483994718408,0.650597687733724,0.109819197442721,0.552483048073898
"Bacteroides_vulgatus",0.526796356616728,0.405842658131715,0.577906711107335,0.538577768405547,0.552351533862032
"Kingella_denitrificans",0.533061037395545,0.0432767978840786,0.570424790480458,0.078854576541446,0.551742913938001
"Mobiluncus_curtisii",0.501489421021698,0.206174547283702,0.598356590598112,0.139944224714787,0.549923005809905
"Eikenella_corrodens",0.722915656286993,0.166691519436609,0.366714972916606,0.241662541893282,0.5448153146018
"Clostridium_symbiosum",0.562987989445359,0.283765322697944,0.526462181202324,0.142851734681247,0.544725085323842
"Barnesiella_viscericola",0.554173336945325,0.0490206794921623,0.531834608914797,0.258814070294288,0.543003972930061
"Sutterella_wadsworthensis",0.501433819824116,0.206841356631824,0.579774227837973,0.538745578308561,0.540604023831044
"Neisseria_flavescens",0.497779084396034,0.14370661721332,0.5823778166881,0.233379410743513,0.540078450542067
"Granulicatella_elegans",0.674766887112036,0.0394408978811331,0.399601065752723,0.100702957453182,0.537183976432379
"Campylobacter_rectus",0.536027515203872,0.152431755426444,0.537072410829521,0.264779215681444,0.536549963016697
"Fusobacterium_russii",0.630806707597085,0.21721703041844,0.437989599367779,0.375660101299597,0.534398153482432
"Actinobacillus_rossii",0.433414632008173,0.127721089133584,0.631406565863938,0.129148217293136,0.532410598936055
"Gemella_bergeri",0.56441299112807,0.205770650774014,0.496882299915514,0.162124816270911,0.530647645521792
"Phocaeicola_abscessus",0.552869986446198,0.106774329536953,0.500523211721114,0.113739432875044,0.526696599083656
"Alysiella_crassa",0.570321575428164,0.333881766942859,0.480310125022457,0.258217545074037,0.52531585022531
"Haemophilus_haemolyticus",0.575077111087276,0.177464985511482,0.467384841978457,0.221523195691326,0.521230976532867
"Actinomyces_hyovaginalis",0.493782156901231,0.200205556060948,0.546271340925975,0.17474698762294,0.520026748913603
"Desulfomicrobium_orale",0.445284633358713,0.0871912538804158,0.593850320870697,0.193072803986864,0.519567477114705
"Neisseria_mucosa",0.601683576878002,0.182268588403293,0.43725024934067,0.345851926132168,0.519466913109336
"Neisseria_sp_oral_taxon_014",0.535784007637947,0.353208509789994,0.502572327123379,0.310998419326401,0.519178167380663
"Aggregatibacter_aphrophilus",0.673082277424479,0.136316893295255,0.359620758308421,0.169828853178252,0.51635151786645
"Prevotella_falsenii",0.489138719936321,0.398960294022198,0.54222349151388,0.564924930186944,0.5156811057251
"Olsenella_uli",0.659497422505355,0.202522595248913,0.371160262194647,0.180342447194636,0.515328842350001
"Aggregatibacter_sp_oral_taxon_458",0.59450303517581,0.0555933113762088,0.433287520973766,0.0716797545154298,0.513895278074788
"Treponema_lecithinolyticum",0.548831636281121,0.433637197977279,0.476008148241497,0.533956748292007,0.512419892261309
"Streptococcus_constellatus",0.541934239306722,0.228448412654969,0.480882481418639,0.211493150019433,0.511408360362681
"Actinomyces_howellii",0.287339563046203,0.05562001038489,0.733237505509914,0.0981412669565782,0.510288534278058
"Conchiformibius_steedae",0.446611300190467,0.244306565197637,0.573443600028762,0.155768279029013,0.510027450109614
"Acinetobacter_johnsonii",0.313252615388681,0.0767194825905817,0.706312946223469,0.198902142939252,0.509782780806075
"Schwartzia_succinivorans",0.643197260553781,0.0417794762908671,0.37047486247031,0.0388015296737149,0.506836061512045
"Propionibacterium_acidifaciens",0.449859633618684,0.164908807684819,0.562330082246933,0.242085577984033,0.506094857932808
"Veillonella_denticariosi",0.441457178058269,0.154004360521567,0.561953487290954,0.246645589508728,0.501705332674611
"Kingella_oralis",0.585913337830561,0.0818373514451054,0.417457902626365,0.151674814082184,0.501685620228463
"Actinomyces_suimastitidis",0.376452160078167,0.228786120183104,0.623914271170695,0.112869783313171,0.500183215624431
"Eggerthia_catenaformis",0.582912330319526,0.147165273999223,0.417157744591569,0.105308330094572,0.500035037455547
"Aggregatibacter_segnis",0.498961709731662,0.303122333177893,0.500454819602447,0.236070697516387,0.499708264667055
"Prevotella_nigrescens",0.635561059771068,0.108454595374256,0.363539096770172,0.0485212904271328,0.49955007827062
"Desulfovibrio_fairfieldensis",0.482516421196537,0.237018496521296,0.514356699332754,0.3373061511756,0.498436560264645
"Treponema_pedis",0.441513988261233,0.147536196092216,0.552474344448873,0.230033067950389,0.496994166355053
"Actinomyces_oricola",0.480068029513071,0.213441099056775,0.513423176075931,0.200142704262888,0.496745602794501
"Haemophilus_influenzae",0.544513315334138,0.0724128065191516,0.445638625826215,0.0866935483870968,0.495075970580177
"Ruminococcus_flavefaciens",0.459172929200348,0.135345659813979,0.525555044317214,0.250558957384403,0.492363986758781
"Chryseobacterium_kwangjuense",0.547965351122814,0.0998085285909003,0.43536132037859,0.16259392408343,0.491663335750702
"Streptococcus_parasanguinis",0.390871776920331,0.148375880651968,0.591940062041172,0.17895364746834,0.491405919480752
"Eubacterium_saphenum",0.64463123492534,0.179669869649832,0.33695665423726,0.237667954936192,0.4907939445813
"Treponema_amylovorum",0.617476514772614,0.253228892887054,0.364026850454361,0.248886118908191,0.490751682613487
"Mannheimia_granulomatis",0.51778001748539,0.115155746154442,0.462485043656374,0.161315585619671,0.490132530570882
"Lactobacillus_crispatus",0.279254272639585,0.154057355873683,0.698467517124003,0.171086199474343,0.488860894881794
"Streptococcus_salivarius",0.363266629182613,0.102762745829818,0.607076684731102,0.282917601968918,0.485171656956858
"Actinomyces_lingnae",0.362082963948686,0.285143317348535,0.606146952406499,0.16811959836786,0.484114958177592
"Lactobacillus_frumenti",0.292598737383545,0.292806977895355,0.67261864216594,0.080429428852662,0.482608689774743
"Fusobacterium_nucleatum",0.780310838050584,0.0392297715232971,0.182986593528593,0.11997828664882,0.481648715789588
"Pasteurella_pneumotropica",0.334149758568747,0.229809238251116,0.628496942814974,0.153347260007773,0.481323350691861
"Bacteroides_pyogenes",0.348029009909294,0.252040293483925,0.610832766907574,0.13014688515717,0.479430888408434
"Pseudoflavonifractor_capillosus",0.435689731909752,0.287850951902632,0.522127441864163,0.122046846381198,0.478908586886957
"Fretibacterium_fastidiosum",0.688453947834927,0.21060184842945,0.259926091141189,0.233151083879183,0.474190019488058
"Streptococcus_pneumoniae",0.424871498241064,0.318260176283485,0.51554177662599,0.320039394655149,0.470206637433527
"Anaerostipes_hadrus",0.508098653951903,0.231459504451555,0.431055072510941,0.244606674436984,0.469576863231422
"Treponema_bryantii",0.412794002153774,0.198340238998442,0.522801941444006,0.152546326345168,0.46779797179889
"Moraxella_lacunata",0.425897961505174,0.0636430635517271,0.504183448561948,0.215346311540328,0.465040705033561
"Veillonella_montpellierensis",0.486910517424471,0.187166230274073,0.432909640110359,0.197246981858765,0.459910078767415
"Actinobacillus_minor",0.402601839233613,0.219304715291359,0.515339640770607,0.1083950134197,0.45897074000211
"Roseburia_faecis",0.518571265400766,0.318433446090457,0.398063645854017,0.487502636788473,0.458317455627392
"Bulleidia_extructa",0.664002333899619,0.119088022108555,0.2523000073667,0.145705502484744,0.45815117063316
"Prevotella_ruminicola",0.368577947943769,0.0779244781816595,0.544295226441339,0.0699359661113811,0.456436587192554
"Leptotrichia_amnionii",0.505163173809165,0.244688763757708,0.407468092137971,0.351617771142987,0.456315632973568
"Bergeyella_zoohelcum",0.480018109243354,0.119909918270995,0.428785782490088,0.197952683225926,0.454401945866721
"Streptococcus_vestibularis",0.355299323146996,0.310208399181018,0.552481688606213,0.241758191301793,0.453890505876605
"Bacteroides_uniformis",0.51184370974924,0.240148585189072,0.394930612577872,0.394103082695118,0.453387161163556
"Mycoplasma_hyosynoviae",0.445740429344323,0.190211835529305,0.460997724338296,0.361073613338046,0.453369076841309
"Coprococcus_comes",0.441391122795912,0.0520136950736678,0.45367582370944,0.144640017524502,0.447533473252676
"Selenomonas_ruminantium",0.38659795151719,0.165491310010821,0.504294773848091,0.169227312475709,0.445446362682641
"Eubacterium_coprostanoligenes",0.371513762768817,0.0973517455295316,0.517952915503409,0.25671295436199,0.444733339136113
"Cryptobacterium_curtum",0.451478365936811,0.176945645100349,0.432379292616861,0.049740668980697,0.441928829276836
"Streptococcus_pyogenes",0.406335882850348,0.122990259439039,0.476258128159393,0.0538220090070152,0.44129700550487
"Helicobacter_pylori",0.423059929704361,0.122727291166353,0.458454810045483,0.308180664339711,0.440757369874922
"Bacteroides_plebeius",0.412108395425307,0.108955960793912,0.468418204367851,0.452076759891241,0.440263299896579
"Prevotella_oris",0.555521362835166,0.179433026998541,0.324583256655913,0.231959960466419,0.440052309745539
"Olsenella_profusa",0.485458466000426,0.0722846194279292,0.392604359019835,0.032879461575624,0.43903141251013
"Treponema_medium",0.636818004788792,0.186242074165203,0.237136336383044,0.168207880355389,0.436977170585918
"Rothia_aeria",0.538114089328832,0.0776947788542148,0.335824603716696,0.0783495475211616,0.436969346522764
"Prevotella_amnii",0.421466057057679,0.390032818518249,0.449122670270128,0.26326070410675,0.435294363663904
"Eubacterium_eligens",0.249934680499132,0.269168765126254,0.620376043584944,0.201051839492238,0.435155362042038
"Eubacterium_biforme",0.321876769792354,0.42193520532434,0.547996915842463,0.337153492016848,0.434936842817409
"Vagococcus_lutrae",0.394736783469693,0.142310736975504,0.46723376928017,0.0894881246677128,0.430985276374932
"Enterococcus_faecium",0.307281663489244,0.155882515425498,0.552130589278458,0.183576542514958,0.429706126383851
"Neisseria_cinerea",0.354331249366046,0.259089644326753,0.501754757072919,0.289961320663618,0.428043003219483
"Prevotella_copri",0.481808978971466,0.213984511910171,0.373114182474115,0.411562005507284,0.427461580722791
"Aggregatibacter_actinomycetemcomitans",0.435607768404819,0.152653862838907,0.404997098907561,0.366662231250584,0.42030243365619
"Dorea_longicatena",0.409924534978298,0.290970179843703,0.425825845044079,0.316592392386225,0.417875190011189
"Bacteroides_eggerthii",0.386476523760334,0.618791596405908,0.44259691046443,0.658197305350434,0.414536717112382
"Lactobacillus_salivarius",0.244314719235555,0.209205568220516,0.584733437480794,0.074250631558492,0.414524078358174
"Butyrivibrio_proteoclasticus",0.394981783332739,0.188354612944964,0.433472950315611,0.268727441895837,0.414227366824175
"Methylobacterium_jeotgali",0.351457616854303,0.236058691669384,0.47616323630046,0.353010481428979,0.413810426577382
"Parasutterella_excrementihominis",0.468445986444703,0.131337501963295,0.357717356201801,0.256936256579508,0.413081671323252
"Dialister_micraerophilus",0.427004305554483,0.124376670446022,0.396960280794804,0.192913271387615,0.411982293174643
"Mannheimia_haemolytica",0.518295466194911,0.011115077562147,0.304005960418915,0.406406112253894,0.411150713306913
"Phascolarctobacterium_succinatutens",0.441666849418495,0.449825959742129,0.378977536088937,0.423180918976744,0.410322192753716
"Clostridium_ruminantium",0.410182984839354,0.179153832156717,0.409439901034305,0.400087466308981,0.409811442936829
"Campylobacter_gracilis",0.555380695985703,0.0924994275146931,0.261599183296094,0.117856032700018,0.408489939640899
"Phascolarctobacterium_faecium",0.39527213552609,0.370545049347777,0.41889873873451,0.529520093256781,0.4070854371303
"Gemella_morbillorum",0.420717619199798,0.153678455090665,0.389410974650838,0.193603041197046,0.405064296925318
"Clostridium_bartlettii",0.429259219322634,0.192047512495657,0.377224887130503,0.305240313925234,0.403242053226569
"Treponema_socranskii",0.674558850151052,0.14742643580097,0.128225906369448,0.0842065843795968,0.40139237826025
"Actinobaculum_schaalii",0.343194658478193,0.128119254782484,0.455840159382224,0.197309405541563,0.399517408930209
"Actinomyces_bowdenii",0.369672831799875,0.114333909598281,0.428791308979197,0.133255233784375,0.399232070389536
"Scardovia_inopinata",0.35467454054517,0.305332004170378,0.443082976926321,0.209358976439281,0.398878758735746
"Neisseria_pharyngis",0.392838530288392,0.198254036257063,0.391511571236352,0.32032619101707,0.392175050762372
"Lautropia_mirabilis",0.488038638456709,0.155618859601121,0.296038177699027,0.186027231242669,0.392038408077868
"Prevotella_pleuritidis",0.514691612456668,0.128278036419353,0.268256025355991,0.133879001784111,0.391473818906329
"Flavonifractor_plautii",0.407495049250523,0.042953504157475,0.368833481744319,0.197617578120622,0.388164265497421
"Dialister_succinatiphilus",0.497435486733882,0.0932910057507892,0.277649745171859,0.235411386493627,0.387542615952871
"Parvimonas_micra",0.629854218022358,0.275900496253854,0.143501520395664,0.157677215293777,0.386677869209011
"Bifidobacterium_longum",0.247309841516626,0.109616719571835,0.525425561265185,0.181193819380853,0.386367701390906
"Faecalibacterium_prausnitzii",0.372328218399657,0.229282434537659,0.400299040599756,0.412437659543216,0.386313629499706
"Ruminococcus_bromii",0.409900586400959,0.338210056100302,0.36190703219946,0.431332596673032,0.38590380930021
"Bacteroides_coprocola",0.420472607700942,0.0656520909435558,0.350791474862186,0.2901702508289,0.385632041281564
"Neisseria_macacae",0.433892925009129,0.206527119624693,0.327666458896477,0.255000401804407,0.380779691952803
"Dialister_pneumosintes",0.5631445080623,0.137391834652167,0.195524992699276,0.167527691339281,0.379334750380788
"Peptoniphilus_lacrimalis",0.405960327722848,0.159782209092096,0.350030343943831,0.177317939897449,0.377995335833339
"Actinomyces_sp_ICM47",0.407776344496372,0.263727433096351,0.347742431943487,0.354393078577698,0.377759388219929
"Ruminococcus_torques",0.373842625414508,0.285476402904258,0.372494828220562,0.156870022945067,0.373168726817535
"Clostridium_scindens",0.450396549540663,0.277536090224525,0.29455470627393,0.413721865947596,0.372475627907297
"Streptococcus_sanguinis",0.447013319749889,0.134788771726084,0.284304836084916,0.147619424291762,0.365659077917402
"Actinomyces_georgiae",0.579657082992478,0.0762426124306402,0.149589094675533,0.0902357604950861,0.364623088834006
"Lactobacillus_vaginalis",0.256479221713502,0.177782943735111,0.472725363259779,0.114949457761518,0.36460229248664
"Treponema_denticola",0.548227046596518,0.203381893115513,0.179992182974761,0.115541211789285,0.36410961478564
"Granulicatella_balaenopterae",0.305030466333183,0.131104648931718,0.421121277194609,0.142387542804436,0.363075871763896
"Prevotella_dentalis",0.248392354692277,0.109170656187882,0.477689376163631,0.171445379427752,0.363040865427954
"Eubacterium_siraeum",0.461608993191446,0.0542095651182499,0.262274401150544,0.0301976481306519,0.361941697170995
"Acinetobacter_lwoffii",0.279588761822307,0.0665322580645161,0.444190908299338,0.138050006748549,0.361889835060823
"Mycoplasma_salivarium",0.454427483584091,0.281899885375682,0.268358665162631,0.343535789371892,0.361393074373361
"Peptostreptococcus_russellii",0.373238523791803,0.387519674498605,0.346862087946578,0.315657200003792,0.360050305869191
"Actinobaculum_massiliense",0.385218118212816,0.139130931634431,0.334046577996721,0.161503917109341,0.359632348104769
"Streptococcus_sinensis",0.273238603539504,0.0339000900914815,0.445959262720823,0.18663787405788,0.359598933130164
"Bacteroides_acidifaciens",0.414078287061344,0.134739072307925,0.30477954115541,0.255957761239024,0.359428914108377
"Ralstonia_solanacearum",0.0659568797657757,0.0322976957573876,0.652672622044132,0.0721807892633688,0.359314750904954
"Actinomyces_johnsonii",0.462828370604055,0.137582628908502,0.249131274378301,0.191518994726375,0.355979822491178
"Treponema_putidum",0.407847465293018,0.173284643246185,0.304067801962386,0.207053775684959,0.355957633627702
"Streptococcus_massiliensis",0.271500112930977,0.225397737180956,0.439570976050483,0.0491204612048505,0.35553554449073
"Mycoplasma_faucium",0.391356742636082,0.146819041760604,0.319303914379622,0.216704782393024,0.355330328507852
"Anaerovorax_odorimutans",0.405300778949423,0.154546057925477,0.302801991522945,0.167061235954397,0.354051385236184
"Gemella_haemolysans",0.437049843581512,0.0757436183365252,0.268753632924734,0.0293268016834287,0.352901738253123
"Clostridium_hathewayi",0.370338172652523,0.420943766465877,0.333461639500854,0.313797859137996,0.351899906076688
"Eubacterium_brachy",0.555489031540718,0.0995740792089144,0.143886231510647,0.0866675296781145,0.349687631525683
"Lactobacillus_amylovorus",0.197907133410038,0.0609985072399575,0.500558846236716,0.288286653695822,0.349232989823377
"Fusobacterium_necrophorum",0.201639555879722,0.0771034902900357,0.488646114586479,0.112436373369112,0.345142835233101
"Roseburia_hominis",0.252423766171512,0.293374152427462,0.432203420382403,0.430145792374519,0.342313593276957
"Prevotella_buccae",0.493225210182798,0.0867229672066683,0.188254246528401,0.0803859760880179,0.340739728355599
"Eubacterium_rectale",0.310287685475794,0.309049546012961,0.367803890844013,0.547612697984774,0.339045788159904
"Acidaminococcus_intestini",0.135657103276566,0.0224045888232621,0.530848689528749,0.0504437103251716,0.333252896402658
"Parascardovia_denticolens",0.191551471979535,0.0375428133640341,0.473035577755884,0.136880488279797,0.33229352486771
"Eubacterium_nodatum",0.4821590812611,0.178418617841262,0.179236972215299,0.0724808883028275,0.3306980267382
"Bacteroides_cellulosilyticus",0.299873721089992,0.335442808913332,0.356161629179594,0.510406614776103,0.328017675134793
"Bacteroides_zoogleoformans",0.223719763176333,0.03118213283365,0.431308324243125,0.301411290322581,0.327514043709729
"Clostridium_lactatifermentans",0.297998293476097,0.222299884993399,0.352327004497224,0.187630308017297,0.325162648986661
"Oscillibacter_valericigenes",0.349075408436021,0.275753730935292,0.299877401391959,0.32617947042926,0.32447640491399
"Desulfobulbus_propionicus",0.30154782277942,0.180120413503172,0.346678472464342,0.136298023599558,0.324113147621881
"Oscillospira_guilliermondii",0.391644222186617,0.467179131434546,0.255644140714814,0.306317937765368,0.323644181450716
"Howardella_ureilytica",0.367381209477813,0.121678660980465,0.275386864268583,0.163051748800365,0.321384036873198
"Propionibacterium_acnes",0.301535856297471,0.139984143101907,0.331136583346473,0.198544966847334,0.316336219821972
"Lactobacillus_helveticus",0.157722299371562,0.0542825593229621,0.473681637039446,0.138570907567441,0.315701968205504
"Actinomyces_gerencseriae",0.283442497499187,0.137842081615884,0.346271749993017,0.110605703143656,0.314857123746102
"Lactobacillus_delbrueckii",0.248448467007917,0.104608575145653,0.379680982261224,0.126197967048306,0.314064724634571
"Dialister_propionicifaciens",0.313136743305386,0.220591317219208,0.31481066814967,0.241145732808451,0.313973705727528
"Bacteroides_massiliensis",0.361710511269874,0.113806816476297,0.265302224885905,0.211543442055364,0.31350636807789
"Streptococcus_pseudopneumoniae",0.278310756849541,0.143134250020136,0.343948638498548,0.249085049876927,0.311129697674044
"Eubacterium_desmolans",0.284160783953001,0.253598572790146,0.334615722169514,0.354099324125771,0.309388253061257
"Treponema_pectinovorum",0.334960704234971,0.267124175916615,0.281914805431683,0.227080939297287,0.308437754833327
"Mogibacterium_timidum",0.399053933627658,0.20989065381627,0.217086375741952,0.177896232846413,0.308070154684805
"Lactobacillus_iners",0.247758836074935,0.194505744142273,0.366519638792516,0.286563128772636,0.307139237433726
"Ruminococcus_gnavus",0.251086113008651,0.132573982549356,0.362274685826504,0.384255787347482,0.306680399417577
"Alistipes_finegoldii",0.35959900692402,0.25197367254808,0.253173484438489,0.175120963657126,0.306386245681254
"Streptococcus_suis",0.0263608737660582,0.0186020696171742,0.582773337616972,0.0963921313087019,0.304567105691515
"Pseudomonas_putida",0.174733546390863,0.191742605387466,0.432389226553161,0.149020533604338,0.303561386472012
"Lactobacillus_ruminis",0.163142267032386,0.160377574475646,0.441895542516643,0.208886798247706,0.302518904774514
"Coprococcus_catus",0.364169712280645,0.276358695670062,0.240842916842652,0.266559312638364,0.302506314561649
"Pseudomonas_fluorescens",0.179488472036759,0.0885959281172871,0.424257454733741,0.0927946223786559,0.30187296338525
"Morococcus_cerebrosus",0.338714303996811,0.180552580738208,0.260721534159104,0.305216242625893,0.299717919077957
"Clostridium_leptum",0.340086355908541,0.0503839569676122,0.256038678467102,0.0873355049652756,0.298062517187821
"Chryseobacterium_piscicola",0.341760030454758,0.0754324298842177,0.254349878530446,0.158007694079505,0.298054954492602
"Snodgrassella_alvi",0.289431239032014,0.206910934954752,0.297923487713905,0.198089401871496,0.293677363372959
"Porphyromonas_uenonis",0.342938861878774,0.0825298294050108,0.235450286970095,0.128257423873306,0.289194574424434
"Prevotella_timonensis",0.351397041624854,0.194713644771857,0.224670255818177,0.0590577960875147,0.288033648721515
"Mycoplasma_spermatophilum",0.312466293822389,0.266634350134684,0.262084882825947,0.131708479551896,0.287275588324168
"Pseudomonas_aeruginosa",0.222523210741893,0.0962246603524508,0.346864163032215,0.329106429303313,0.284693686887054
"Scardovia_wiggsiae",0.283982599656341,0.0930999302265204,0.283316079044585,0.115889104295324,0.283649339350463
"Pseudoramibacter_alactolyticus",0.296257787963863,0.136677586884652,0.270750996199316,0.200316441199785,0.283504392081589
"Lactococcus_lactis",0.190164229992402,0.142324879569944,0.374875053763158,0.0993570094841274,0.28251964187778
"Bacteroides_stercoris",0.222803024215888,0.162298570178514,0.341926583988824,0.188842379480928,0.282364804102356
"Streptococcus_cristatus",0.229198030342398,0.146180095047549,0.329890591077168,0.223183906306351,0.279544310709783
"Alistipes_shahii",0.20257355861062,0.157747664176022,0.345853197460323,0.365229585190695,0.274213378035471
"Veillonella_criceti",0.257510798358725,0.216165947296683,0.289745244738208,0.366230918839895,0.273628021548466
"Bacillus_cereus",0.185063622408497,0.107987849313377,0.36184820163307,0.179221498344908,0.273455912020783
"Anaerococcus_octavius",0.224993399437555,0.0952809379596663,0.318538829682809,0.121501595530455,0.271766114560182
"Streptococcus_oligofermentans",0.204107418240979,0.193923915167344,0.331897759027955,0.228403076132306,0.268002588634467
"Bacteroides_caccae",0.283831931371941,0.174892282383685,0.248135670879296,0.072196777193976,0.265983801125618
"Ruminofilibacter_xylanolyticum",0.218233643294806,0.0149130671123515,0.309101698494805,0.17465205877707,0.263667670894805
"Clostridium_disporicum",0.312722004990003,0.20792418952964,0.213707393752579,0.245821105705355,0.263214699371291
"Alistipes_putredinis",0.271099975174985,0.139567242162653,0.254339665018794,0.350232692940128,0.26271982009689
"Micrococcus_luteus",0.189023694585105,0.195479480337281,0.333586503849305,0.267564142786263,0.261305099217205
"Actinobacillus_succinogenes",0.227191447228533,0.240973313795157,0.287899736737378,0.474020639995071,0.257545591982955
"Prevotella_bergensis",0.274824488934214,0.272271817713436,0.237709221214718,0.287373235144101,0.256266855074466
"Acinetobacter_calcoaceticus",0.246409007286187,0.19147639271343,0.262351999695142,0.223989352457536,0.254380503490665
"Streptococcus_thermophilus",0.116071402010344,0.0595092012460782,0.39065327782969,0.151893078116217,0.253362339920017
"Bilophila_wadsworthia",0.310393298424898,0.018274972415136,0.194848707242765,0.0808524265491902,0.252621002833832
"Eubacterium_hallii",0.334034116990705,0.394035694442598,0.170984482477577,0.257689085347687,0.252509299734141
"Kingella_potus",0.326090808545212,0.341818495159104,0.177908297099953,0.188703593640627,0.251999552822582
"Treponema_maltophilum",0.442538010678429,0.227071812332887,0.0610603405703707,0.0625910901671201,0.2517991756244
"Finegoldia_magna",0.273577148258573,0.126044451708307,0.227927044033973,0.0897241731268809,0.250752096146273
"Bacteroides_fragilis",0.288965523442737,0.207735416582366,0.209326868283276,0.192568776080585,0.249146195863007
"Lactobacillus_plantarum",0.171682716793361,0.0983124301255128,0.324629163090036,0.228037148594378,0.248155939941699
"Rothia_mucilaginosa",0.114416464399204,0.0344788013090078,0.378827832316685,0.125464016121603,0.246622148357945
"Odoribacter_splanchnicus",0.249944578395335,0.182346275965157,0.242423589488196,0.347751605500342,0.246184083941766
"Neisseria_lactamica",0.261741947123464,0.170011949878065,0.228275888183978,0.246870546702941,0.245008917653721
"Veillonella_magna",0.336995912468314,0.137173230469747,0.149023403538306,0.0912119574309129,0.24300965800331
"Porphyromonas_asaccharolytica",0.215664475594892,0.0558641557850852,0.255517538160662,0.108721269394494,0.235591006877777
"Eubacterium_ramulus",0.241019758616369,0.0276489020598523,0.225060103560942,0.0545635448454871,0.233039931088655
"Terrahaemophilus_aromaticivorans",0.198259228966845,0.18399671336763,0.25894113078924,0.0996346569506428,0.228600179878042
"Corynebacterium_argentoratense",0.106266720316779,0.120573078971302,0.350139920918153,0.109266537034735,0.228203320617466
"Bacteroides_dorei",0.195293129555508,0.220206738643495,0.251768841453652,0.312855213538728,0.22353098550458
"Murdochiella_asaccharolytica",0.242251248082549,0.130204530498834,0.200361582536579,0.160117608697757,0.221306415309564
"Corynebacterium_tuberculostearicum",0.112812147964036,0.0445609594866778,0.32961223059543,0.0325768577001587,0.221212189279733
"Peptostreptococcus_anaerobius",0.29310315069908,0.0675782900538351,0.148168380154843,0.121290780348171,0.220635765426962
"Gardnerella_vaginalis",0.27476750909694,0.126556311991262,0.164739514659689,0.240048905298614,0.219753511878315
"Streptococcus_agalactiae",0.146770505981786,0.110440956563321,0.287910782547244,0.0989804855827948,0.217340644264515
"Azospira_oryzae",0.210386679157989,0.291927298488869,0.217693319191922,0.263016885225456,0.214039999174956
"Enterococcus_italicus",0.1539878310777,0.14898286583775,0.272491860272488,0.301764246106571,0.213239845675094
"Bifidobacterium_breve",0.0638468395142462,0.0216023966378919,0.360735758710403,0.261717482313234,0.212291299112325
"Staphylococcus_epidermidis",0.140887212640893,0.113217979962491,0.283531984168675,0.183185146443515,0.212209598404784
"Bacteroides_ovatus",0.236656450556912,0.220793316130082,0.186220797540732,0.165803116405389,0.211438624048822
"Coprococcus_eutactus",0.188428816867326,0.179481277149176,0.226013873246027,0.0887121567523167,0.207221345056676
"Parabacteroides_merdae",0.156218612703164,0.0315197637437528,0.256795056226575,0.390976584015037,0.206506834464869
"Veillonella_caviae",0.147234811729763,0.0680417845218337,0.261231352527838,0.0886266841559787,0.204233082128801
"Rothia_terrae",0.19455091272664,0.136417209221044,0.213664761497423,0.262489033607774,0.204107837112032
"Fusobacterium_canifelinum",0.135546297550757,0.119065197637438,0.272021960374714,0.22444617178391,0.203784128962735
"Acinetobacter_baumannii",0.177783619041048,0.0193425751031345,0.225257906495982,0.176741377628382,0.201520762768515
"Bacillus_pumilus",0.142303681251037,0.165482814343961,0.260728289624305,0.206320391542831,0.201515985437671
"Staphylococcus_aureus",0.187799311131682,0.201907678582181,0.215059045851058,0.221380388464186,0.20142917849137
"Prevotella_oralis",0.272855228484125,0.0417134804552147,0.127444331811531,0.056411102975812,0.200149780147828
"Stenotrophomonas_maltophilia",0.0916606629483583,0.136925631356014,0.303944347475021,0.21600746789945,0.19780250521169
"Lactobacillus_fermentum",0.0605812905467108,0.0322593041740892,0.332241725564486,0.10724349008939,0.196411508055598
"Gemmiger_formicilis",0.189925093578117,0.205025669013749,0.183496953627919,0.223251658545651,0.186711023603018
"Granulicatella_adiacens",0.158259303428033,0.0833462158818958,0.214681575132707,0.110232461513451,0.18647043928037
"Megamonas_funiformis",0.269664604400963,0.0639806581424028,0.103022151333305,0.0565935938209905,0.186343377867134
"Wolinella_succinogenes",0.193873147979766,0.168011897170039,0.177876679031352,0.0830149067093323,0.185874913505559
"Neisseria_sicca",0.236818896491124,0.164413941063235,0.132059326629109,0.131221532471349,0.184439111560116
"Prevotella_multisaccharivorax",0.1830324858635,0.0383430478112148,0.168985653968072,0.127719325572557,0.176009069915786
"Rothia_dentocariosa",0.149188759935664,0.163628831814416,0.200485978404596,0.296341108497108,0.17483736917013
"Roseburia_inulinivorans",0.221010497174235,0.154160465475573,0.124571940541537,0.0494015149974859,0.172791218857886
"Pyramidobacter_piscolens",0.148661519745271,0.10397566428399,0.196807873511766,0.145794579570988,0.172734696628519
"Megasphaera_elsdenii",0.129686662261859,0.153128753574693,0.212048870889888,0.0911061124813397,0.170867766575873
"Actinomyces_oris",0.202347777200246,0.119025645810346,0.130253150844137,0.086705718180048,0.166300464022191
"Necropsobacter_rosorum",0.18266024582636,0.17913668624322,0.145665917720493,0.101530984440314,0.164163081773427
"Rhodococcus_erythropolis",0.126626199175973,0.0759753358077588,0.193679822195362,0.097568691824507,0.160153010685667
"Actinomyces_naeslundii",0.257128102039577,0.126069388395142,0.0534410254025619,0.0254195874765782,0.155284563721069
"Lactobacillus_animata",0.180802336989455,0.170203131927985,0.128789968920424,0.187824863577046,0.15479615295494
"Paludibacter_propionicigenes",0.108441886405776,0.127973503683954,0.194773944561267,0.159293247589808,0.151607915483522
"Dorea_formicigenerans",0.185965804675383,0.0608033280327124,0.111514332626738,0.100290273999223,0.14874006865106
"Pseudomonas_stutzeri",0.136020574262747,0.261493648080954,0.160735102302148,0.0436221874947489,0.148377838282448
"Prevotella_bivia",0.17523504259557,0.203011177572656,0.120626371477736,0.0744885148045786,0.147930707036653
"Streptococcus_gordonii",0.142952795690131,0.0547673016876863,0.152018949092599,0.0408273467186545,0.147485872391365
"Streptococcus_intermedius",0.0938654524861441,0.0692702537611991,0.199587785444861,0.131910853969523,0.146726618965503
"Clostridium_ramosum",0.171054367461795,0.18173936391364,0.121761993164251,0.0432347725218344,0.146408180313023
"Dolosigranulum_pigrum",0.130089259435277,0.109346603816447,0.160795938575484,0.161158747894805,0.145442599005381
"Achromobacter_xylosoxidans",0.0660537855232963,0.0160157733549894,0.222503816881299,0.0944051405205426,0.144278801202298
"Roseburia_intestinalis",0.214383406438563,0.102801592072227,0.0716014771038694,0.0706496313676853,0.142992441771216
"Fusicatenibacter_saccharivorans",0.15700780619623,0.163011004229809,0.117448234767149,0.0679587275407474,0.137228020481689
"Streptococcus_troglodytae",0.0433474316836961,0.0196377991795441,0.229221472510429,0.148372560646412,0.136284452097063
"Turicibacter_sanguinis",0.198026939376487,0.156713461356602,0.0711571877417875,0.0378408796476227,0.134592063559137
"Streptococcus_anginosus",0.173026220582138,0.102268946305414,0.0935691223756527,0.0671235877948213,0.133297671478895
"Lactobacillus_gasseri",0.0419697591504457,0.0476194072432357,0.223265934232389,0.168345978724494,0.132617846691417
"Barnesiella_intestinihominis",0.160704481559183,0.0638978685234871,0.102845493499679,0.0895563577735359,0.131774987529431
"Lactobacillus_reuteri",0.0878615434502241,0.0944182735432707,0.167404194226527,0.148036106780093,0.127632868838375
"Intestinimonas_butyriciproducens",0.145500630332662,0.0630450120913331,0.0998817922341991,0.0503203552264456,0.12269121128343
"Acidithiobacillus_thiooxidans",0.0381135015472237,0.0567623996297408,0.205341331450517,0.152956290061375,0.12172741649887
"Streptococcus_oralis",0.181551652941758,0.107145309600461,0.0603258778812943,0.0490002158653093,0.120938765411526
"Parabacteroides_goldsteinii",0.0954505769922143,0.101397700720452,0.143252006231249,0.165698969271209,0.119351291611732
"Escherichia_coli",0.154343272986855,0.153152886670226,0.0799591446278882,0.0882441054540744,0.117151208807372
"Agrobacterium_tumefaciens",0.0498210688254704,0.0110006701043155,0.169375472442895,0.133814120656546,0.109598270634183
"Acinetobacter_junii",0.123623764346581,0.146430886574678,0.0654979958745998,0.0414192198677284,0.0945608801105904
"Streptococcus_equinus",0.0283069928229313,0.0322388526977384,0.153048142157542,0.0753477482629979,0.0906775674902365
"Enterococcus_faecalis",0.0648730364342652,0.0413610696436685,0.111143324678537,0.0755603342493098,0.0880081805564011
"Streptococcus_mitis",0.0776230314326114,0.0414819025675186,0.0936174938516719,0.06951505883989,0.0856202626421416
"Bacillus_subtilis",0.0647853512404697,0.0397183003541562,0.105436106848343,0.117783485927366,0.0851107290444064
"Blautia_faecis",0.0857628150937934,0.0161794663679593,0.0827661207981238,0.103654183163497,0.0842644679459586
"Saccharofermentans_acetigenes",0.12670594417908,0.0304488219640423,0.034528560468495,0.0469438730531884,0.0806172523237875
"Lactobacillus_casei",0.0297388531304152,0.0194624445903954,0.121666730917714,0.171638752657566,0.0757027920240645
"Moraxella_osloensis",0.100915370652765,0.0386040089911856,0.031455898364303,0.0342741935483871,0.0661856345085341
"Atopobium_minutum",0.0609198095465184,0.0120964039158724,0.0626056356186131,0.0681021124805577,0.0617627225825658
"Lactobacillus_rhamnosus",0.00221288216408178,0.00301306234218369,0.0823866091276002,0.0841670603320286,0.042299745645841
"Blautia_luti",0.0589980768856744,0.096812670132728,0.0225847251124444,0.0413377442071786,0.0407914009990594
"Collinsella_aerofaciens",0.0473968055756033,0.0115999305849347,0.0251741598915822,0.0312668713726549,0.0362854827335928
"Bryobacter_aggregatus",0.0250838465354091,0.00801596728968186,0.0403592545731541,0.0469683612498776,0.0327215505542816
"Lactobacillus_johnsonii",0.0227384260813546,0.0291820999773423,0.0401923283591541,0.0387336358026953,0.0314653772202544
"Ruminococcus_obeum",0.025449934793363,0.018054119997873,0.0275467629274682,0.0365263111663884,0.0264983488604156
"Gemmatimonas_aurantiaca",0.000672055792116069,0.00200803212851406,0.0004516711833785,0,0.000561863487747285
