"","species","CoreAssociationScore"
"Rothia_mucilaginosa","Rothia_mucilaginosa",1
"Fusobacterium_nucleatum","Fusobacterium_nucleatum",1
"Actinomyces_odontolyticus","Actinomyces_odontolyticus",0.972850678733032
"Haemophilus_parainfluenzae","Haemophilus_parainfluenzae",0.972850678733032
"Prevotella_melaninogenica","Prevotella_melaninogenica",0.972850678733032
"Streptococcus_mitis","Streptococcus_mitis",0.972850678733032
"Rothia_dentocariosa","Rothia_dentocariosa",0.941176470588235
"Streptococcus_parasanguinis","Streptococcus_parasanguinis",0.941176470588235
"Porphyromonas_catoniae","Porphyromonas_catoniae",0.941176470588235
"Veillonella_dispar","Veillonella_dispar",0.873303167420814
"Streptococcus_pneumoniae","Streptococcus_pneumoniae",0.873303167420814
"Streptococcus_sanguinis","Streptococcus_sanguinis",0.873303167420814
"Gemella_haemolysans","Gemella_haemolysans",0.873303167420814
"Leptotrichia_shahii","Leptotrichia_shahii",0.873303167420814
"Gemella_sanguinis","Gemella_sanguinis",0.873303167420814
"Actinomyces_lingnae","Actinomyces_lingnae",0.873303167420814
"Oribacterium_sinus","Oribacterium_sinus",0.873303167420814
"Megasphaera_micronuciformis","Megasphaera_micronuciformis",0.873303167420814
"Veillonella_atypica","Veillonella_atypica",0.873303167420814
"Streptococcus_thermophilus","Streptococcus_thermophilus",0.873303167420814
"Aggregatibacter_segnis","Aggregatibacter_segnis",0.873303167420814
"Leptotrichia_buccalis","Leptotrichia_buccalis",0.769230769230769
"Prevotella_salivae","Prevotella_salivae",0.769230769230769
"Fusobacterium_periodonticum","Fusobacterium_periodonticum",0.769230769230769
"Streptococcus_oralis","Streptococcus_oralis",0.769230769230769
"Atopobium_parvulum","Atopobium_parvulum",0.769230769230769
"Prevotella_nanceiensis","Prevotella_nanceiensis",0.769230769230769
"Solobacterium_moorei","Solobacterium_moorei",0.769230769230769
"Corynebacterium_matruchotii","Corynebacterium_matruchotii",0.769230769230769
"Leptotrichia_wadei","Leptotrichia_wadei",0.769230769230769
"Prevotella_histicola","Prevotella_histicola",0.769230769230769
"Haemophilus_haemolyticus","Haemophilus_haemolyticus",0.769230769230769
"Veillonella_rogosae","Veillonella_rogosae",0.606334841628959
"Rothia_aeria","Rothia_aeria",0.606334841628959
"Capnocytophaga_leadbetteri","Capnocytophaga_leadbetteri",0.606334841628959
"Prevotella_pallens","Prevotella_pallens",0.606334841628959
"Actinomyces_oris","Actinomyces_oris",0.606334841628959
"Dialister_invisus","Dialister_invisus",0.606334841628959
"Tannerella_forsythia","Tannerella_forsythia",0.606334841628959
"Peptostreptococcus_stomatis","Peptostreptococcus_stomatis",0.606334841628959
"Selenomonas_sputigena","Selenomonas_sputigena",0.606334841628959
"Haemophilus_influenzae","Haemophilus_influenzae",0.606334841628959
"Veillonella_parvula","Veillonella_parvula",0.606334841628959
"Leptotrichia_goodfellowii","Leptotrichia_goodfellowii",0.606334841628959
"Granulicatella_elegans","Granulicatella_elegans",0.606334841628959
"Campylobacter_concisus","Campylobacter_concisus",0.606334841628959
"Abiotrophia_defectiva","Abiotrophia_defectiva",0.606334841628959
"Campylobacter_gracilis","Campylobacter_gracilis",0.606334841628959
"Parvimonas_micra","Parvimonas_micra",0.606334841628959
"Catonella_morbi","Catonella_morbi",0.606334841628959
"Neisseria_flavescens","Neisseria_flavescens",0.606334841628959
"Leptotrichia_trevisanii","Leptotrichia_trevisanii",0.606334841628959
"Prevotella_oris","Prevotella_oris",0.606334841628959
"Corynebacterium_durum","Corynebacterium_durum",0.606334841628959
"Fretibacterium_fastidiosum","Fretibacterium_fastidiosum",0.606334841628959
"Streptococcus_peroris","Streptococcus_peroris",0.606334841628959
"Streptococcus_infantis","Streptococcus_infantis",0.606334841628959
"Aggregatibacter_actinomycetemcomitans","Aggregatibacter_actinomycetemcomitans",0
"Eubacterium_saphenum","Eubacterium_saphenum",0
"Prevotella_baroniae","Prevotella_baroniae",0
"Treponema_denticola","Treponema_denticola",0
"Eubacterium_brachy","Eubacterium_brachy",0
"Porphyromonas_endodontalis","Porphyromonas_endodontalis",0
"Eubacterium_yurii","Eubacterium_yurii",0
"Prevotella_shahii","Prevotella_shahii",0
"Prevotella_denticola","Prevotella_denticola",0
"Granulicatella_adiacens","Granulicatella_adiacens",0
"Prevotella_enoeca","Prevotella_enoeca",0
"Streptococcus_cristatus","Streptococcus_cristatus",0
"Lachnoanaerobaculum_orale","Lachnoanaerobaculum_orale",0
"Actinomyces_meyeri","Actinomyces_meyeri",0
"Actinobaculum_massiliense","Actinobaculum_massiliense",0
"Eubacterium_nodatum","Eubacterium_nodatum",0
"Planobacterium_taklimakanense","Planobacterium_taklimakanense",0
"Anaeroglobus_geminatus","Anaeroglobus_geminatus",0
"Olsenella_uli","Olsenella_uli",0
"Prevotella_veroralis","Prevotella_veroralis",0
"Peptococcus_niger","Peptococcus_niger",0
"Schwartzia_succinivorans","Schwartzia_succinivorans",0
"Lautropia_mirabilis","Lautropia_mirabilis",0
"Actinobacillus_rossii","Actinobacillus_rossii",0
"Actinomyces_gerencseriae","Actinomyces_gerencseriae",0
"Neisseria_shayeganii","Neisseria_shayeganii",0
"Selenomonas_noxia","Selenomonas_noxia",0
"Porphyromonas_gingivalis","Porphyromonas_gingivalis",0
"Filifactor_alocis","Filifactor_alocis",0
"Lachnoanaerobaculum_saburreum","Lachnoanaerobaculum_saburreum",0
"Streptococcus_gordonii","Streptococcus_gordonii",0
"Leptotrichia_hofstadii","Leptotrichia_hofstadii",0
"Campylobacter_showae","Campylobacter_showae",0
"Capnocytophaga_granulosa","Capnocytophaga_granulosa",0
"Neisseria_oralis","Neisseria_oralis",0
"Leptotrichia_hongkongensis","Leptotrichia_hongkongensis",0
"Actinomyces_viscosus","Actinomyces_viscosus",0
"Cardiobacterium_valvarum","Cardiobacterium_valvarum",0
"Prevotella_pleuritidis","Prevotella_pleuritidis",0
"Eubacterium_sulci","Eubacterium_sulci",0
"Prevotella_oralis","Prevotella_oralis",0
"Actinomyces_graevenitzii","Actinomyces_graevenitzii",0
"Alloprevotella_rava","Alloprevotella_rava",0
"Treponema_amylovorum","Treponema_amylovorum",0
"Shuttleworthia_satelles","Shuttleworthia_satelles",0
"Treponema_lecithinolyticum","Treponema_lecithinolyticum",0
"Streptococcus_intermedius","Streptococcus_intermedius",0
"Treponema_socranskii","Treponema_socranskii",0
"Dialister_pneumosintes","Dialister_pneumosintes",0
"Selenomonas_flueggei","Selenomonas_flueggei",0
"Simonsiella_muelleri","Simonsiella_muelleri",0
"Prevotella_aurantiaca","Prevotella_aurantiaca",0
"Capnocytophaga_ochracea","Capnocytophaga_ochracea",0
"Prevotella_intermedia","Prevotella_intermedia",0
"Veillonella_rodentium","Veillonella_rodentium",0
"Bulleidia_extructa","Bulleidia_extructa",0
"Haemophilus_parahaemolyticus","Haemophilus_parahaemolyticus",0
"Alloprevotella_tannerae","Alloprevotella_tannerae",0
"Actinomyces_georgiae","Actinomyces_georgiae",0
"Streptococcus_oligofermentans","Streptococcus_oligofermentans",0
"Prevotella_maculosa","Prevotella_maculosa",0
"Capnocytophaga_sputigena","Capnocytophaga_sputigena",0
"Propionibacterium_acnes","Propionibacterium_acnes",0
"Treponema_medium","Treponema_medium",0
"Selenomonas_infelix","Selenomonas_infelix",0
"Lactobacillus_fermentum","Lactobacillus_fermentum",0
"Neisseria_elongata","Neisseria_elongata",0
"Neisseria_subflava","Neisseria_subflava",0
"Cryptobacterium_curtum","Cryptobacterium_curtum",0
"Gemella_morbillorum","Gemella_morbillorum",0
"Lactococcus_lactis","Lactococcus_lactis",0
"Haemophilus_sputorum","Haemophilus_sputorum",0
"Streptococcus_australis","Streptococcus_australis",0
"Campylobacter_rectus","Campylobacter_rectus",0
"Prevotella_nigrescens","Prevotella_nigrescens",0
"Eikenella_corrodens","Eikenella_corrodens",0
"Scardovia_wiggsiae","Scardovia_wiggsiae",0
"Prevotella_saccharolytica","Prevotella_saccharolytica",0
"Actinomyces_massiliensis","Actinomyces_massiliensis",0
"Streptococcus_salivarius","Streptococcus_salivarius",0
"Prevotella_buccae","Prevotella_buccae",0
"Neisseria_meningitidis","Neisseria_meningitidis",0
"Staphylococcus_epidermidis","Staphylococcus_epidermidis",0
"Mogibacterium_timidum","Mogibacterium_timidum",0
"Streptococcus_mutans","Streptococcus_mutans",0
"Streptococcus_anginosus","Streptococcus_anginosus",0
"Aggregatibacter_aphrophilus","Aggregatibacter_aphrophilus",0
"Lachnoanaerobaculum_umeaense","Lachnoanaerobaculum_umeaense",0
"Eubacterium_infirmum","Eubacterium_infirmum",0
"Neisseria_mucosa","Neisseria_mucosa",0
"Prevotella_micans","Prevotella_micans",0
"Kingella_denitrificans","Kingella_denitrificans",0
"Neisseria_bacilliformis","Neisseria_bacilliformis",0
"Kingella_oralis","Kingella_oralis",0
"Cardiobacterium_hominis","Cardiobacterium_hominis",0
"Selenomonas_artemidis","Selenomonas_artemidis",0
"Centipeda_periodontii","Centipeda_periodontii",0
"Actinomyces_israelii","Actinomyces_israelii",0
"Actinomyces_naeslundii","Actinomyces_naeslundii",0
"Capnocytophaga_gingivalis","Capnocytophaga_gingivalis",0
"Prevotella_loescheii","Prevotella_loescheii",0
"Veillonella_tobetsuensis","Veillonella_tobetsuensis",0
"Prevotella_oulorum","Prevotella_oulorum",0
"Atopobium_rimae","Atopobium_rimae",0
"Selenomonas_dianae","Selenomonas_dianae",0
"Treponema_maltophilum","Treponema_maltophilum",0
"Treponema_vincentii","Treponema_vincentii",0
"Johnsonella_ignava","Johnsonella_ignava",0
"Stomatobaculum_longum","Stomatobaculum_longum",0
