"","WolfA_2017_exposure","ZhuC_2020a","ZhuC_2020b","StewartC_2018_exposure","WangX_2020","RafiqulI_2022","FanX_2018b_exposure","TakayasuL_2017","ZellerG_2014B","ClementeJ_2015","BhushanB_2019","MarotzC_2022Sab","BostanciN_2021","OnyangoS_2020","CaselliE_2020","ChenL_2022","VoigtA_2015B","FanX_2018b","GoltsmanD_2018a","GoltsmanD_2018b","NagataN_2022","BelstromD_2017","LeeY_2025","BelstromD_2021","FilippisF_2015","BritoIL_2016","LiuY_2019","YuG_2016","YeoL_2019","PushalkarS_2020","TramiceA_2022","ChaudhariD_2020","LundmarkA_2019","LaiolaM_2020","TakahashiY_2019","YeoL_2019_exposure","RussoE_2018","YuG_2016_exposure","TongY_2019","VogtmannE_2019","LokmerA_2020_exposure","YuF_2020","JulianM_2017_exposure","LiK_2022_exposure","HuangC_2022","ZiganshinaE_2020","DavidL_2014","PooleA_2019","ArmstrongA_2023a","LeeW_2017","LokmerA_2020","WangT_2018","LinM_2020","LermaA_2020","WangB_2020","MoskovitzM_2021","MarotzC_2022Saa","OzgaA_2016","RiveraV_2025","YanoY_2020","MakinenA_2023","LiK_2022","MakinenA_2023_exposure","ZhengX_2017","TakeshitaT_2014","ZhuJ_2021_Yunnan","ArmstrongA_2023b","LassalleF_2017","TianN_2017","AbdelbaryM_2022","TramiceA_2022_exposure","WangQ_2019","ColladoM_2018","SohailM_2019","AcharyaA_2017","LimM_2023","LindheimL_2016","PushalkarS_2020_exposure","HijaziK_2020","GuoS_2022","MaruyamaH_2021","DebeliusJ_2020","JeongJ_2023","CameronS_2015","WillisJ_2018","WillisJ_2022","JiangQ_2019","ZhuC_2018","MenonR_2019","NearingJ_2020","KahharovaD_2019","ZauraE_2017"
"Prevotella_salivae",1,0,0,0,1,0,0,0,0,0,0,0,0,0,0,0,0,1,1,1,1,1,0,1,1,0,0,0,1,1,1,1,1,1,1,1,1,1,1,1,1,1,1,1,1,1,1,1,1,1,1,1,1,0,1,1,1,1,1,1,0,1,1,1,1,1,1,1,1,1,1,1,1,1,1,1,1,1,1,1,1,1,1,1,1,1,1,1,1,1,1,1
"Atopobium_parvulum",0,1,0,1,1,0,0,0,0,0,0,0,0,0,0,0,0,1,1,1,1,1,1,1,1,0,0,0,1,1,1,1,1,1,1,1,1,1,1,1,1,1,0,1,0,0,1,1,1,1,1,1,0,1,1,1,1,1,1,1,1,1,1,1,1,1,1,1,1,1,1,0,1,1,1,1,1,1,1,1,1,1,1,1,1,1,1,1,1,1,1,1
"Prevotella_pallens",1,0,0,0,0,0,0,0,0,0,0,0,1,0,1,0,0,1,1,1,0,1,1,0,1,0,0,0,1,1,0,1,1,1,1,0,1,1,1,1,1,1,0,1,1,1,0,1,1,1,1,1,0,1,1,1,1,1,1,1,1,0,1,1,1,1,1,1,1,1,0,1,1,1,1,1,1,1,1,1,1,1,1,1,1,1,1,1,1,1,1,1
"Fusobacterium_periodonticum",1,1,1,0,0,0,1,0,0,0,0,0,0,0,0,0,0,1,1,1,1,1,1,1,1,1,0,1,1,1,0,1,1,1,1,1,1,1,0,0,1,1,0,1,0,1,0,1,1,1,1,1,0,1,0,0,1,1,1,1,1,1,1,0,1,1,1,1,1,1,1,0,1,1,1,1,1,1,0,1,1,0,1,1,1,1,1,1,1,1,1,1
"Megasphaera_micronuciformis",0,0,0,0,0,0,0,0,0,0,0,0,0,0,0,0,0,1,1,1,1,1,1,1,0,0,1,0,1,1,1,1,1,1,1,1,1,1,1,1,0,0,1,1,0,1,1,1,1,1,1,1,1,1,1,1,1,0,1,1,1,1,1,1,1,0,1,1,1,1,0,0,1,1,1,1,1,1,1,1,1,1,1,1,1,1,1,1,0,1,1,1
"Prevotella_melaninogenica",1,1,1,0,0,0,0,0,0,0,0,0,0,1,1,1,0,0,1,1,0,0,1,1,1,1,1,1,0,0,1,1,1,0,0,0,1,0,1,1,1,0,0,0,0,1,1,1,1,1,1,1,1,1,1,1,1,1,0,1,1,1,1,1,1,1,0,0,1,1,0,1,1,1,1,1,1,1,1,1,1,1,1,1,1,1,1,1,1,1,0,0
"Porphyromonas_catoniae",1,1,1,1,1,1,1,0,0,0,0,0,0,0,0,0,0,1,1,0,0,0,0,0,1,0,1,1,1,1,1,1,1,1,1,1,1,1,1,0,1,0,1,1,0,1,1,1,1,1,1,1,0,0,0,0,1,1,1,1,1,1,0,0,1,0,0,0,1,1,1,1,1,1,1,1,1,1,1,1,1,1,1,1,1,0,1,0,1,1,1,1
"Veillonella_dispar",0,0,0,1,1,0,0,0,1,0,0,0,1,1,0,0,0,1,1,1,1,1,1,0,0,1,1,0,1,1,1,1,1,1,1,1,1,0,1,0,0,0,1,0,0,0,1,1,1,1,0,1,1,0,0,0,1,1,1,1,1,1,1,0,0,1,0,1,1,1,1,1,1,1,1,1,0,1,0,1,1,1,1,1,1,1,1,1,1,1,1,1
"Prevotella_histicola",0,0,0,1,1,0,0,0,0,0,1,0,1,0,0,0,0,1,1,0,1,1,0,0,0,0,0,0,1,1,1,1,1,1,1,1,0,0,0,1,1,0,1,1,0,0,1,1,1,1,1,1,1,1,1,1,1,0,1,1,1,1,0,0,0,0,1,0,0,1,1,1,1,1,1,1,1,1,1,1,1,1,1,1,1,1,1,1,1,1,1,1
"Haemophilus_parainfluenzae",0,1,1,1,1,0,1,1,1,0,1,1,1,1,1,0,0,0,1,1,1,1,0,1,1,1,1,0,1,1,1,1,1,1,1,0,1,0,0,0,0,0,0,0,0,0,0,0,0,0,0,0,0,0,0,0,1,0,1,0,0,0,1,1,1,1,1,0,1,0,0,1,1,1,1,1,1,1,1,1,1,1,1,1,1,1,1,1,1,1,1,1
"Fusobacterium_nucleatum",0,1,1,0,0,0,0,0,0,0,0,0,0,1,0,0,0,0,0,0,0,0,1,0,1,1,0,1,1,1,1,1,1,1,1,1,1,1,1,1,1,1,0,0,0,1,1,1,1,1,1,1,1,1,1,0,1,1,0,1,1,1,1,1,1,1,1,1,0,1,1,1,1,1,0,1,0,0,1,0,0,0,0,0,1,1,0,1,1,1,1,1
"Streptococcus_thermophilus",0,0,1,1,1,0,1,0,0,0,1,0,0,1,0,0,0,1,0,0,0,0,1,0,0,0,1,0,0,1,0,1,0,1,1,0,1,1,0,1,0,1,0,1,0,0,1,1,1,1,0,0,1,0,1,1,1,1,1,1,1,0,0,0,0,0,0,0,1,1,1,1,1,1,1,1,1,1,1,1,1,1,1,1,1,1,0,1,0,1,1,1
"Actinomyces_graevenitzii",0,0,0,0,0,0,1,0,1,0,0,0,0,0,0,0,0,0,0,0,1,1,0,0,1,1,0,0,1,1,1,0,0,1,0,1,1,1,1,1,0,1,0,1,0,0,1,1,1,1,1,1,0,0,1,0,1,1,0,0,0,0,1,1,1,1,1,1,1,0,1,0,1,1,1,1,1,1,1,1,1,1,1,0,1,1,0,0,1,1,1,1
"Campylobacter_concisus",0,0,0,0,1,0,0,0,0,0,0,0,0,0,0,0,0,1,1,1,1,1,1,1,1,0,0,1,1,1,1,0,0,0,1,0,0,1,1,1,0,0,0,0,0,0,0,1,1,1,0,0,0,1,1,0,1,1,1,1,1,1,0,0,1,1,1,0,0,1,0,0,1,0,1,1,1,1,1,1,1,1,1,1,1,1,1,1,1,1,1,1
"Actinomyces_odontolyticus",0,1,0,0,0,0,0,0,1,0,0,0,0,0,0,0,0,1,1,0,1,0,1,1,1,1,0,0,1,1,1,1,0,1,0,0,1,0,0,0,0,0,0,0,0,0,1,1,1,0,1,1,0,1,1,0,1,1,1,0,1,0,1,1,1,0,0,0,1,1,1,0,1,0,1,1,1,1,1,1,1,1,1,0,1,1,1,1,1,1,1,1
"Rothia_mucilaginosa",1,1,1,1,0,0,0,1,1,0,0,1,1,1,1,1,1,0,1,1,1,0,0,1,0,0,0,0,0,0,0,0,0,0,0,0,1,0,0,1,0,0,0,0,0,1,1,1,1,1,0,1,1,1,1,1,1,1,0,1,1,0,1,0,1,0,1,0,1,0,1,1,1,0,1,1,1,1,1,1,0,0,1,0,0,0,1,1,1,0,0,1
"Prevotella_nanceiensis",1,1,1,0,0,1,0,0,0,0,0,0,0,0,0,0,0,0,1,0,0,0,0,0,1,0,0,0,1,1,1,0,1,1,1,1,0,0,0,0,0,0,1,1,0,1,1,1,1,1,1,1,1,0,0,0,1,1,1,1,1,1,0,0,1,0,0,0,1,1,1,0,1,0,1,1,1,1,0,1,0,1,1,1,1,1,1,1,1,1,1,1
"Streptococcus_sanguinis",1,1,1,0,0,0,0,0,0,0,0,0,0,0,0,0,0,1,1,0,1,0,1,1,1,1,1,0,1,1,1,0,1,1,0,0,0,0,0,0,0,0,0,0,0,0,0,1,0,1,1,1,1,1,1,1,1,1,1,0,0,1,1,0,0,1,1,0,0,0,1,0,1,1,0,1,1,1,0,0,0,1,1,1,1,1,0,1,1,1,1,1
"Tannerella_forsythia",0,0,0,1,0,0,0,0,0,0,0,0,0,0,0,0,0,0,0,0,0,0,0,0,0,1,0,1,1,1,1,1,1,1,1,1,0,1,1,1,1,1,1,1,1,1,1,1,1,1,1,1,1,1,1,0,1,1,1,0,0,1,0,0,0,1,0,1,0,0,0,0,1,1,1,0,1,0,1,1,1,1,0,1,0,0,1,1,0,0,0,1
"Peptostreptococcus_stomatis",1,1,1,0,0,1,0,0,0,0,0,0,0,0,0,0,0,0,0,0,0,0,1,0,1,1,0,0,0,1,0,1,1,1,0,1,0,0,0,1,1,1,1,0,1,1,1,0,0,1,0,0,1,1,1,0,1,0,0,1,0,1,1,0,1,0,0,1,0,1,1,1,1,1,0,1,1,0,1,1,1,0,0,1,1,1,1,1,1,0,1,1
"Veillonella_atypica",0,0,0,0,0,0,0,0,0,0,0,0,1,1,1,0,1,1,1,1,1,1,0,1,0,0,1,0,1,1,1,1,1,1,1,1,1,0,1,0,0,0,0,0,0,1,0,0,0,0,0,0,1,0,0,0,0,0,0,0,0,0,0,1,0,1,1,1,1,1,1,1,0,1,1,1,1,1,1,1,1,1,1,1,1,1,1,1,0,1,0,0
"Stomatobaculum_longum",0,1,0,0,0,0,0,0,0,0,0,0,0,0,0,0,0,1,1,0,1,0,1,1,0,0,0,1,1,0,1,0,1,1,0,0,1,1,0,1,0,0,0,1,0,1,1,1,1,0,1,0,0,0,0,1,1,0,0,1,1,0,1,0,0,0,1,0,1,0,1,0,1,1,1,1,1,1,1,0,1,1,1,1,1,1,1,1,1,1,1,1
"Actinomyces_lingnae",0,1,1,1,1,0,0,0,0,0,0,0,0,0,0,0,0,0,0,0,0,0,0,0,1,0,0,0,1,0,1,1,1,1,1,0,0,1,0,1,0,0,0,1,0,0,1,0,1,1,1,1,0,1,1,1,1,1,1,0,1,1,0,1,1,0,0,0,0,0,1,1,1,1,1,1,1,1,1,1,0,1,0,0,1,1,0,0,1,1,1,1
"Leptotrichia_wadei",1,1,0,0,0,0,0,0,0,0,0,0,0,0,0,0,0,1,1,0,0,0,0,0,1,1,0,0,1,1,0,1,1,1,0,1,1,0,1,1,0,0,1,1,0,0,0,0,1,0,0,1,0,0,1,0,0,0,1,1,1,0,1,1,1,0,1,1,0,0,1,0,0,0,1,1,1,0,1,1,1,1,1,1,1,1,1,1,1,1,1,1
"Solobacterium_moorei",1,0,0,0,0,0,0,0,0,0,0,0,0,0,0,0,0,0,0,0,0,0,1,0,0,0,1,1,1,1,0,0,0,0,0,0,0,1,0,1,1,0,0,0,1,0,1,1,0,0,0,1,1,1,1,1,0,1,1,1,1,0,1,1,1,1,0,0,0,0,1,1,1,1,1,1,1,1,1,1,0,1,1,1,1,1,1,1,1,0,1,1
"Parvimonas_micra",0,1,1,0,0,0,1,0,0,0,0,0,0,0,0,0,0,0,0,0,0,0,0,0,1,1,1,1,1,1,1,1,0,1,1,0,1,1,0,1,1,1,1,0,1,1,1,1,0,1,0,0,1,0,1,0,0,1,1,1,1,0,1,0,1,1,0,0,1,0,0,0,0,0,0,0,1,0,1,1,1,0,1,0,1,0,1,0,1,1,1,1
"Capnocytophaga_gingivalis",0,0,0,1,1,0,0,0,0,0,0,0,0,0,0,0,0,0,0,0,0,0,0,0,1,0,1,0,1,1,1,1,1,1,0,0,1,1,1,0,1,1,1,0,0,1,0,0,1,1,1,1,1,0,0,0,0,1,0,0,0,0,0,0,1,1,1,1,0,0,1,1,1,1,0,1,1,1,1,0,0,1,1,1,1,1,1,0,1,1,0,1
"Streptococcus_parasanguinis",0,0,0,0,0,0,0,0,1,0,0,0,1,0,0,0,1,1,0,1,1,1,0,0,1,1,1,0,1,1,0,1,1,1,1,1,0,1,0,0,0,0,0,0,0,0,1,1,0,0,0,1,0,0,0,0,0,0,0,0,0,0,0,1,1,1,1,1,0,1,1,0,1,1,1,1,1,1,1,1,1,1,1,1,1,1,0,1,0,0,0,0
"Neisseria_flavescens",0,1,1,0,0,0,0,1,1,0,0,0,1,1,1,1,1,0,0,1,1,0,0,1,1,1,0,0,1,0,0,1,1,1,0,0,0,0,0,0,0,0,0,0,0,0,0,1,0,0,0,1,0,0,0,0,0,0,0,0,0,1,0,0,1,1,1,1,1,1,1,1,1,1,1,1,1,1,0,0,1,1,1,1,1,1,0,0,1,1,0,0
"Lachnoanaerobaculum_umeaense",0,1,0,1,0,0,1,0,0,0,0,0,0,0,0,0,0,1,0,0,0,0,1,0,0,0,0,0,1,1,0,0,0,1,0,1,0,0,0,0,1,1,1,0,0,1,1,1,1,1,0,1,1,0,0,1,1,0,1,0,1,1,1,1,0,0,0,0,0,1,1,1,1,1,1,1,0,1,1,1,1,0,0,1,1,1,0,0,1,0,1,1
"Prevotella_veroralis",0,0,0,0,1,1,0,0,0,0,0,0,0,0,0,0,0,0,0,0,0,0,0,0,0,0,0,0,1,0,0,1,1,1,0,1,0,0,1,1,1,1,0,0,0,0,1,0,1,1,1,1,1,1,0,0,1,0,0,1,0,0,0,0,0,1,0,1,0,1,1,1,1,1,0,1,1,1,1,1,1,1,0,1,1,1,1,1,0,1,1,1
"Oribacterium_sinus",0,1,0,0,0,0,1,0,0,0,0,0,0,0,0,0,0,0,1,0,1,0,1,1,0,0,0,1,1,1,1,0,0,0,0,0,0,0,0,0,0,0,0,0,1,1,1,0,0,1,0,0,0,1,1,1,1,1,1,1,1,1,1,1,1,1,0,0,1,0,1,0,0,0,1,1,1,1,1,1,1,0,0,0,1,1,1,1,0,1,0,1
"Gemella_sanguinis",0,1,0,0,0,0,1,1,0,0,0,0,0,0,0,0,0,1,1,0,1,1,0,1,1,1,0,0,1,0,0,0,1,1,1,1,0,1,1,0,0,0,0,0,0,0,0,0,0,0,0,0,0,0,0,0,0,0,0,0,0,0,0,0,1,0,1,1,1,1,1,1,1,1,1,1,1,1,1,1,1,1,1,1,1,1,0,1,0,0,0,0
"Lautropia_mirabilis",0,1,1,0,0,0,0,0,1,0,0,0,0,0,0,0,0,0,0,0,0,0,1,0,0,0,0,0,1,1,1,1,1,1,0,0,0,0,0,0,1,1,0,0,0,1,1,1,1,1,1,1,0,1,0,0,0,0,0,0,0,0,0,1,1,1,0,0,1,0,1,1,1,1,0,0,0,1,0,0,0,1,1,0,1,0,1,1,1,1,1,1
"Gemella_haemolysans",1,1,1,0,0,0,0,1,0,1,0,0,0,0,0,0,0,1,1,1,0,0,0,0,1,1,1,1,1,1,1,0,0,1,0,0,0,0,0,0,0,0,0,0,0,1,0,0,0,0,0,0,0,0,0,0,0,0,1,0,0,0,0,1,1,1,0,0,1,1,1,1,1,1,0,0,0,1,1,1,0,1,1,1,1,1,1,0,1,1,0,0
"Rothia_aeria",0,1,1,0,0,1,0,0,0,0,0,0,0,0,0,0,0,1,0,0,1,0,1,0,0,1,0,0,0,1,1,0,1,1,0,0,0,0,0,0,0,0,0,0,0,1,0,1,0,1,1,1,1,1,1,1,0,0,1,0,0,0,0,1,0,1,0,0,1,0,0,0,1,1,0,1,0,1,0,0,0,1,1,1,1,1,1,0,1,0,1,1
"Capnocytophaga_leadbetteri",0,0,1,1,0,1,0,0,0,0,0,0,0,0,0,0,0,0,0,0,0,0,0,0,0,0,1,0,0,0,0,0,0,0,0,0,1,0,1,0,1,1,0,0,1,0,1,0,0,1,1,1,1,0,0,0,1,1,1,0,0,1,0,0,1,1,0,1,0,1,1,1,0,0,0,1,1,0,0,0,0,1,1,1,1,1,1,1,1,1,1,1
"Capnocytophaga_sputigena",0,1,0,1,1,0,0,0,0,0,0,0,0,0,0,0,0,0,0,0,0,0,0,0,0,0,1,0,0,0,0,1,0,1,1,1,0,0,0,0,1,0,0,0,0,1,1,0,1,1,1,1,0,1,0,0,0,0,0,0,0,0,0,1,1,0,1,1,0,0,0,1,0,1,0,0,1,1,1,0,1,1,1,1,1,1,1,1,1,1,1,1
"Eubacterium_sulci",1,1,1,0,1,1,0,0,0,0,0,0,0,0,0,0,0,0,0,0,1,1,1,1,0,0,0,0,1,1,1,0,0,1,0,0,0,0,0,0,1,1,0,0,1,0,1,0,0,0,1,1,0,0,0,0,0,0,0,0,0,0,0,1,1,1,0,0,0,0,0,0,1,1,1,1,1,1,0,0,1,1,1,1,1,1,0,0,1,0,0,1
"Prevotella_oulorum",0,0,0,0,1,0,0,0,0,0,0,0,0,0,0,0,0,0,0,0,0,0,0,0,0,0,0,0,1,0,0,1,1,1,1,1,1,0,1,0,1,1,0,1,0,0,1,1,1,1,1,1,0,0,1,0,1,0,0,0,0,1,1,1,0,0,0,0,0,0,0,0,0,0,1,0,0,1,1,0,1,1,1,0,1,1,1,1,1,1,0,1
"Rothia_dentocariosa",1,0,0,0,0,0,1,1,1,0,0,0,0,0,1,0,0,1,0,1,1,0,0,0,0,0,0,0,0,0,0,0,0,0,0,0,1,0,0,0,0,0,0,0,0,1,1,1,1,1,0,0,1,0,0,0,1,0,0,1,1,1,1,0,0,1,1,0,0,0,1,0,1,0,1,1,0,1,0,0,0,1,1,1,1,1,0,0,0,1,1,1
"Capnocytophaga_ochracea",0,0,0,0,1,0,0,0,0,0,0,0,0,0,0,0,0,0,0,0,0,0,0,0,0,0,0,0,0,1,1,1,1,1,1,0,1,0,1,1,0,0,0,0,0,1,1,1,1,1,0,0,1,1,0,0,0,0,0,0,0,1,1,0,0,0,0,1,0,1,1,1,0,1,0,0,1,0,1,0,0,1,0,0,1,1,1,1,1,1,1,1
"Prevotella_oris",0,0,0,0,0,0,0,0,0,0,0,0,0,0,0,0,0,0,0,0,0,0,0,0,0,0,1,1,1,1,1,0,0,1,1,1,0,1,0,0,0,1,0,0,0,0,1,0,1,0,0,0,1,1,1,1,1,1,0,0,1,1,1,1,0,1,1,1,0,0,0,0,0,0,0,0,0,1,1,0,1,0,0,1,1,1,0,1,0,1,1,1
"Selenomonas_sputigena",0,0,0,1,0,0,0,0,0,0,0,0,0,0,0,0,0,0,0,0,0,0,1,0,0,0,0,0,1,1,1,1,0,0,1,1,1,0,1,1,1,1,1,1,0,1,0,0,0,1,1,1,0,1,0,1,0,0,0,0,0,1,1,0,0,0,0,0,0,0,1,0,0,0,1,1,0,0,0,0,0,0,0,1,1,1,1,1,1,1,0,1
"Veillonella_parvula",1,0,1,1,0,0,1,0,0,0,0,0,0,0,0,0,0,1,1,1,1,0,1,1,0,0,0,0,1,1,0,0,0,1,0,1,0,1,0,0,0,0,0,0,0,0,0,0,0,1,0,0,0,0,0,0,0,0,1,1,0,0,0,1,1,1,1,1,1,0,1,1,1,0,0,0,1,0,1,0,0,0,0,1,1,1,0,0,0,0,1,0
"Catonella_morbi",0,1,1,0,0,0,0,0,0,0,0,0,0,0,0,0,0,0,0,0,0,0,0,0,0,0,0,0,0,0,1,1,0,1,1,1,1,0,1,1,1,0,0,1,1,1,0,0,0,1,1,1,0,1,1,1,0,0,1,1,0,0,0,0,1,0,0,0,0,0,0,0,0,1,1,1,1,1,1,0,1,0,0,1,0,0,0,0,1,0,0,1
"Leptotrichia_buccalis",1,1,1,1,0,0,0,0,0,0,0,0,0,0,0,0,0,0,0,0,0,0,0,0,0,0,0,0,0,1,0,1,0,0,1,0,1,1,1,1,1,1,0,0,0,0,1,1,1,1,1,0,0,0,0,0,0,0,0,0,0,0,0,0,0,0,0,1,0,1,1,1,1,1,0,1,0,0,0,1,1,1,0,0,0,0,0,1,0,1,1,1
"Corynebacterium_matruchotii",1,0,0,0,0,0,0,0,0,0,0,0,0,0,0,0,0,0,0,0,0,0,0,1,0,0,0,0,0,1,0,0,1,0,1,0,1,1,1,0,0,0,1,1,0,0,0,0,1,1,0,0,1,0,1,1,1,1,0,0,0,1,1,0,1,1,0,1,0,0,1,0,0,0,0,0,0,0,1,0,0,1,1,0,1,1,1,1,0,1,0,1
"Streptococcus_mitis",1,1,0,0,0,0,0,1,1,1,0,0,1,0,1,0,1,0,0,1,0,0,1,0,1,0,1,0,0,1,0,0,0,0,0,0,0,1,0,0,0,0,0,0,0,0,0,0,0,0,0,0,0,0,1,0,0,0,0,0,0,0,0,1,0,1,1,0,1,1,0,0,0,1,1,1,0,0,1,0,0,1,1,1,1,1,0,0,0,0,1,1
"Aggregatibacter_segnis",0,0,1,0,0,0,0,0,0,0,0,0,0,0,0,0,0,0,0,0,0,0,0,0,0,0,0,0,1,0,0,1,0,1,0,0,0,0,0,1,0,1,0,0,0,0,1,1,1,1,1,1,1,1,0,0,1,0,0,0,0,0,0,1,1,1,0,0,0,0,1,1,0,1,0,0,0,0,0,0,0,1,1,1,1,1,0,1,1,1,1,1
"Prevotella_loescheii",1,0,0,1,0,0,0,0,0,0,0,0,0,0,0,0,0,0,0,0,0,0,0,0,0,0,0,0,0,1,1,1,1,1,1,1,0,1,1,0,0,0,0,0,1,0,1,0,0,1,1,1,0,0,1,1,1,0,0,0,0,1,0,0,1,0,0,0,0,0,0,0,1,0,0,0,0,0,1,0,0,1,0,0,1,0,1,1,1,1,1,1
"Dialister_invisus",0,0,0,1,0,0,0,0,0,0,0,0,0,0,0,0,0,0,0,0,0,0,0,0,0,0,0,0,1,1,1,1,1,0,1,1,0,1,1,1,1,1,1,1,0,0,0,1,1,0,1,1,1,1,1,0,0,1,0,0,0,1,1,0,0,0,0,0,0,1,0,0,0,0,0,0,0,0,0,1,1,0,0,0,1,1,0,0,0,0,0,0
"Campylobacter_gracilis",0,0,0,0,0,0,0,0,0,0,0,0,0,0,0,0,0,0,0,0,0,0,0,0,0,0,1,0,1,0,1,1,1,0,0,1,0,1,1,0,1,0,0,1,1,0,0,1,1,1,0,1,1,1,1,0,0,0,0,0,0,0,1,0,0,0,0,0,0,0,1,1,0,0,1,1,1,0,1,0,1,0,0,0,1,1,1,1,0,0,0,0
"Streptococcus_salivarius",0,0,0,0,0,0,1,1,0,0,0,0,0,0,0,0,0,1,0,1,1,1,1,0,1,1,1,1,0,1,1,0,0,0,1,0,1,0,0,0,0,0,0,0,0,0,0,0,0,0,0,0,0,0,0,0,0,0,0,0,0,0,0,1,1,0,1,1,1,0,1,0,0,1,0,1,1,1,1,0,0,0,1,1,1,1,0,0,0,0,0,0
"Alloprevotella_rava",0,0,0,0,0,1,1,0,0,0,0,0,0,0,0,0,0,1,1,0,0,0,0,0,0,0,0,0,0,0,0,0,0,0,0,0,1,1,1,1,1,0,0,0,0,1,1,1,1,1,1,0,0,0,1,0,0,0,0,0,0,0,0,0,1,1,0,0,1,1,0,0,0,0,0,0,0,1,0,1,1,1,1,1,1,1,1,0,0,0,0,0
"Corynebacterium_durum",1,0,0,0,0,0,1,0,0,0,0,0,0,0,0,0,0,0,0,0,0,0,0,0,0,0,0,0,1,0,0,0,0,0,1,0,0,0,0,0,0,1,0,1,1,1,1,0,0,1,0,1,1,1,1,1,0,0,1,0,0,0,0,1,1,0,0,0,1,1,0,0,0,0,0,0,0,1,0,0,1,1,1,1,1,1,1,0,0,0,0,1
"Lachnoanaerobaculum_orale",0,0,0,0,0,0,0,0,0,0,0,0,0,0,0,0,0,1,0,0,0,0,0,0,1,0,0,1,0,1,1,1,1,1,1,1,1,1,0,0,0,0,0,0,1,1,0,0,0,0,0,0,0,0,0,0,0,0,0,0,0,0,0,0,1,0,0,0,1,1,1,0,0,1,0,1,1,1,1,0,1,0,0,1,1,1,0,1,0,0,0,0
"Lachnoanaerobaculum_saburreum",1,0,0,0,0,0,0,0,0,0,0,0,0,0,0,0,0,0,0,0,0,0,1,1,0,0,0,1,0,1,1,1,1,1,0,0,1,1,1,0,1,0,0,1,0,0,0,0,0,1,0,0,1,0,0,0,0,0,0,0,0,1,0,0,0,1,0,0,0,0,0,0,0,0,1,1,0,0,1,0,1,1,0,1,1,1,1,1,0,0,0,0
"Gemella_morbillorum",0,1,1,0,0,0,0,0,0,0,0,0,0,0,0,0,0,0,0,0,0,0,0,0,1,0,0,0,1,1,1,1,1,1,1,0,1,0,1,0,0,0,0,0,1,1,0,0,0,0,0,0,0,0,0,0,0,0,0,0,0,0,0,1,1,0,0,0,1,0,1,1,1,1,0,1,0,0,1,0,0,1,0,0,1,1,0,1,0,0,0,0
"Porphyromonas_endodontalis",0,0,0,0,0,0,0,0,0,0,0,0,0,0,0,0,0,0,0,0,0,0,0,0,0,1,0,0,0,0,1,1,0,1,1,1,0,1,1,1,1,0,1,0,0,0,0,0,1,1,1,1,1,1,1,0,0,0,0,0,0,0,0,0,0,1,0,1,0,0,0,0,0,0,1,0,0,0,1,1,1,1,0,0,0,0,1,0,0,0,0,0
"Streptococcus_oralis",1,1,1,0,0,0,0,1,1,1,0,0,0,0,0,0,0,1,0,1,0,0,0,1,0,1,1,0,0,1,1,0,0,0,0,0,0,0,1,0,0,0,0,0,0,0,0,0,0,0,0,0,0,0,1,0,0,0,0,0,0,0,0,0,1,1,1,0,0,1,0,0,0,1,1,0,1,1,0,0,0,0,0,0,0,1,0,0,0,1,0,1
"Veillonella_rogosae",0,1,1,0,0,0,0,0,0,0,0,0,0,0,0,0,0,0,1,0,0,0,0,0,0,0,0,0,1,1,1,0,1,1,1,0,0,0,0,0,0,0,0,0,1,0,0,0,0,0,0,0,0,0,0,0,0,0,0,0,0,0,0,0,0,0,0,0,1,1,1,0,1,1,1,1,1,1,1,1,1,0,1,1,1,0,0,0,0,0,0,0
"Treponema_medium",0,0,0,0,0,0,0,0,0,0,0,0,0,0,0,0,0,0,0,0,0,0,0,0,0,0,0,0,1,0,0,1,1,1,0,1,1,1,1,1,1,0,0,0,1,1,0,0,0,1,1,1,0,1,1,0,0,0,0,0,0,0,0,1,0,0,0,1,0,0,1,0,1,0,1,0,1,0,0,0,1,1,0,0,0,0,0,0,0,0,0,0
"Prevotella_nigrescens",1,0,0,0,0,1,0,0,0,0,0,0,0,0,0,0,0,0,0,0,0,0,0,0,0,1,0,0,1,1,1,0,0,0,0,1,0,0,0,0,1,0,0,1,0,0,0,0,1,0,0,0,1,1,1,0,1,1,0,0,0,1,1,0,0,1,1,1,0,0,0,0,0,0,0,0,0,0,1,0,0,0,0,0,1,0,1,1,0,0,1,0
"Prevotella_denticola",0,0,0,0,0,0,0,0,0,0,0,0,0,0,0,0,0,0,0,0,0,0,0,0,0,0,0,1,1,1,1,0,0,0,1,1,0,0,0,0,0,0,0,0,0,0,1,0,1,0,0,0,1,1,1,0,0,0,0,0,0,1,0,0,0,1,0,1,0,0,1,0,0,0,1,1,0,0,0,0,1,0,0,1,1,1,1,0,0,0,1,1
"Kingella_oralis",0,1,1,1,1,0,0,0,0,0,0,0,0,0,0,0,0,0,0,0,0,0,0,0,0,0,0,0,0,1,0,0,0,0,0,0,1,0,0,0,0,0,0,0,0,0,1,1,1,1,0,1,1,1,0,1,0,0,0,0,0,1,0,0,0,0,1,0,0,0,1,0,0,0,0,0,0,1,1,0,0,0,0,0,1,1,0,0,0,1,1,1
"Cardiobacterium_hominis",0,1,1,0,0,0,0,0,0,0,0,0,0,0,0,0,0,0,0,0,0,0,0,0,0,0,0,0,0,0,1,0,1,1,0,0,1,0,0,0,0,1,0,0,1,1,0,0,0,1,0,1,0,1,0,0,0,0,0,0,0,1,0,0,0,0,1,0,0,0,0,1,1,1,0,0,0,1,0,0,1,1,0,0,1,0,1,1,0,0,1,0
"Prevotella_shahii",0,0,0,0,0,0,0,0,0,0,0,0,0,0,0,0,0,0,0,0,0,0,0,0,0,0,0,0,1,1,0,0,1,1,0,1,1,0,0,0,0,0,1,0,1,0,1,0,0,1,1,1,1,1,0,0,0,0,0,0,0,0,0,0,0,1,0,0,0,0,0,0,0,0,1,0,0,0,0,1,1,1,0,0,1,1,0,0,1,0,0,0
"Selenomonas_noxia",1,1,1,1,0,0,0,0,0,0,0,0,0,0,0,0,0,0,0,0,0,0,1,0,0,0,0,0,1,1,0,0,0,0,1,1,0,0,0,0,0,0,0,1,0,0,0,0,0,1,0,0,0,0,0,0,0,0,0,0,0,0,0,1,0,0,0,0,0,0,1,1,1,0,1,0,0,0,0,0,0,0,0,1,1,1,1,1,0,1,0,0
"Leptotrichia_hongkongensis",1,1,0,0,0,0,0,0,0,0,0,0,0,0,0,0,0,0,0,0,0,0,0,0,0,0,0,0,1,1,0,1,0,0,0,0,1,0,0,0,0,1,0,0,0,0,0,0,1,1,0,0,0,0,1,0,0,0,0,0,0,0,1,0,0,0,0,0,0,0,0,1,0,0,0,1,0,0,1,1,1,1,1,0,1,1,1,0,0,0,0,1
"Alloprevotella_tannerae",0,0,0,0,0,1,0,0,0,0,0,0,0,0,0,0,0,0,0,0,0,0,0,0,0,1,0,0,0,0,0,1,0,0,1,1,0,0,0,0,0,0,0,1,0,1,0,0,0,1,0,0,0,1,1,0,0,0,0,0,0,1,1,0,1,0,1,1,0,0,0,0,1,0,0,0,0,0,1,1,1,1,1,1,0,0,0,0,0,0,0,0
"Neisseria_elongata",1,0,0,0,0,0,0,0,0,0,0,0,0,0,0,0,0,0,0,0,0,0,0,0,0,0,0,0,0,0,0,0,1,1,0,0,0,0,0,0,0,0,0,0,0,0,0,0,0,1,0,0,0,1,0,0,0,0,0,0,0,0,0,1,1,1,1,1,0,0,0,1,0,0,1,0,1,1,0,0,0,1,1,1,1,1,1,1,1,0,0,0
"Fretibacterium_fastidiosum",0,0,0,0,0,0,0,0,0,0,0,0,0,0,0,0,0,0,0,0,0,0,0,0,0,0,0,1,1,0,1,1,1,1,1,1,1,1,1,1,0,1,0,0,1,0,0,0,0,1,1,1,1,0,1,0,0,0,0,0,0,0,0,0,0,0,0,0,0,0,0,0,1,0,1,1,0,0,0,0,0,0,0,0,0,0,0,0,0,0,0,0
"Streptococcus_gordonii",0,1,0,1,0,0,0,0,0,0,0,0,0,0,0,0,0,0,0,0,0,0,0,1,0,0,0,0,0,1,0,0,0,0,0,0,1,0,0,0,0,0,0,0,1,0,0,0,0,0,0,0,1,0,0,0,0,0,0,0,1,1,1,0,1,0,0,0,0,0,0,0,0,0,1,1,1,1,0,0,0,1,1,1,1,1,0,0,0,0,0,1
"Treponema_socranskii",0,0,0,0,0,0,0,0,0,0,0,0,0,0,0,0,0,0,0,0,0,0,0,0,0,0,0,1,1,1,0,1,1,0,1,1,1,1,1,1,1,0,0,0,0,1,0,0,0,0,0,1,1,1,1,0,0,0,0,0,0,0,0,0,0,0,0,0,0,0,0,0,0,0,1,1,1,0,0,0,1,0,0,0,0,0,0,0,0,0,0,0
"Eikenella_corrodens",1,0,0,0,0,1,0,0,0,0,0,0,0,0,0,0,0,0,0,0,0,0,0,0,0,0,0,0,0,0,0,1,1,1,1,1,1,1,0,0,0,0,0,0,0,0,0,0,0,1,0,0,0,0,0,0,0,0,0,0,0,0,0,1,0,0,1,0,0,0,0,1,0,0,0,0,1,1,0,0,0,1,1,0,1,1,1,1,0,0,0,0
"Aggregatibacter_aphrophilus",0,0,1,0,0,0,0,0,0,0,0,0,0,0,0,0,0,0,0,0,0,0,0,0,0,0,0,0,1,1,1,1,0,1,0,1,0,0,0,0,0,0,0,0,1,0,0,0,0,0,0,1,0,0,0,0,0,0,0,0,0,0,0,0,0,0,0,0,1,0,0,1,1,1,0,0,0,0,0,0,0,1,1,1,1,1,0,1,0,0,0,1
"Atopobium_rimae",0,0,0,0,0,0,0,0,0,0,0,0,0,0,0,0,0,0,0,0,0,0,0,0,0,0,0,0,0,1,1,0,1,1,1,0,1,1,0,0,1,1,0,0,0,0,0,0,0,0,1,0,0,1,0,0,0,0,0,0,0,0,1,0,0,1,0,0,0,0,1,0,0,0,1,0,0,1,1,0,0,1,0,0,1,1,0,0,0,0,0,0
