,species,CoreAssociationScore,CoreAssociationScore_16s,CoreAssociationScore_16s_exposure,CoreAssociationScore_WGS
Prevotella_salivae,Prevotella_salivae,1,1,0.995192307692308,0.929919137466307
Atopobium_parvulum,Atopobium_parvulum,0.997260273972603,1,0.988782051282051,0.929919137466307
Prevotella_pallens,Prevotella_pallens,0.994520547945206,0.995695839311334,0.951923076923077,0.929919137466307
Fusobacterium_periodonticum,Fusobacterium_periodonticum,0.991780821917808,0.982783357245337,0.995192307692308,0.956873315363881
Megasphaera_micronuciformis,Megasphaera_micronuciformis,0.989041095890411,0.989956958393113,0.951923076923077,0.897574123989218
Prevotella_melaninogenica,Prevotella_melaninogenica,0.984931506849315,0.989956958393113,0.860576923076923,0.897574123989218
Porphyromonas_catoniae,Porphyromonas_catoniae,0.984931506849315,0.989956958393113,1,0
Veillonella_dispar,Veillonella_dispar,0.980821917808219,0.977044476327116,0.951923076923077,0.956873315363881
Prevotella_histicola,Prevotella_histicola,0.978082191780822,0.982783357245337,0.979166666666667,0.849056603773585
Haemophilus_parainfluenzae,Haemophilus_parainfluenzae,0.975342465753425,0.959827833572453,0.860576923076923,0.994609164420485
Fusobacterium_nucleatum,Fusobacterium_nucleatum,0.972602739726027,0.977044476327116,0.911858974358974,0.849056603773585
Streptococcus_thermophilus,Streptococcus_thermophilus,0.96986301369863,0.972740315638451,0.951923076923077,0
Actinomyces_graevenitzii,Actinomyces_graevenitzii,0.965753424657534,0.93687230989957,0.979166666666667,0.929919137466307
Campylobacter_concisus,Campylobacter_concisus,0.965753424657534,0.965566714490674,0.719551282051282,0.897574123989218
Actinomyces_odontolyticus,Actinomyces_odontolyticus,0.958904109589041,0.965566714490674,0.793269230769231,0.849056603773585
Rothia_mucilaginosa,Rothia_mucilaginosa,0.958904109589041,0.919655667144907,0.911858974358974,0.986522911051213
Prevotella_nanceiensis,Prevotella_nanceiensis,0.958904109589041,0.96987087517934,0.951923076923077,NA
Streptococcus_sanguinis,Streptococcus_sanguinis,0.947945205479452,0.945480631276901,0.860576923076923,0.873315363881402
Tannerella_forsythia,Tannerella_forsythia,0.947945205479452,0.945480631276901,0.951923076923077,0.78167115902965
Peptostreptococcus_stomatis,Peptostreptococcus_stomatis,0.947945205479452,0.954088952654232,0.951923076923077,0.676549865229111
Veillonella_atypica,Veillonella_atypica,0.947945205479452,0.919655667144907,0.793269230769231,0.975741239892183
Stomatobaculum_longum,Stomatobaculum_longum,0.947945205479452,0.954088952654232,0.911858974358974,0.78167115902965
Actinomyces_lingnae,Actinomyces_lingnae,0.938356164383562,0.959827833572453,0.911858974358974,NA
Leptotrichia_wadei,Leptotrichia_wadei,0.938356164383562,0.93687230989957,0.951923076923077,0.78167115902965
Solobacterium_moorei,Solobacterium_moorei,0.932876712328767,0.945480631276901,0.951923076923077,0.566037735849057
Parvimonas_micra,Parvimonas_micra,0.932876712328767,0.945480631276901,0.911858974358974,0.676549865229111
Capnocytophaga_gingivalis,Capnocytophaga_gingivalis,0.928767123287671,0.926829268292683,0.951923076923077,0.78167115902965
Streptococcus_parasanguinis,Streptococcus_parasanguinis,0.923287671232877,0.890961262553802,0.860576923076923,0.975741239892183
Neisseria_flavescens,Neisseria_flavescens,0.923287671232877,0.882352941176471,0.719551282051282,1
Lachnoanaerobaculum_umeaense,Lachnoanaerobaculum_umeaense,0.923287671232877,0.926829268292683,0.988782051282051,0
Prevotella_veroralis,Prevotella_veroralis,0.916438356164384,0.932568149210904,0.860576923076923,0.676549865229111
Oribacterium_sinus,Oribacterium_sinus,0.916438356164384,0.926829268292683,0.860576923076923,0.78167115902965
Gemella_sanguinis,Gemella_sanguinis,0.912328767123288,0.875179340028694,0.911858974358974,0.929919137466307
Lautropia_mirabilis,Lautropia_mirabilis,0.908219178082192,0.913916786226686,0.793269230769231,0.676549865229111
Gemella_haemolysans,Gemella_haemolysans,0.908219178082192,0.898134863701578,0.793269230769231,0.873315363881402
Rothia_aeria,Rothia_aeria,0.901369863013699,0.913916786226686,0.61698717948718,0.78167115902965
Capnocytophaga_leadbetteri,Capnocytophaga_leadbetteri,0.901369863013699,0.908177905308465,0.793269230769231,0.676549865229111
Capnocytophaga_sputigena,Capnocytophaga_sputigena,0.901369863013699,0.902439024390244,0.860576923076923,0.676549865229111
Eubacterium_sulci,Eubacterium_sulci,0.894520547945206,0.890961262553802,0.793269230769231,0.849056603773585
Prevotella_oulorum,Prevotella_oulorum,0.894520547945206,0.902439024390244,0.911858974358974,0
Rothia_dentocariosa,Rothia_dentocariosa,0.887671232876712,0.847919655667145,0.911858974358974,0.929919137466307
Capnocytophaga_ochracea,Capnocytophaga_ochracea,0.887671232876712,0.908177905308465,0.719551282051282,0.566037735849057
Prevotella_oris,Prevotella_oris,0.887671232876712,0.882352941176471,0.860576923076923,0.78167115902965
Selenomonas_sputigena,Selenomonas_sputigena,0.882191780821918,0.875179340028694,0.979166666666667,0
Veillonella_parvula,Veillonella_parvula,0.878082191780822,0.835007173601148,0.951923076923077,0.897574123989218
Catonella_morbi,Catonella_morbi,0.878082191780822,0.890961262553802,0.860576923076923,0
Leptotrichia_buccalis,Leptotrichia_buccalis,0.872602739726027,0.868005738880918,0.911858974358974,0.566037735849057
Corynebacterium_matruchotii,Corynebacterium_matruchotii,0.872602739726027,0.847919655667145,0.951923076923077,0.78167115902965
Streptococcus_mitis,Streptococcus_mitis,0.865753424657534,0.823529411764706,0.719551282051282,0.967654986522911
Aggregatibacter_segnis,Aggregatibacter_segnis,0.865753424657534,0.890961262553802,0.61698717948718,0.566037735849057
Prevotella_loescheii,Prevotella_loescheii,0.865753424657534,0.875179340028694,0.860576923076923,0
Dialister_invisus,Dialister_invisus,0.857534246575342,0.847919655667145,0.979166666666667,0
Campylobacter_gracilis,Campylobacter_gracilis,0.857534246575342,0.857962697274032,0.951923076923077,0
Streptococcus_salivarius,Streptococcus_salivarius,0.857534246575342,0.823529411764706,0.793269230769231,0.929919137466307
Alloprevotella_rava,Alloprevotella_rava,0.850684931506849,0.857962697274032,0.860576923076923,0.566037735849057
Corynebacterium_durum,Corynebacterium_durum,0.850684931506849,0.863701578192252,0.860576923076923,0
Lachnoanaerobaculum_orale,Lachnoanaerobaculum_orale,0.845205479452055,0.857962697274032,0.860576923076923,NA
Lachnoanaerobaculum_saburreum,Lachnoanaerobaculum_saburreum,0.845205479452055,0.839311334289814,0.860576923076923,0.676549865229111
Gemella_morbillorum,Gemella_morbillorum,0.841095890410959,0.868005738880918,0.61698717948718,0
Porphyromonas_endodontalis,Porphyromonas_endodontalis,0.836986301369863,0.809182209469154,0.860576923076923,0.78167115902965
Streptococcus_oralis,Streptococcus_oralis,0.836986301369863,0.773314203730273,0.719551282051282,0.956873315363881
Veillonella_rogosae,Veillonella_rogosae,0.83013698630137,0.847919655667145,0.719551282051282,0
Treponema_medium,Treponema_medium,0.83013698630137,0.823529411764706,0.860576923076923,0.566037735849057
Prevotella_nigrescens,Prevotella_nigrescens,0.83013698630137,0.773314203730273,0.911858974358974,0.849056603773585
Prevotella_denticola,Prevotella_denticola,0.821917808219178,0.823529411764706,0.719551282051282,0.676549865229111
Kingella_oralis,Kingella_oralis,0.821917808219178,0.823529411764706,0.793269230769231,0.566037735849057
Cardiobacterium_hominis,Cardiobacterium_hominis,0.821917808219178,0.839311334289814,0.61698717948718,0.566037735849057
Prevotella_shahii,Prevotella_shahii,0.80958904109589,0.809182209469154,0.719551282051282,0.566037735849057
Selenomonas_noxia,Selenomonas_noxia,0.80958904109589,0.78909612625538,0.911858974358974,0
Leptotrichia_hongkongensis,Leptotrichia_hongkongensis,0.80958904109589,0.823529411764706,0.719551282051282,NA
Alloprevotella_tannerae,Alloprevotella_tannerae,0.80958904109589,0.773314203730273,0.793269230769231,0.78167115902965
Neisseria_elongata,Neisseria_elongata,0.80958904109589,0.78909612625538,0.719551282051282,0.78167115902965
Fretibacterium_fastidiosum,Fretibacterium_fastidiosum,0.80958904109589,0.823529411764706,0.719551282051282,0
Streptococcus_gordonii,Streptococcus_gordonii,0.797260273972603,0.78909612625538,0.793269230769231,0.566037735849057
Treponema_socranskii,Treponema_socranskii,0.797260273972603,0.800573888091822,0.793269230769231,0
Eikenella_corrodens,Eikenella_corrodens,0.797260273972603,0.773314203730273,0.860576923076923,0.566037735849057
Aggregatibacter_aphrophilus,Aggregatibacter_aphrophilus,0.79041095890411,0.809182209469154,0.61698717948718,0
Atopobium_rimae,Atopobium_rimae,0.79041095890411,0.75609756097561,0.911858974358974,0.566037735849057
Filifactor_alocis,Filifactor_alocis,0.782191780821918,0.741750358680057,0.793269230769231,0.78167115902965
Capnocytophaga_granulosa,Capnocytophaga_granulosa,0.782191780821918,0.773314203730273,0.793269230769231,0
Abiotrophia_defectiva,Abiotrophia_defectiva,0.782191780821918,0.800573888091822,0.61698717948718,0
Leptotrichia_trevisanii,Leptotrichia_trevisanii,0.782191780821918,0.773314203730273,0.793269230769231,NA
Eubacterium_yurii,Eubacterium_yurii,0.76986301369863,0.800573888091822,0,0
Leptotrichia_shahii,Leptotrichia_shahii,0.76986301369863,0.763271162123386,0.793269230769231,NA
Prevotella_maculosa,Prevotella_maculosa,0.76986301369863,0.75609756097561,0.860576923076923,0
Selenomonas_infelix,Selenomonas_infelix,0.76986301369863,0.78909612625538,0.61698717948718,0
Leptotrichia_goodfellowii,Leptotrichia_goodfellowii,0.76986301369863,0.78909612625538,0.61698717948718,0
Treponema_denticola,Treponema_denticola,0.757534246575343,0.741750358680057,0.719551282051282,0.676549865229111
Streptococcus_pneumoniae,Streptococcus_pneumoniae,0.757534246575343,0.741750358680057,0.860576923076923,0
Campylobacter_showae,Campylobacter_showae,0.757534246575343,0.75609756097561,0.61698717948718,0.676549865229111
Granulicatella_elegans,Granulicatella_elegans,0.757534246575343,0.75609756097561,0.719551282051282,0.566037735849057
Leptotrichia_hofstadii,Leptotrichia_hofstadii,0.749315068493151,0.727403156384505,0.719551282051282,0.676549865229111
Streptococcus_infantis,Streptococcus_infantis,0.749315068493151,0.634146341463415,0,0.986522911051213
Eubacterium_brachy,Eubacterium_brachy,0.741095890410959,0.717360114777618,0.61698717948718,0.78167115902965
Prevotella_intermedia,Prevotella_intermedia,0.741095890410959,0.704447632711621,0.719551282051282,0.78167115902965
Haemophilus_influenzae,Haemophilus_influenzae,0.741095890410959,0.741750358680057,0.719551282051282,0
Selenomonas_artemidis,Selenomonas_artemidis,0.741095890410959,0.717360114777618,0.860576923076923,0
Haemophilus_sputorum,Haemophilus_sputorum,0.731506849315068,0.727403156384505,0.719551282051282,0
Centipeda_periodontii,Centipeda_periodontii,0.731506849315068,0.741750358680057,0.61698717948718,0
Actinomyces_naeslundii,Actinomyces_naeslundii,0.731506849315068,0.741750358680057,0.61698717948718,0
Granulicatella_adiacens,Granulicatella_adiacens,0.720547945205479,0.704447632711621,0.793269230769231,0
Porphyromonas_gingivalis,Porphyromonas_gingivalis,0.720547945205479,0.704447632711621,0.719551282051282,0.566037735849057
Dialister_pneumosintes,Dialister_pneumosintes,0.720547945205479,0.704447632711621,0.793269230769231,0
Haemophilus_pittmaniae,Haemophilus_pittmaniae,0.720547945205479,0.717360114777618,0.719551282051282,0
Treponema_vincentii,Treponema_vincentii,0.720547945205479,0.688665710186514,0.793269230769231,0.566037735849057
Anaeroglobus_geminatus,Anaeroglobus_geminatus,0.706849315068493,0.688665710186514,0.793269230769231,0
Cardiobacterium_valvarum,Cardiobacterium_valvarum,0.706849315068493,0.727403156384505,0,0
Propionibacterium_propionicum,Propionibacterium_propionicum,0.706849315068493,0.727403156384505,0,0
Eubacterium_infirmum,Eubacterium_infirmum,0.706849315068493,0.675753228120517,0.793269230769231,0.566037735849057
Neisseria_mucosa,Neisseria_mucosa,0.706849315068493,0.688665710186514,0.793269230769231,0
Haemophilus_haemolyticus,Haemophilus_haemolyticus,0.698630136986301,0.704447632711621,0,0.566037735849057
Eubacterium_nodatum,Eubacterium_nodatum,0.693150684931507,0.661406025824964,0.61698717948718,0.676549865229111
Prevotella_saccharolytica,Prevotella_saccharolytica,0.693150684931507,0.688665710186514,0.61698717948718,0
Streptococcus_lactarius,Streptococcus_lactarius,0.693150684931507,0.704447632711621,0,NA
Treponema_amylovorum,Treponema_amylovorum,0.683561643835616,0.661406025824964,0.719551282051282,NA
Actinomyces_massiliensis,Actinomyces_massiliensis,0.683561643835616,0.688665710186514,0,0
Streptococcus_anginosus,Streptococcus_anginosus,0.683561643835616,0.661406025824964,0.719551282051282,NA
Selenomonas_dianae,Selenomonas_dianae,0.683561643835616,0.661406025824964,0.719551282051282,NA
Schwartzia_succinivorans,Schwartzia_succinivorans,0.671232876712329,0.661406025824964,0.61698717948718,NA
Neisseria_oralis,Neisseria_oralis,0.671232876712329,0.675753228120517,0,NA
Prevotella_aurantiaca,Prevotella_aurantiaca,0.671232876712329,0.675753228120517,0,NA
Actinomyces_georgiae,Actinomyces_georgiae,0.671232876712329,0.675753228120517,0,0
Streptococcus_mutans,Streptococcus_mutans,0.671232876712329,0.634146341463415,0.793269230769231,0
Neisseria_meningitidis,Neisseria_meningitidis,0.66027397260274,0.661406025824964,0,0
Olsenella_profusa,Olsenella_profusa,0.66027397260274,0.649928263988522,0.61698717948718,0
Treponema_maltophilum,Treponema_maltophilum,0.66027397260274,0.634146341463415,0.719551282051282,0
Actinomyces_oris,Actinomyces_oris,0.645205479452055,0.447632711621234,0,0.873315363881402
Actinomyces_meyeri,Actinomyces_meyeri,0.645205479452055,0.634146341463415,0.61698717948718,0
Peptococcus_niger,Peptococcus_niger,0.645205479452055,0.634146341463415,0.61698717948718,NA
Shuttleworthia_satelles,Shuttleworthia_satelles,0.645205479452055,0.649928263988522,0,0
Neisseria_subflava,Neisseria_subflava,0.645205479452055,0.609756097560976,0.61698717948718,0.566037735849057
Streptococcus_australis,Streptococcus_australis,0.645205479452055,0.571018651362984,0.61698717948718,0.676549865229111
Streptococcus_peroris,Streptococcus_peroris,0.645205479452055,0.634146341463415,0.61698717948718,0
Porphyromonas_somerae,Porphyromonas_somerae,0.645205479452055,0,0,0.897574123989218
Eubacterium_saphenum,Eubacterium_saphenum,0.621917808219178,0.571018651362984,0,0.676549865229111
Streptococcus_cristatus,Streptococcus_cristatus,0.621917808219178,0.525107604017217,0,0.78167115902965
Planobacterium_taklimakanense,Planobacterium_taklimakanense,0.621917808219178,0.634146341463415,0,NA
Prevotella_pleuritidis,Prevotella_pleuritidis,0.621917808219178,0.571018651362984,0.61698717948718,0.566037735849057
Streptobacillus_moniliformis,Streptobacillus_moniliformis,0.621917808219178,0.609756097560976,0.61698717948718,NA
Scardovia_wiggsiae,Scardovia_wiggsiae,0.621917808219178,0.571018651362984,0.719551282051282,0
Kingella_denitrificans,Kingella_denitrificans,0.621917808219178,0.634146341463415,0,0
Veillonella_tobetsuensis,Veillonella_tobetsuensis,0.621917808219178,0.634146341463415,0,0
Actinomyces_sp_ICM47,Actinomyces_sp_ICM47,0.621917808219178,NA,NA,0.873315363881402
Prevotella_baroniae,Prevotella_baroniae,0.591780821917808,0.571018651362984,0.61698717948718,0
Bacillus_pumilus,Bacillus_pumilus,0.591780821917808,0.609756097560976,0,NA
Orientia_tsutsugamushi,Orientia_tsutsugamushi,0.591780821917808,0.609756097560976,0,NA
Olsenella_uli,Olsenella_uli,0.591780821917808,0.571018651362984,0.61698717948718,0
Prevotella_copri,Prevotella_copri,0.591780821917808,0.571018651362984,0.61698717948718,0
Brachymonas_denitrificans,Brachymonas_denitrificans,0.591780821917808,0.609756097560976,0,NA
Prevotella_oralis,Prevotella_oralis,0.591780821917808,0.571018651362984,0.61698717948718,0
Treponema_lecithinolyticum,Treponema_lecithinolyticum,0.591780821917808,0.571018651362984,0.61698717948718,0
Selenomonas_flueggei,Selenomonas_flueggei,0.591780821917808,0.571018651362984,0.61698717948718,0
Haemophilus_parahaemolyticus,Haemophilus_parahaemolyticus,0.591780821917808,0.609756097560976,0,0
Prevotella_micans,Prevotella_micans,0.591780821917808,0.609756097560976,0,0
Streptococcus_suis,Streptococcus_suis,0.591780821917808,0.609756097560976,0,NA
Prevotella_jejuni,Prevotella_jejuni,0.591780821917808,0.447632711621234,0,0.78167115902965
Mogibacterium_diversum,Mogibacterium_diversum,0.552054794520548,0.447632711621234,0,0.676549865229111
Actinomyces_gerencseriae,Actinomyces_gerencseriae,0.552054794520548,0.571018651362984,0,NA
Slackia_exigua,Slackia_exigua,0.552054794520548,0.571018651362984,0,0
Streptococcus_oligofermentans,Streptococcus_oligofermentans,0.552054794520548,0.571018651362984,0,NA
Phocaeicola_abscessus,Phocaeicola_abscessus,0.552054794520548,0.525107604017217,0.61698717948718,NA
Campylobacter_rectus,Campylobacter_rectus,0.552054794520548,0,0,0.78167115902965
Prevotella_buccae,Prevotella_buccae,0.552054794520548,0.525107604017217,0.61698717948718,0
Mogibacterium_timidum,Mogibacterium_timidum,0.552054794520548,0.571018651362984,0,0
Neisseria_bacilliformis,Neisseria_bacilliformis,0.552054794520548,0.571018651362984,0,0
Veillonella_caviae,Veillonella_caviae,0.552054794520548,0.571018651362984,0,NA
Ruminococcus_bromii,Ruminococcus_bromii,0.552054794520548,0.571018651362984,0,0
Dorea_longicatena,Dorea_longicatena,0.552054794520548,0.571018651362984,0,0
Faecalibacterium_prausnitzii,Faecalibacterium_prausnitzii,0.552054794520548,0.571018651362984,0,0
Prevotella_sp_oral_taxon_306,Prevotella_sp_oral_taxon_306,0.552054794520548,NA,NA,0.78167115902965
Veillonella_infantium,Veillonella_infantium,0.552054794520548,NA,NA,0.78167115902965
Veillonella_sp_T11011_6,Veillonella_sp_T11011_6,0.552054794520548,NA,NA,0.78167115902965
Neisseria_sicca,Neisseria_sicca,0.505479452054794,0,0,0.676549865229111
Prevotella_enoeca,Prevotella_enoeca,0.505479452054794,0.525107604017217,0,0
Terrahaemophilus_aromaticivorans,Terrahaemophilus_aromaticivorans,0.505479452054794,0.525107604017217,0,NA
Mycoplasma_faucium,Mycoplasma_faucium,0.505479452054794,0.447632711621234,0.61698717948718,NA
Treponema_pedis,Treponema_pedis,0.505479452054794,0.447632711621234,0.61698717948718,NA
Eubacterium_rectale,Eubacterium_rectale,0.505479452054794,0.525107604017217,0,0
Bulleidia_extructa,Bulleidia_extructa,0.505479452054794,0.447632711621234,0.61698717948718,0
Capnocytophaga_haemolytica,Capnocytophaga_haemolytica,0.505479452054794,0.525107604017217,0,0
Streptococcus_constellatus,Streptococcus_constellatus,0.505479452054794,0.525107604017217,0,NA
Streptococcus_pyogenes,Streptococcus_pyogenes,0.505479452054794,0.447632711621234,0.61698717948718,0
Johnsonella_ignava,Johnsonella_ignava,0.505479452054794,0.525107604017217,0,0
Anaerostipes_hadrus,Anaerostipes_hadrus,0.505479452054794,0.525107604017217,0,NA
Catenibacterium_mitsuokai,Catenibacterium_mitsuokai,0.505479452054794,0.525107604017217,0,NA
Collinsella_aerofaciens,Collinsella_aerofaciens,0.505479452054794,0.525107604017217,0,0
Prevotella_stercorea,Prevotella_stercorea,0.505479452054794,0.525107604017217,0,0
Aggregatibacter_sp_oral_taxon_458,Aggregatibacter_sp_oral_taxon_458,0.505479452054794,NA,NA,0.676549865229111
Leptotrichia_sp_oral_taxon_215,Leptotrichia_sp_oral_taxon_215,0.505479452054794,NA,NA,0.676549865229111
Actinomyces_sp_HMSC035G02,Actinomyces_sp_HMSC035G02,0.505479452054794,NA,NA,0.676549865229111
Acinetobacter_johnsonii,Acinetobacter_johnsonii,0.423287671232877,0.447632711621234,0,0
Megasphaera_elsdenii,Megasphaera_elsdenii,0.423287671232877,0.447632711621234,0,0
Bergeyella_zoohelcum,Bergeyella_zoohelcum,0.423287671232877,0.447632711621234,0,NA
Actinomyces_hyovaginalis,Actinomyces_hyovaginalis,0.423287671232877,0.447632711621234,0,NA
Prevotella_marshii,Prevotella_marshii,0.423287671232877,0,0.61698717948718,0
Actinobacillus_rossii,Actinobacillus_rossii,0.423287671232877,0.447632711621234,0,NA
Neisseria_shayeganii,Neisseria_shayeganii,0.423287671232877,0.447632711621234,0,NA
Streptococcus_agalactiae,Streptococcus_agalactiae,0.423287671232877,0.447632711621234,0,NA
Bacteroides_intestinalis,Bacteroides_intestinalis,0.423287671232877,0.447632711621234,0,0
Acinetobacter_lwoffii,Acinetobacter_lwoffii,0.423287671232877,0.447632711621234,0,NA
Kingella_potus,Kingella_potus,0.423287671232877,0.447632711621234,0,NA
Soonwooa_buanensis,Soonwooa_buanensis,0.423287671232877,0.447632711621234,0,NA
Bacillus_cereus,Bacillus_cereus,0.423287671232877,0.447632711621234,0,NA
Pasteurella_pneumotropica,Pasteurella_pneumotropica,0.423287671232877,0.447632711621234,0,NA
Butyrivibrio_fibrisolvens,Butyrivibrio_fibrisolvens,0.423287671232877,0.447632711621234,0,NA
Prevotella_ruminicola,Prevotella_ruminicola,0.423287671232877,0.447632711621234,0,NA
Klebsiella_pneumoniae,Klebsiella_pneumoniae,0.423287671232877,0,0.61698717948718,0
Propionibacterium_acnes,Propionibacterium_acnes,0.423287671232877,0.447632711621234,0,0
Escherichia_coli,Escherichia_coli,0.423287671232877,0.447632711621234,0,0
Eggerthia_catenaformis,Eggerthia_catenaformis,0.423287671232877,0,0.61698717948718,0
Cryptobacterium_curtum,Cryptobacterium_curtum,0.423287671232877,0.447632711621234,0,0
Lactococcus_lactis,Lactococcus_lactis,0.423287671232877,0.447632711621234,0,0
Morococcus_cerebrosus,Morococcus_cerebrosus,0.423287671232877,0.447632711621234,0,0
Treponema_succinifaciens,Treponema_succinifaciens,0.423287671232877,0,0.61698717948718,NA
Veillonella_denticariosi,Veillonella_denticariosi,0.423287671232877,0.447632711621234,0,0
Neisseria_canis,Neisseria_canis,0.423287671232877,0.447632711621234,0,0
Actinomyces_turicensis,Actinomyces_turicensis,0.423287671232877,0.447632711621234,0,NA
Sneathia_sanguinegens,Sneathia_sanguinegens,0.423287671232877,0,0.61698717948718,NA
Pseudomonas_putida,Pseudomonas_putida,0.423287671232877,0.447632711621234,0,NA
Bacteroides_vulgatus,Bacteroides_vulgatus,0.423287671232877,0.447632711621234,0,0
Dialister_succinatiphilus,Dialister_succinatiphilus,0.423287671232877,0.447632711621234,0,NA
Blautia_luti,Blautia_luti,0.423287671232877,0.447632711621234,0,NA
Eubacterium_hallii,Eubacterium_hallii,0.423287671232877,0.447632711621234,0,NA
Eubacterium_biforme,Eubacterium_biforme,0.423287671232877,0.447632711621234,0,0
Bifidobacterium_longum,Bifidobacterium_longum,0.423287671232877,0.447632711621234,0,0
Bacteroides_coprocola,Bacteroides_coprocola,0.423287671232877,0.447632711621234,0,0
Bacteroides_thetaiotaomicron,Bacteroides_thetaiotaomicron,0.423287671232877,0.447632711621234,0,0
Parabacteroides_goldsteinii,Parabacteroides_goldsteinii,0.423287671232877,0.447632711621234,0,NA
Methylobacterium_jeotgali,Methylobacterium_jeotgali,0.423287671232877,0.447632711621234,0,NA
Lachnospiraceae_bacterium_oral_taxon_096,Lachnospiraceae_bacterium_oral_taxon_096,0.423287671232877,NA,NA,0.566037735849057
Actinomyces_sp_oral_taxon_181,Actinomyces_sp_oral_taxon_181,0.423287671232877,NA,NA,0.566037735849057
Oribacterium_parvum,Oribacterium_parvum,0.423287671232877,NA,NA,0.566037735849057
Aggregatibacter_actinomycetemcomitans,Aggregatibacter_actinomycetemcomitans,0,0,0,0
Butyrivibrio_hungatei,Butyrivibrio_hungatei,0,0,0,NA
Streptococcus_vestibularis,Streptococcus_vestibularis,0,0,0,0
Clostridium_ruminantium,Clostridium_ruminantium,0,0,0,NA
Bradyrhizobium_elkanii,Bradyrhizobium_elkanii,0,0,0,NA
Neisseria_cinerea,Neisseria_cinerea,0,0,0,0
Actinomyces_howellii,Actinomyces_howellii,0,0,0,NA
Actinobacillus_minor,Actinobacillus_minor,0,0,0,NA
Haemophilus_haemoglobinophilus,Haemophilus_haemoglobinophilus,0,0,0,NA
Prevotella_scopos,Prevotella_scopos,0,0,0,0
Veillonella_montpellierensis,Veillonella_montpellierensis,0,0,0,NA
Moraxella_lacunata,Moraxella_lacunata,0,0,0,NA
Propionigenium_maris,Propionigenium_maris,0,0,0,NA
Actinomyces_bowdenii,Actinomyces_bowdenii,0,0,0,NA
Actinobaculum_massiliense,Actinobaculum_massiliense,0,0,0,NA
Mannheimia_granulomatis,Mannheimia_granulomatis,0,0,0,NA
Ornatilinea_apprima,Ornatilinea_apprima,0,0,0,NA
Neisseria_pharyngis,Neisseria_pharyngis,0,0,0,NA
Lactobacillus_johnsonii,Lactobacillus_johnsonii,0,0,0,0
Dialister_propionicifaciens,Dialister_propionicifaciens,0,0,0,NA
Mycoplasma_hyosynoviae,Mycoplasma_hyosynoviae,0,0,0,NA
Azospira_oryzae,Azospira_oryzae,0,0,0,NA
Alysiella_crassa,Alysiella_crassa,0,0,0,NA
Prevotella_dentalis,Prevotella_dentalis,0,0,0,0
Acidithiobacillus_thiooxidans,Acidithiobacillus_thiooxidans,0,0,0,NA
Corynebacterium_jeikeium,Corynebacterium_jeikeium,0,0,0,NA
Acinetobacter_baumannii,Acinetobacter_baumannii,0,0,0,0
Treponema_refringens,Treponema_refringens,0,0,0,NA
Campylobacter_curvus,Campylobacter_curvus,0,0,0,0
Prevotella_bivia,Prevotella_bivia,0,0,0,0
Mycoplasma_feliminutum,Mycoplasma_feliminutum,0,0,0,NA
Treponema_parvum,Treponema_parvum,0,0,0,NA
Barnesiella_intestinihominis,Barnesiella_intestinihominis,0,0,0,NA
Bacteroides_stercoris,Bacteroides_stercoris,0,0,0,NA
Bifidobacterium_dentium,Bifidobacterium_dentium,0,0,0,0
Gemmatimonas_aurantiaca,Gemmatimonas_aurantiaca,0,0,0,NA
Streptococcus_sobrinus,Streptococcus_sobrinus,0,0,0,0
Pseudomonas_stutzeri,Pseudomonas_stutzeri,0,0,0,NA
Acinetobacter_junii,Acinetobacter_junii,0,0,0,0
Bacteroides_acidifaciens,Bacteroides_acidifaciens,0,0,0,NA
Prevotella_amnii,Prevotella_amnii,0,0,0,0
Treponema_bryantii,Treponema_bryantii,0,0,0,NA
Odoribacter_denticanis,Odoribacter_denticanis,0,0,0,NA
Bacteroides_heparinolyticus,Bacteroides_heparinolyticus,0,0,0,0
Prevotella_paludivivens,Prevotella_paludivivens,0,0,0,NA
Bacteroides_zoogleoformans,Bacteroides_zoogleoformans,0,0,0,0
Natranaerovirga_hydrolytica,Natranaerovirga_hydrolytica,0,0,0,NA
Mogibacterium_neglectum,Mogibacterium_neglectum,0,0,0,NA
Campylobacter_mucosalis,Campylobacter_mucosalis,0,0,0,0
Peptoniphilus_lacrimalis,Peptoniphilus_lacrimalis,0,0,0,0
Eubacterium_minutum,Eubacterium_minutum,0,0,0,0
Sporanaerobacter_acetigenes,Sporanaerobacter_acetigenes,0,0,0,NA
Desulfomicrobium_orale,Desulfomicrobium_orale,0,0,0,0
Lactobacillus_ruminis,Lactobacillus_ruminis,0,0,0,0
Helicobacter_pylori,Helicobacter_pylori,0,0,0,NA
Gemella_palaticanis,Gemella_palaticanis,0,0,0,NA
Actinomyces_viscosus,Actinomyces_viscosus,0,0,0,0
Desulfovibrio_fairfieldensis,Desulfovibrio_fairfieldensis,0,0,0,NA
Prevotella_multisaccharivorax,Prevotella_multisaccharivorax,0,0,0,0
Streptococcus_sinensis,Streptococcus_sinensis,0,0,0,0
Gemella_cuniculi,Gemella_cuniculi,0,0,0,NA
Desulfobulbus_propionicus,Desulfobulbus_propionicus,0,0,0,NA
Corynebacterium_tuberculostearicum,Corynebacterium_tuberculostearicum,0,0,0,NA
Corynebacterium_argentoratense,Corynebacterium_argentoratense,0,0,0,0
Howardella_ureilytica,Howardella_ureilytica,0,0,0,NA
Snodgrassella_alvi,Snodgrassella_alvi,0,0,0,NA
Clostridium_hathewayi,Clostridium_hathewayi,0,0,0,NA
Propionibacterium_acidifaciens,Propionibacterium_acidifaciens,0,0,0,0
Gardnerella_vaginalis,Gardnerella_vaginalis,0,0,0,0
Parascardovia_denticolens,Parascardovia_denticolens,0,0,0,0
Prevotella_falsenii,Prevotella_falsenii,0,0,0,NA
Gemella_bergeri,Gemella_bergeri,0,0,0,0
Selenomonas_ruminantium,Selenomonas_ruminantium,0,0,0,NA
Veillonella_ratti,Veillonella_ratti,0,0,0,NA
Desulfobulbus_rhabdoformis,Desulfobulbus_rhabdoformis,0,0,0,NA
Lactobacillus_mucosae,Lactobacillus_mucosae,0,0,0,0
Eubacterium_ramulus,Eubacterium_ramulus,0,0,0,NA
Ralstonia_solanacearum,Ralstonia_solanacearum,0,0,0,NA
Paraprevotella_clara,Paraprevotella_clara,0,0,0,NA
Actinobacillus_porcinus,Actinobacillus_porcinus,0,0,0,NA
Pseudomonas_aeruginosa,Pseudomonas_aeruginosa,0,0,0,NA
Stenotrophomonas_maltophilia,Stenotrophomonas_maltophilia,0,0,0,0
Anaerovorax_odorimutans,Anaerovorax_odorimutans,0,0,0,NA
Megamonas_funiformis,Megamonas_funiformis,0,0,0,0
Wolinella_succinogenes,Wolinella_succinogenes,0,0,0,NA
Lactobacillus_frumenti,Lactobacillus_frumenti,0,0,0,NA
Neisseria_macacae,Neisseria_macacae,0,0,0,0
Moraxella_osloensis,Moraxella_osloensis,0,0,0,0
Streptococcus_intermedius,Streptococcus_intermedius,0,0,0,NA
Pyramidobacter_piscolens,Pyramidobacter_piscolens,0,0,0,0
Lactobacillus_reuteri,Lactobacillus_reuteri,0,0,0,0
Mycoplasma_salivarium,Mycoplasma_salivarium,0,0,0,NA
Mobiluncus_curtisii,Mobiluncus_curtisii,0,0,0,NA
Simonsiella_muelleri,Simonsiella_muelleri,0,0,0,0
Actinomyces_oricola,Actinomyces_oricola,0,0,0,NA
Barnesiella_viscericola,Barnesiella_viscericola,0,0,0,NA
Leptotrichia_amnionii,Leptotrichia_amnionii,0,0,0,0
Conchiformibius_steedae,Conchiformibius_steedae,0,0,0,NA
Porphyromonas_uenonis,Porphyromonas_uenonis,0,0,0,0
Prevotella_fusca,Prevotella_fusca,0,0,0,0
Veillonella_rodentium,Veillonella_rodentium,0,0,0,0
Alkaliphilus_crotonatoxidans,Alkaliphilus_crotonatoxidans,0,0,0,NA
Bilophila_wadsworthia,Bilophila_wadsworthia,0,0,0,0
Streptococcus_equinus,Streptococcus_equinus,0,0,0,NA
Lactobacillus_salivarius,Lactobacillus_salivarius,0,0,0,0
Lactobacillus_crispatus,Lactobacillus_crispatus,0,0,0,0
Moraxella_bovoculi,Moraxella_bovoculi,0,0,0,NA
Atopobium_minutum,Atopobium_minutum,0,0,0,0
Clostridium_aminobutyricum,Clostridium_aminobutyricum,0,0,0,NA
Porphyromonas_gulae,Porphyromonas_gulae,0,0,0,NA
Saccharofermentans_acetigenes,Saccharofermentans_acetigenes,0,0,0,NA
Actinomyces_cardiffensis,Actinomyces_cardiffensis,0,0,0,0
Rhodococcus_erythropolis,Rhodococcus_erythropolis,0,0,0,0
Mobiluncus_mulieris,Mobiluncus_mulieris,0,0,0,NA
Lactobacillus_vaginalis,Lactobacillus_vaginalis,0,0,0,0
Mycoplasma_orale,Mycoplasma_orale,0,0,0,NA
Prevotella_corporis,Prevotella_corporis,0,0,0,NA
Selenomonas_bovis,Selenomonas_bovis,0,0,0,NA
Chryseobacterium_kwangjuense,Chryseobacterium_kwangjuense,0,0,0,NA
Lactobacillus_delbrueckii,Lactobacillus_delbrueckii,0,0,0,0
Lactobacillus_fermentum,Lactobacillus_fermentum,0,0,0,0
Clostridium_ultunense,Clostridium_ultunense,0,0,0,NA
Prevotella_timonensis,Prevotella_timonensis,0,0,0,0
Atopobium_vaginae,Atopobium_vaginae,0,0,0,0
Sediminibacterium_salmoneum,Sediminibacterium_salmoneum,0,0,0,NA
Intestinimonas_butyriciproducens,Intestinimonas_butyriciproducens,0,0,0,NA
Actinomyces_timonensis,Actinomyces_timonensis,0,0,0,NA
Acinetobacter_calcoaceticus,Acinetobacter_calcoaceticus,0,0,0,NA
Corynebacterium_kroppenstedtii,Corynebacterium_kroppenstedtii,0,0,0,0
Moraxella_boevrei,Moraxella_boevrei,0,0,0,NA
Micrococcus_luteus,Micrococcus_luteus,0,0,0,0
Elizabethkingia_meningoseptica,Elizabethkingia_meningoseptica,0,0,0,NA
Fusobacterium_russii,Fusobacterium_russii,0,0,0,NA
Alloscardovia_omnicolens,Alloscardovia_omnicolens,0,0,0,0
Staphylococcus_epidermidis,Staphylococcus_epidermidis,0,0,0,0
Neisseria_lactamica,Neisseria_lactamica,0,0,0,0
Mannheimia_haemolytica,Mannheimia_haemolytica,0,0,0,NA
Pseudoramibacter_alactolyticus,Pseudoramibacter_alactolyticus,0,0,0,0
Porphyromonas_asaccharolytica,Porphyromonas_asaccharolytica,0,0,0,0
Treponema_pectinovorum,Treponema_pectinovorum,0,0,0,NA
Treponema_putidum,Treponema_putidum,0,0,0,0
Dialister_micraerophilus,Dialister_micraerophilus,0,0,0,0
Chryseobacterium_piscicola,Chryseobacterium_piscicola,0,0,0,NA
Fusobacterium_canifelinum,Fusobacterium_canifelinum,0,0,0,NA
Neisseria_dentiae,Neisseria_dentiae,0,0,0,NA
Agrobacterium_tumefaciens,Agrobacterium_tumefaciens,0,0,0,0
Lactobacillus_gasseri,Lactobacillus_gasseri,0,0,0,0
Prevotella_albensis,Prevotella_albensis,0,0,0,NA
Rothia_terrae,Rothia_terrae,0,0,0,NA
Achromobacter_xylosoxidans,Achromobacter_xylosoxidans,0,0,0,NA
Ruminofilibacter_xylanolyticum,Ruminofilibacter_xylanolyticum,0,0,0,NA
Finegoldia_magna,Finegoldia_magna,0,0,0,NA
Prevotella_multiformis,Prevotella_multiformis,0,0,0,0
Actinomyces_israelii,Actinomyces_israelii,0,0,0,NA
Lactobacillus_oris,Lactobacillus_oris,0,0,0,0
Bergeriella_denitrificans,Bergeriella_denitrificans,0,0,0,NA
Paludibacter_propionicigenes,Paludibacter_propionicigenes,0,0,0,NA
Bryobacter_aggregatus,Bryobacter_aggregatus,0,0,0,NA
Scardovia_inopinata,Scardovia_inopinata,0,0,0,0
Streptococcus_pseudopneumoniae,Streptococcus_pseudopneumoniae,0,0,0,0
Butyrivibrio_proteoclasticus,Butyrivibrio_proteoclasticus,0,0,0,NA
Lactobacillus_iners,Lactobacillus_iners,0,0,0,0
Lactobacillus_helveticus,Lactobacillus_helveticus,0,0,0,0
Moryella_indoligenes,Moryella_indoligenes,0,0,0,NA
Murdochiella_asaccharolytica,Murdochiella_asaccharolytica,0,0,0,NA
Actinobaculum_schaalii,Actinobaculum_schaalii,0,0,0,NA
Gemmiger_formicilis,Gemmiger_formicilis,0,0,0,0
Roseburia_hominis,Roseburia_hominis,0,0,0,0
Eubacterium_coprostanoligenes,Eubacterium_coprostanoligenes,0,0,0,NA
Bacteroides_plebeius,Bacteroides_plebeius,0,0,0,0
Fusobacterium_necrophorum,Fusobacterium_necrophorum,0,0,0,0
Streptococcus_uberis,Streptococcus_uberis,0,0,0,NA
Turicibacter_sanguinis,Turicibacter_sanguinis,0,0,0,NA
Bacteroides_uniformis,Bacteroides_uniformis,0,0,0,0
Flavonifractor_plautii,Flavonifractor_plautii,0,0,0,NA
Parabacteroides_merdae,Parabacteroides_merdae,0,0,0,NA
Ruminococcus_gnavus,Ruminococcus_gnavus,0,0,0,NA
Coprococcus_eutactus,Coprococcus_eutactus,0,0,0,0
Pseudomonas_fluorescens,Pseudomonas_fluorescens,0,0,0,NA
Lactobacillus_casei,Lactobacillus_casei,0,0,0,NA
Actinomyces_funkei,Actinomyces_funkei,0,0,0,NA
Bacillus_subtilis,Bacillus_subtilis,0,0,0,NA
Peptostreptococcus_anaerobius,Peptostreptococcus_anaerobius,0,0,0,0
Lactobacillus_amylovorus,Lactobacillus_amylovorus,0,0,0,NA
Lactobacillus_rhamnosus,Lactobacillus_rhamnosus,0,0,0,0
Neisseria_perflava,Neisseria_perflava,0,0,0,0
Roseburia_faecis,Roseburia_faecis,0,0,0,0
Peptostreptococcus_russellii,Peptostreptococcus_russellii,0,0,0,NA
Bifidobacterium_breve,Bifidobacterium_breve,0,0,0,NA
Alistipes_putredinis,Alistipes_putredinis,0,0,0,0
Staphylococcus_aureus,Staphylococcus_aureus,0,0,0,0
Veillonella_magna,Veillonella_magna,0,0,0,NA
Dolosigranulum_pigrum,Dolosigranulum_pigrum,0,0,0,0
Eubacterium_siraeum,Eubacterium_siraeum,0,0,0,NA
Akkermansia_muciniphila,Akkermansia_muciniphila,0,0,0,NA
Blautia_faecis,Blautia_faecis,0,0,0,NA
Bacteroides_caccae,Bacteroides_caccae,0,0,0,NA
Campylobacter_lanienae,Campylobacter_lanienae,0,0,0,NA
Phascolarctobacterium_succinatutens,Phascolarctobacterium_succinatutens,0,0,0,0
Ruminococcus_flavefaciens,Ruminococcus_flavefaciens,0,0,0,NA
Vagococcus_lutrae,Vagococcus_lutrae,0,0,0,NA
Enterococcus_faecalis,Enterococcus_faecalis,0,0,0,0
Bacteroides_pyogenes,Bacteroides_pyogenes,0,0,0,NA
Actinomyces_suimastitidis,Actinomyces_suimastitidis,0,0,0,NA
Prevotella_bergensis,Prevotella_bergensis,0,0,0,NA
Eubacterium_eligens,Eubacterium_eligens,0,0,0,0
Parabacteroides_distasonis,Parabacteroides_distasonis,0,0,0,NA
Anaerococcus_octavius,Anaerococcus_octavius,0,0,0,NA
Roseburia_inulinivorans,Roseburia_inulinivorans,0,0,0,0
Streptococcus_massiliensis,Streptococcus_massiliensis,0,0,0,NA
Lactobacillus_plantarum,Lactobacillus_plantarum,0,0,0,0
Prevotella_disiens,Prevotella_disiens,0,0,0,0
Coprococcus_comes,Coprococcus_comes,0,0,0,NA
Oscillibacter_valericigenes,Oscillibacter_valericigenes,0,0,0,NA
Necropsobacter_rosorum,Necropsobacter_rosorum,0,0,0,NA
Riemerella_anatipestifer,Riemerella_anatipestifer,0,0,0,NA
Ottowia_pentelensis,Ottowia_pentelensis,0,0,0,NA
Alistipes_shahii,Alistipes_shahii,0,0,0,NA
Enterococcus_faecium,Enterococcus_faecium,0,0,0,NA
Alistipes_finegoldii,Alistipes_finegoldii,0,0,0,0
Acidaminococcus_intestini,Acidaminococcus_intestini,0,0,0,0
Granulicatella_balaenopterae,Granulicatella_balaenopterae,0,0,0,NA
Parasutterella_excrementihominis,Parasutterella_excrementihominis,0,0,0,NA
Bacteroides_dorei,Bacteroides_dorei,0,0,0,NA
Clostridium_disporicum,Clostridium_disporicum,0,0,0,NA
Ruminococcus_torques,Ruminococcus_torques,0,0,0,0
Mycoplasma_spermatophilum,Mycoplasma_spermatophilum,0,0,0,NA
Enterococcus_italicus,Enterococcus_italicus,0,0,0,NA
Actinomyces_radicidentis,Actinomyces_radicidentis,0,0,0,0
Actinomyces_johnsonii,Actinomyces_johnsonii,0,0,0,0
Clostridium_lactatifermentans,Clostridium_lactatifermentans,0,0,0,NA
Bacteroides_ovatus,Bacteroides_ovatus,0,0,0,NA
Bacteroides_eggerthii,Bacteroides_eggerthii,0,0,0,NA
Eubacterium_desmolans,Eubacterium_desmolans,0,0,0,NA
Clostridium_hylemonae,Clostridium_hylemonae,0,0,0,NA
Fusicatenibacter_saccharivorans,Fusicatenibacter_saccharivorans,0,0,0,NA
Kingella_kingae,Kingella_kingae,0,0,0,0
Phascolarctobacterium_faecium,Phascolarctobacterium_faecium,0,0,0,NA
Sutterella_wadsworthensis,Sutterella_wadsworthensis,0,0,0,NA
Bacteroides_fragilis,Bacteroides_fragilis,0,0,0,NA
Ruminococcus_albus,Ruminococcus_albus,0,0,0,NA
Bacteroides_massiliensis,Bacteroides_massiliensis,0,0,0,NA
Clostridium_symbiosum,Clostridium_symbiosum,0,0,0,NA
Dorea_formicigenerans,Dorea_formicigenerans,0,0,0,NA
Ruminococcus_obeum,Ruminococcus_obeum,0,0,0,NA
Oscillospira_guilliermondii,Oscillospira_guilliermondii,0,0,0,NA
Roseburia_intestinalis,Roseburia_intestinalis,0,0,0,0
Actinobacillus_succinogenes,Actinobacillus_succinogenes,0,0,0,NA
Clostridium_ramosum,Clostridium_ramosum,0,0,0,NA
Haemophilus_parasuis,Haemophilus_parasuis,0,0,0,NA
Veillonella_criceti,Veillonella_criceti,0,0,0,NA
Clostridium_leptum,Clostridium_leptum,0,0,0,NA
Odoribacter_splanchnicus,Odoribacter_splanchnicus,0,0,0,NA
Lactobacillus_animata,Lactobacillus_animata,0,0,0,NA
Clostridium_bartlettii,Clostridium_bartlettii,0,0,0,NA
Pseudoflavonifractor_capillosus,Pseudoflavonifractor_capillosus,0,0,0,NA
Coprococcus_catus,Coprococcus_catus,0,0,0,NA
Clostridium_scindens,Clostridium_scindens,0,0,0,NA
Bacteroides_cellulosilyticus,Bacteroides_cellulosilyticus,0,0,0,NA
Eubacterium_ventriosum,Eubacterium_ventriosum,0,0,0,NA
Streptococcus_troglodytae,Streptococcus_troglodytae,0,0,0,NA
Haemophilus_quentini,Haemophilus_quentini,0,0,0,0
Ruminococcus_callidus,Ruminococcus_callidus,0,0,0,NA
Neisseria_sp_oral_taxon_014,Neisseria_sp_oral_taxon_014,0,NA,NA,0
Prevotella_sp_oral_taxon_473,Prevotella_sp_oral_taxon_473,0,NA,NA,0
Tannerella_sp_oral_taxon_HOT_286,Tannerella_sp_oral_taxon_HOT_286,0,NA,NA,0
Streptococcus_sp_A12,Streptococcus_sp_A12,0,NA,NA,0
