"","Predicted","Actual"
"Cardiobacterium_hominis",0.812186681844052,1
"Streptococcus_sanguinis",0.628001759196978,0.99601593625498
"Eikenella_corrodens",0.772722111553785,0.99203187250996
"Corynebacterium_durum",0.430678132540261,0.98804780876494
"Porphyromonas_catoniae",0.778543369431038,0.98406374501992
"Prevotella_loescheii",0.723692850430636,0.9800796812749
"Lautropia_mirabilis",0.517498269831472,0.974103585657371
"Capnocytophaga_ochracea",0.778006316884139,0.974103585657371
"Prevotella_oulorum",0.191765108026674,0.968127490039841
"Veillonella_parvula",0.716583536654416,0.960159362549801
"Gemella_morbillorum",0.693523826770838,0.960159362549801
"Aggregatibacter_segnis",0.658987499613947,0.960159362549801
"Capnocytophaga_granulosa",0.84188149363331,0.944223107569721
"Capnocytophaga_leadbetteri",0.863183213093572,0.944223107569721
"Cardiobacterium_valvarum",0.557810905139771,0.944223107569721
"Actinomyces_naeslundii",0.555788729945584,0.936254980079681
"Leptotrichia_wadei",0.536453417836818,0.932270916334661
"Actinomyces_massiliensis",0.590515952276684,0.928286852589641
"Campylobacter_showae",0.787181746650574,0.918326693227092
"Prevotella_saccharolytica",0.636633607414314,0.918326693227092
"Neisseria_flavescens",0.340581380153146,0.910358565737052
"Actinomyces_odontolyticus",0.54734610248146,0.904382470119522
"Rothia_aeria",0.739462271035976,0.900398406374502
"Neisseria_elongata",0.780185922974768,0.896414342629482
"Haemophilus_parainfluenzae",0.751165284218318,0.892430278884462
"Kingella_oralis",0.696729984146983,0.886454183266932
"Campylobacter_concisus",0.812657324233006,0.886454183266932
"Fusobacterium_periodonticum",0.653797082731346,0.878486055776892
"Granulicatella_adiacens",0.632847527269838,0.866533864541833
"Lachnoanaerobaculum_saburreum",0.51225457646538,0.866533864541833
"Veillonella_atypica",0.509534606114951,0.866533864541833
"Haemophilus_haemolyticus",0.623584805629141,0.866533864541833
"Leptotrichia_buccalis",0.731443456941465,0.856573705179283
"Corynebacterium_matruchotii",0.597653393425423,0.852589641434263
"Campylobacter_gracilis",0.551904350682377,0.848605577689243
"Selenomonas_noxia",0.388157398262105,0.844621513944223
"Gemella_haemolysans",0.704008858003621,0.838645418326693
"Propionibacterium_propionicum",0.492956613067582,0.838645418326693
"Prevotella_melaninogenica",0.477793175125585,0.832669322709163
"Streptococcus_pneumoniae",0.533306404942781,0.828685258964143
"Veillonella_rogosae",0.335242171967237,0.824701195219124
"Streptococcus_cristatus",0.602823864359912,0.798804780876494
"Leptotrichia_hofstadii",0.545130374163549,0.798804780876494
"Actinomyces_viscosus",0.251369159181611,0.798804780876494
"Prevotella_intermedia",0.579513786957433,0.798804780876494
"Haemophilus_influenzae",0.425182786349996,0.798804780876494
"Granulicatella_elegans",0.511534132153167,0.798804780876494
"Streptococcus_thermophilus",0.241120004211627,0.798804780876494
"Streptococcus_anginosus",0.731943167500936,0.798804780876494
"Lachnoanaerobaculum_umeaense",0.606735866451549,0.798804780876494
"Kingella_denitrificans",0.718593660548422,0.798804780876494
"Selenomonas_artemidis",0.607779350915896,0.770916334661355
"Actinomyces_johnsonii",0.52268024946627,0.770916334661355
"Solobacterium_moorei",0.653965325910968,0.764940239043825
"Aggregatibacter_aphrophilus",0.724429319758005,0.760956175298805
"Streptococcus_mitis",0.704252151136911,0.756972111553785
"Streptococcus_parasanguinis",0.767630787710581,0.749003984063745
"Eubacterium_yurii",0.582182441894547,0.745019920318725
"Fusobacterium_nucleatum",0.610925649254832,0.741035856573705
"Atopobium_parvulum",0.57868093645731,0.733067729083665
"Oribacterium_sinus",0.551230186629765,0.733067729083665
"Streptococcus_gordonii",0.747633173029951,0.733067729083665
"Leptotrichia_hongkongensis",0.596668579305964,0.725099601593626
"Streptococcus_oralis",0.771725608278113,0.721115537848606
"Treponema_medium",0.55246821512596,0.717131474103586
"Treponema_maltophilum",0.436990349712262,0.713147410358566
"Aggregatibacter_actinomycetemcomitans",0.302763445308021,0.709163346613546
"Rothia_dentocariosa",0.758755853777871,0.705179282868526
"Capnocytophaga_gingivalis",0.802454258957263,0.701195219123506
"Actinomyces_oris",0.732141016988512,0.693227091633466
"Streptococcus_intermedius",0.69498806705545,0.683266932270916
"Gemella_sanguinis",0.782486213962248,0.683266932270916
"Stomatobaculum_longum",0.617984579373382,0.683266932270916
"Prevotella_pallens",0.601575415509678,0.651394422310757
"Campylobacter_rectus",0.494653116588903,0.651394422310757
"Leptotrichia_trevisanii",0.701814122219673,0.651394422310757
"Streptococcus_lactarius",0.353945970503949,0.651394422310757
"Treponema_vincentii",0.614108144818636,0.651394422310757
"Stenotrophomonas_maltophilia",0.405464339823803,0.617529880478088
"Abiotrophia_defectiva",0.478171053432273,0.617529880478088
"Paludibacter_propionicigenes",0.16964347737256,0.617529880478088
"Atopobium_rimae",0.490995681140982,0.617529880478088
"Veillonella_dispar",0.752140846242641,0.597609561752988
"Olsenella_uli",0.434993448193043,0.593625498007968
"Porphyromonas_gingivalis",0.494010489051546,0.589641434262948
"Rothia_mucilaginosa",0.590889774236388,0.585657370517928
"Prevotella_oralis",0.374160423523298,0.581673306772908
"Prevotella_oris",0.516316423196105,0.577689243027888
"Peptococcus_niger",0.486186468000829,0.571713147410359
"Actinomyces_graevenitzii",0.756617796890041,0.565737051792829
"Peptostreptococcus_stomatis",0.562184970100764,0.557768924302789
"Prevotella_nigrescens",0.504231243524072,0.553784860557769
"Leptotrichia_shahii",0.46994260784577,0.543824701195219
"Actinomyces_hongkongensis",0.538667523119012,0.543824701195219
"Megasphaera_micronuciformis",0.609532182381585,0.533864541832669
"Prevotella_micans",0.341557426209142,0.529880478087649
"Porphyromonas_endodontalis",0.68654807294121,0.525896414342629
"Prevotella_maculosa",0.305760699255657,0.52191235059761
"Eubacterium_sulci",0.505405449492972,0.51394422310757
"Treponema_socranskii",0.329242636246791,0.50996015936255
"Anaeroglobus_geminatus",0.35984441106249,0.50398406374502
"Alloprevotella_tannerae",0.261923048546554,0.50398406374502
"Catonella_morbi",0.53463652315944,0.49800796812749
"Propionibacterium_acidifaciens",0.0811650263631943,0.49203187250996
"Dialister_invisus",0.538921856433914,0.48605577689243
"Streptococcus_mutans",0.445576783773995,0.48207171314741
"Tannerella_forsythia",0.298591593223067,0.47808764940239
"Filifactor_alocis",0.671528196560326,0.474103585657371
"Slackia_exigua",0.503658029100673,0.470119521912351
"Treponema_denticola",0.442371511185176,0.466135458167331
"Parvimonas_micra",0.647098024568393,0.460159362549801
"Eubacterium_brachy",0.437617155399291,0.460159362549801
"Dialister_pneumosintes",0.430467937772719,0.454183266932271
"Eubacterium_nodatum",0.401832098130774,0.450199203187251
"Streptococcus_infantis",0.402736366362507,0.442231075697211
"Prevotella_salivae",0.49466513789802,0.434262948207171
"Prevotella_histicola",0.338000996015936,0.430278884462151
"Streptococcus_constellatus",0.68796812749004,0.426294820717131
"Prevotella_denticola",0.39177284943068,0.422310756972112
"Propionibacterium_acnes",0.434759051226787,0.414342629482072
"Neisseria_macacae",0.239385902084545,0.406374501992032
"Megasphaera_elsdenii",0.243293238610185,0.342629482071713
"Lachnoanaerobaculum_orale",0.563023020228162,0.342629482071713
"Selenomonas_ruminantium",0.238158355588634,0.342629482071713
"Prevotella_ruminicola",0.0431740419911066,0.342629482071713
"Conchiformibius_steedae",0.199142182418169,0.342629482071713
"Porphyromonas_uenonis",0.511665959436416,0.342629482071713
"Fusobacterium_canifelinum",0.448160238626645,0.342629482071713
"Haemophilus_pittmaniae",0.28457930313261,0.342629482071713
"Prevotella_multiformis",0.378388210382651,0.342629482071713
"Vagococcus_lutrae",0.181975080706982,0.342629482071713
"Anaerococcus_octavius",0.451158689779142,0.342629482071713
"Bifidobacterium_longum",0.230572325368905,0.342629482071713
"Streptococcus_troglodytae",0.43371632832067,0.294820717131474
"Treponema_pedis",0.421880873591245,0.290836653386454
"Lactobacillus_johnsonii",0.366975365015582,0.258964143426295
"Streptococcus_sobrinus",0.479194301226467,0.258964143426295
"Desulfovibrio_fairfieldensis",0.167938742268495,0.258964143426295
"Lactobacillus_reuteri",0.234837660850849,0.258964143426295
"Simonsiella_muelleri",0.313851391454665,0.258964143426295
"Staphylococcus_epidermidis",0.205342837559133,0.258964143426295
"Neisseria_lactamica",0.372330186828444,0.258964143426295
"Streptococcus_peroris",0.43083201086092,0.258964143426295
"Streptococcus_suis",0.345563125648666,0.258964143426295
"Actinomyces_turicensis",0.285912674089964,0.258964143426295
"Neisseria_gonorrhoeae",0.0594212403573317,0.258964143426295
"Actinomyces_radicidentis",0.175202156334231,0.258964143426295
"Corynebacterium_mustelae",0.035249248975262,0.258964143426295
"Prevotella_buccae",0.226278314771218,0.219123505976096
"Prevotella_jejuni",0.415645304088306,0.207171314741036
"Prevotella_pleuritidis",0.467357256367787,0.199203187250996
"Streptococcus_vestibularis",0.2974759498591,0
"Acinetobacter_johnsonii",0.0749070912118712,0
"Neisseria_sicca",0.549400139554775,0
"Cloacibacterium_normanense",0.172167815225583,0
"Actinomyces_howellii",0.156525769580852,0
"Prevotella_scopos",0.321279916565622,0
"Bacillus_pumilus",0.102009129693758,0
"Actinobaculum_massiliense",0.139733304226018,0
"Mannheimia_granulomatis",0.198946105062814,0
"Prevotella_veroralis",0.453951153597466,0
"Azospira_oryzae",0.0851181607825387,0
"Prevotella_dentalis",0.181186769774833,0
"Corynebacterium_jeikeium",0.161538934480501,0
"Campylobacter_curvus",0.42956959173811,0
"Treponema_parvum",0.450285001299151,0
"Neisseria_shayeganii",0.181720011147121,0
"Bifidobacterium_dentium",0.228253110745424,0
"Bacteroides_acidifaciens",0.246170363590682,0
"Bacteroides_intestinalis",0.24188949828392,0
"Prevotella_copri",0.212982660552757,0
"Bacteroides_heparinolyticus",0.0783836656872071,0
"Campylobacter_mucosalis",0.277996191335288,0
"Kingella_potus",0.366838577891823,0
"Helicobacter_pylori",0.211931440903054,0
"Desulfobulbus_propionicus",0.164976896068693,0
"Gardnerella_vaginalis",0.30371003836936,0
"Parascardovia_denticolens",0.228958895600394,0
"Streptobacillus_moniliformis",0.29667153366552,0
"Pseudomonas_aeruginosa",0.115740127591359,0
"Treponema_lecithinolyticum",0.256954978659337,0
"Pyramidobacter_piscolens",0.382327402717896,0
"Prevotella_fusca",0.16223714717557,0
"Veillonella_rodentium",0.43217922829231,0
"Bulleidia_extructa",0.445205223550243,0
"Haemophilus_parahaemolyticus",0.546681878211991,0
"Lactobacillus_salivarius",0.0985108879550283,0
"Capnocytophaga_haemolytica",0.42012100989134,0
"Actinomyces_cardiffensis",0.267314585668468,0
"Escherichia_coli",0.194492059772116,0
"Lactobacillus_vaginalis",0.323775879036654,0
"Lactobacillus_fermentum",0.292819976922909,0
"Neisseria_subflava",0.338890577562593,0
"Cryptobacterium_curtum",0.310735331653886,0
"Lactococcus_lactis",0.306889256269156,0
"Streptococcus_australis",0.773076121196831,0
"Scardovia_wiggsiae",0.179494353413414,0
"Micrococcus_luteus",0.186114191881124,0
"Morococcus_cerebrosus",0.190405427002591,0
"Streptococcus_salivarius",0.421099218943435,0
"Neisseria_meningitidis",0.140351259868179,0
"Treponema_putidum",0.495715475804568,0
"Neisseria_mucosa",0.599708388667552,0
"Neisseria_dentiae",0.135959153710575,0
"Treponema_succinifaciens",0.227366445329791,0
"Neisseria_bacilliformis",0.457659128743243,0
"Agrobacterium_tumefaciens",0.191511572756592,0
"Rothia_terrae",0.156104943108452,0
"Finegoldia_magna",0.5019517634411,0
"Neisseria_canis",0.20328168593637,0
"Actinomyces_israelii",0.290961050313514,0
"Veillonella_tobetsuensis",0.595546360656664,0
"Streptococcus_pseudopneumoniae",0.356054255201417,0
"Lactobacillus_iners",0.235405459142713,0
"Pseudomonas_putida",0.106055592445034,0
"Actinobaculum_schaalii",0.172356461599489,0
"Dialister_succinatiphilus",0.411744828595224,0
"Ruminococcus_bromii",0.321606730970853,0
"Variovorax_paradoxus",0.185898408154691,0
"Enterococcus_faecium",0.216181001259132,0
