"","HAC_Score","HAC_Score_RankScaled","HAC_group"
"Fusobacterium_periodonticum",0.961771097029821,1,"group10"
"Solobacterium_moorei",0.93409585402192,0.997991967871486,"group10"
"Eubacterium_sulci",0.913087368508042,0.995983935742972,"group10"
"Actinomyces_graevenitzii",0.887417778548831,0.993975903614458,"group10"
"Gemella_sanguinis",0.863880848443032,0.991967871485944,"group10"
"Lachnoanaerobaculum_umeaense",0.8630010423637,0.98995983935743,"group10"
"Campylobacter_concisus",0.849267620605092,0.987951807228916,"group10"
"Prevotella_oulorum",0.847264080043338,0.985943775100402,"group10"
"Veillonella_parvula",0.832945697176178,0.983935742971888,"group10"
"Veillonella_rogosae",0.831047357401757,0.981927710843373,"group10"
"Cardiobacterium_hominis",0.82584763740975,0.979919678714859,"group10"
"Capnocytophaga_gingivalis",0.817526788569253,0.977911646586345,"group10"
"Neisseria_elongata",0.814521397594179,0.975903614457831,"group10"
"Prevotella_shahii",0.812917751348353,0.973895582329317,"group10"
"Haemophilus_parainfluenzae",0.805341835934648,0.971887550200803,"group10"
"Prevotella_melaninogenica",0.804294754721427,0.969879518072289,"group10"
"Leptotrichia_goodfellowii",0.797754768728342,0.967871485943775,"group10"
"Campylobacter_showae",0.785112111167363,0.965863453815261,"group10"
"Capnocytophaga_leadbetteri",0.78067019136141,0.963855421686747,"group10"
"Prevotella_salivae",0.76849925879975,0.961847389558233,"group10"
"Streptococcus_infantis",0.766902292379959,0.959839357429719,"group10"
"Prevotella_maculosa",0.763458247304251,0.957831325301205,"group10"
"Leptotrichia_hongkongensis",0.75776585399739,0.955823293172691,"group10"
"Atopobium_parvulum",0.757634165640786,0.953815261044177,"group10"
"Leptotrichia_hofstadii",0.752962000364454,0.951807228915663,"group10"
"Porphyromonas_catoniae",0.743411013144574,0.949799196787149,"group10"
"Haemophilus_pittmaniae",0.73496931760943,0.947791164658635,"group10"
"Prevotella_pallens",0.733283987587899,0.94578313253012,"group10"
"Streptococcus_lactarius",0.728289387757501,0.943775100401606,"group10"
"Actinomyces_odontolyticus",0.727663997670894,0.941767068273092,"group10"
"Oribacterium_sinus",0.726584096349492,0.939759036144578,"group10"
"Stomatobaculum_longum",0.726204730179862,0.937751004016064,"group10"
"Propionibacterium_propionicum",0.725085533378198,0.93574297188755,"group10"
"Prevotella_loescheii",0.719450231920249,0.933734939759036,"group10"
"Prevotella_aurantiaca",0.712426438798123,0.931726907630522,"group10"
"Cardiobacterium_valvarum",0.708239891748957,0.929718875502008,"group10"
"Capnocytophaga_ochracea",0.705355557021817,0.927710843373494,"group10"
"Neisseria_meningitidis",0.703923223502485,0.92570281124498,"group10"
"Prevotella_veroralis",0.702242035555096,0.923694779116466,"group10"
"Peptostreptococcus_stomatis",0.700130604137053,0.921686746987952,"group10"
"Alloprevotella_tannerae",0.698000225274247,0.919678714859438,"group10"
"Megasphaera_micronuciformis",0.690687192688365,0.917670682730924,"group10"
"Actinomyces_massiliensis",0.68231961041167,0.91566265060241,"group10"
"Capnocytophaga_granulosa",0.670953588627351,0.913654618473896,"group10"
"Neisseria_flavescens",0.667814857439003,0.911646586345382,"group10"
"Catonella_morbi",0.666468858659644,0.909638554216867,"group10"
"Corynebacterium_durum",0.664817589891584,0.907630522088353,"group10"
"Prevotella_histicola",0.663932948636018,0.905622489959839,"group10"
"Corynebacterium_matruchotii",0.662089397981891,0.903614457831325,"group10"
"Eubacterium_yurii",0.649556619321841,0.901606425702811,"group10"
"Orientia_tsutsugamushi",0.647939169314226,0.899598393574297,"group9"
"Mogibacterium_diversum",0.642214688316659,0.897590361445783,"group9"
"Haemophilus_sputorum",0.641688479350301,0.893574297188755,"group9"
"Prevotella_saccharolytica",0.641273223330547,0.891566265060241,"group9"
"Streptococcus_australis",0.640575107708471,0.889558232931727,"group9"
"Veillonella_tobetsuensis",0.635956350203144,0.885542168674699,"group9"
"Neisseria_subflava",0.629347132944859,0.883534136546185,"group9"
"Lachnoanaerobaculum_saburreum",0.627936891833595,0.881526104417671,"group9"
"Streptobacillus_moniliformis",0.624425472342973,0.879518072289157,"group9"
"Selenomonas_dianae",0.623079518343142,0.877510040160643,"group9"
"Shuttleworthia_satelles",0.61692046201154,0.873493975903614,"group9"
"Filifactor_alocis",0.616896512821422,0.8714859437751,"group9"
"Leptotrichia_trevisanii",0.613565901030319,0.869477911646586,"group9"
"Leptotrichia_buccalis",0.610677280010684,0.867469879518072,"group9"
"Capnocytophaga_sputigena",0.600404592476194,0.863453815261044,"group9"
"Veillonella_atypica",0.596477928223894,0.86144578313253,"group9"
"Leptotrichia_wadei",0.59417816240824,0.859437751004016,"group9"
"Neisseria_oralis",0.594130731626839,0.857429718875502,"group9"
"Tannerella_forsythia",0.59343077339285,0.855421686746988,"group9"
"Treponema_vincentii",0.591095508022028,0.853413654618474,"group9"
"Capnocytophaga_haemolytica",0.587926210894962,0.85140562248996,"group9"
"Rothia_aeria",0.586262921600756,0.849397590361446,"group9"
"Porphyromonas_gingivalis",0.582208475289406,0.847389558232932,"group9"
"Aggregatibacter_segnis",0.572924326011071,0.84136546184739,"group9"
"Atopobium_rimae",0.571639949417041,0.839357429718876,"group9"
"Selenomonas_noxia",0.570970971083642,0.837349397590361,"group9"
"Haemophilus_haemolyticus",0.564938191544715,0.835341365461847,"group9"
"Selenomonas_infelix",0.563734021789299,0.833333333333333,"group9"
"Schwartzia_succinivorans",0.56163499991214,0.831325301204819,"group9"
"Streptococcus_salivarius",0.556818814110246,0.825301204819277,"group9"
"Selenomonas_sputigena",0.556468304200427,0.823293172690763,"group9"
"Planobacterium_taklimakanense",0.556229551608069,0.821285140562249,"group9"
"Treponema_amylovorum",0.55502166968753,0.819277108433735,"group9"
"Prevotella_denticola",0.549937126101845,0.815261044176707,"group9"
"Aggregatibacter_aphrophilus",0.547516262586783,0.813253012048193,"group9"
"Dialister_invisus",0.545798587525726,0.811244979919679,"group9"
"Campylobacter_rectus",0.541718240184647,0.807228915662651,"group9"
"Prevotella_enoeca",0.540810804995223,0.805220883534137,"group9"
"Treponema_lecithinolyticum",0.538873535480142,0.803212851405622,"group9"
"Porphyromonas_endodontalis",0.538376912289622,0.801204819277108,"group9"
"Eubacterium_saphenum",0.534501899127259,0.799196787148594,"group8"
"Treponema_socranskii",0.533348343497701,0.79718875502008,"group8"
"Actinomyces_meyeri",0.531805311950644,0.795180722891566,"group8"
"Streptococcus_parasanguinis",0.527402139978776,0.793172690763052,"group8"
"Campylobacter_gracilis",0.526038098038933,0.789156626506024,"group8"
"Actinomyces_lingnae",0.520428943524952,0.785140562248996,"group8"
"Olsenella_profusa",0.512778932541,0.783132530120482,"group8"
"Streptococcus_peroris",0.504767605879826,0.779116465863454,"group8"
"Peptococcus_niger",0.502494639133038,0.77710843373494,"group8"
"Centipeda_periodontii",0.501728439239475,0.775100401606426,"group8"
"Slackia_exigua",0.50163455053522,0.773092369477912,"group8"
"Neisseria_shayeganii",0.501443132022788,0.771084337349398,"group8"
"Kingella_denitrificans",0.501111009642568,0.769076305220884,"group8"
"Treponema_pedis",0.499822594921634,0.767068273092369,"group8"
"Haemophilus_parahaemolyticus",0.499289818568401,0.765060240963855,"group8"
"Butyrivibrio_fibrisolvens",0.498121571779316,0.763052208835341,"group8"
"Brachymonas_denitrificans",0.497698981864938,0.761044176706827,"group8"
"Gemella_morbillorum",0.495644522991543,0.759036144578313,"group8"
"Treponema_denticola",0.495251158715541,0.757028112449799,"group8"
"Soonwooa_buanensis",0.495119363429875,0.755020080321285,"group8"
"Treponema_medium",0.485631691478564,0.753012048192771,"group8"
"Lautropia_mirabilis",0.47790249426428,0.751004016064257,"group8"
"Bulleidia_extructa",0.473927264440371,0.748995983935743,"group8"
"Streptococcus_mutans",0.46936270042461,0.746987951807229,"group8"
"Prevotella_pleuritidis",0.468288482010612,0.744979919678715,"group8"
"Actinobacillus_rossii",0.45966198046727,0.738955823293173,"group8"
"Kingella_oralis",0.458077011851639,0.734939759036145,"group8"
"Actinomyces_turicensis",0.456653588589423,0.730923694779116,"group8"
"Anaeroglobus_geminatus",0.456441788199303,0.728915662650602,"group8"
"Actinomyces_hyovaginalis",0.455534030459785,0.726907630522088,"group8"
"Rothia_mucilaginosa",0.452422529670225,0.724899598393574,"group8"
"Abiotrophia_defectiva",0.451891773404463,0.72289156626506,"group8"
"Eggerthia_catenaformis",0.448870126640434,0.720883534136546,"group8"
"Prevotella_intermedia",0.441620066917084,0.718875502008032,"group8"
"Lachnoanaerobaculum_orale",0.439949182481812,0.716867469879518,"group8"
"Pasteurella_pneumotropica",0.439660909897435,0.714859437751004,"group8"
"Fretibacterium_fastidiosum",0.438772761393515,0.71285140562249,"group8"
"Treponema_succinifaciens",0.435356310866456,0.710843373493976,"group8"
"Olsenella_uli",0.435236034246156,0.708835341365462,"group8"
"Leptotrichia_shahii",0.434961830179121,0.706827309236948,"group8"
"Streptococcus_sanguinis",0.433886082342654,0.704819277108434,"group8"
"Bergeyella_zoohelcum",0.433659096110825,0.70281124497992,"group8"
"Actinomyces_georgiae",0.433407320805436,0.700803212851406,"group8"
"Prevotella_baroniae",0.431395824412757,0.698795180722892,"group7"
"Alloprevotella_rava",0.430900291896644,0.696787148594378,"group7"
"Streptococcus_thermophilus",0.428705359302128,0.694779116465863,"group7"
"Streptococcus_pneumoniae",0.423073173584689,0.692771084337349,"group7"
"Prevotella_nanceiensis",0.417106203586979,0.690763052208835,"group7"
"Cryptobacterium_curtum",0.403500267670747,0.686746987951807,"group7"
"Streptococcus_suis",0.400305011100279,0.684738955823293,"group7"
"Prevotella_micans",0.398766398390672,0.682730923694779,"group7"
"Prevotella_nigrescens",0.394601876970617,0.676706827309237,"group7"
"Fusobacterium_nucleatum",0.388273240706422,0.670682730923695,"group7"
"Bacteroides_intestinalis",0.387405530236093,0.668674698795181,"group7"
"Johnsonella_ignava",0.385715807817704,0.666666666666667,"group7"
"Prevotella_oris",0.383787275689024,0.664658634538153,"group7"
"Actinomyces_gerencseriae",0.383232997921477,0.662650602409639,"group7"
"Prevotella_buccae",0.380169632559772,0.65863453815261,"group7"
"Selenomonas_artemidis",0.379465115830798,0.656626506024096,"group7"
"Dialister_succinatiphilus",0.375490511809424,0.654618473895582,"group7"
"Eubacterium_nodatum",0.360820061940881,0.652610441767068,"group7"
"Streptococcus_oralis",0.358947348841909,0.650602409638554,"group7"
"Neisseria_bacilliformis",0.356216752511839,0.64859437751004,"group7"
"Neisseria_mucosa",0.349342580268292,0.644578313253012,"group7"
"Actinomyces_naeslundii",0.347358658919069,0.642570281124498,"group7"
"Prevotella_marshii",0.342602014829028,0.640562248995984,"group7"
"Eubacterium_brachy",0.337804771991212,0.636546184738956,"group7"
"Mycoplasma_faucium",0.335917395643365,0.634538152610442,"group7"
"Granulicatella_adiacens",0.331995332433435,0.632530120481928,"group7"
"Eubacterium_infirmum",0.328841176573904,0.6285140562249,"group7"
"Neisseria_canis",0.326113315180855,0.626506024096386,"group7"
"Actinomyces_oris",0.325935469165479,0.624497991967871,"group7"
"Veillonella_dispar",0.325023652681087,0.622489959839357,"group7"
"Parvimonas_micra",0.32435697420525,0.620481927710843,"group7"
"Veillonella_caviae",0.32017365292605,0.616465863453815,"group7"
"Veillonella_denticariosi",0.312725874671055,0.614457831325301,"group7"
"Mogibacterium_timidum",0.312392331748853,0.612449799196787,"group7"
"Kingella_potus",0.30909559229268,0.610441767068273,"group7"
"Gemella_haemolysans",0.30268635938356,0.608433734939759,"group7"
"Streptococcus_oligofermentans",0.297065692321996,0.606425702811245,"group7"
"Dialister_pneumosintes",0.296653634644174,0.604417670682731,"group7"
"Granulicatella_elegans",0.296414547556568,0.602409638554217,"group7"
"Bacillus_pumilus",0.294893868935756,0.600401606425703,"group7"
"Neisseria_sicca",0.291452558391676,0.596385542168675,"group6"
"Selenomonas_flueggei",0.289211120528496,0.592369477911647,"group6"
"Streptococcus_gordonii",0.287301339601568,0.590361445783133,"group6"
"Moryella_indoligenes",0.283543220272536,0.588353413654618,"group6"
"Prevotella_scopos",0.282836461503892,0.586345381526104,"group6"
"Butyrivibrio_hungatei",0.271430414703632,0.578313253012048,"group6"
"Treponema_refringens",0.26622983460639,0.57429718875502,"group6"
"Treponema_maltophilum",0.265521331587322,0.572289156626506,"group6"
"Simonsiella_muelleri",0.264905628375083,0.570281124497992,"group6"
"Haemophilus_influenzae",0.26062209625231,0.568273092369478,"group6"
"Streptococcus_constellatus",0.257239164579315,0.566265060240964,"group6"
"Rothia_dentocariosa",0.254492877390154,0.562248995983936,"group6"
"Mobiluncus_mulieris",0.252704660761473,0.560240963855422,"group6"
"Eikenella_corrodens",0.243435415748593,0.556224899598394,"group6"
"Bifidobacterium_longum",0.235777198920984,0.552208835341365,"group6"
"Campylobacter_mucosalis",0.227236979264893,0.550200803212851,"group6"
"Prevotella_paludivivens",0.212927582607957,0.536144578313253,"group6"
"Prevotella_fusca",0.212338732017355,0.534136546184739,"group6"
"Prevotella_oralis",0.209227887151599,0.528112449799197,"group6"
"Natranaerovirga_hydrolytica",0.208270712633426,0.526104417670683,"group6"
"Phocaeicola_abscessus",0.202182138650801,0.524096385542169,"group6"
"Clostridium_aminobutyricum",0.200541070553897,0.522088353413655,"group6"
"Odoribacter_denticanis",0.200173772094612,0.520080321285141,"group6"
"Clostridium_ultunense",0.198528024236881,0.514056224899598,"group6"
"Moraxella_boevrei",0.196833755944172,0.512048192771084,"group6"
"Porphyromonas_gulae",0.196259855944747,0.508032128514056,"group6"
"Streptococcus_mitis",0.19352883952321,0.504016064257028,"group6"
"Gemella_palaticanis",0.19170350991041,0.5,"group5"
"Neisseria_dentiae",0.1916456662344,0.497991967871486,"group5"
"Streptococcus_sobrinus",0.18711090862496,0.493975903614458,"group5"
"Mobiluncus_curtisii",0.183307668603302,0.491967871485944,"group5"
"Fusobacterium_russii",0.178132717827477,0.485943775100402,"group5"
"Alysiella_crassa",0.175105283408437,0.481927710843373,"group5"
"Corynebacterium_jeikeium",0.174461807767505,0.478915662650602,"group5"
"Propionigenium_maris",0.174461807767505,0.47289156626506,"group5"
"Mycoplasma_feliminutum",0.174461807767505,0.47289156626506,"group5"
"Prevotella_albensis",0.174461807767505,0.465863453815261,"group5"
"Desulfomicrobium_orale",0.173189159038235,0.459839357429719,"group5"
"Propionibacterium_acidifaciens",0.168698285977603,0.451807228915663,"group5"
"Desulfovibrio_fairfieldensis",0.166145520088215,0.447791164658635,"group5"
"Mannheimia_granulomatis",0.163377510190294,0.443775100401606,"group5"
"Ornatilinea_apprima",0.157469129075517,0.43574297188755,"group5"
"Sporanaerobacter_acetigenes",0.157469129075517,0.433734939759036,"group5"
"Mycoplasma_orale",0.156552533017888,0.431726907630522,"group5"
"Moraxella_lacunata",0.15501356834452,0.42570281124498,"group5"
"Scardovia_wiggsiae",0.15395924860181,0.421686746987952,"group5"
"Actinobacillus_minor",0.15299024666737,0.417670682730924,"group5"
"Desulfobulbus_rhabdoformis",0.152609929311139,0.413654618473896,"group5"
"Prevotella_corporis",0.152609929311139,0.411646586345382,"group5"
"Atopobium_vaginae",0.152609929311139,0.40863453815261,"group5"
"Leptotrichia_amnionii",0.152105210991189,0.403614457831325,"group5"
"Mycoplasma_hyosynoviae",0.15112302561377,0.399598393574297,"group4"
"Bacteroides_heparinolyticus",0.150219353946168,0.397590361445783,"group4"
"Selenomonas_ruminantium",0.148482120894214,0.395582329317269,"group4"
"Actinobacillus_porcinus",0.148434750014647,0.393574297188755,"group4"
"Veillonella_montpellierensis",0.141286661621783,0.381526104417671,"group4"
"Butyrivibrio_proteoclasticus",0.138075788941392,0.377510040160643,"group4"
"Streptococcus_anginosus",0.137981612643408,0.375502008032129,"group4"
"Scardovia_inopinata",0.132959586245249,0.367469879518072,"group4"
"Neisseria_pharyngis",0.130725016920791,0.365461847389558,"group4"
"Aggregatibacter_actinomycetemcomitans",0.129967329087264,0.363453815261044,"group4"
"Neisseria_macacae",0.126926563984268,0.355421686746988,"group4"
"Peptoniphilus_lacrimalis",0.12599844527778,0.353413654618474,"group4"
"Mogibacterium_neglectum",0.121937019035661,0.339357429718876,"group4"
"Actinomyces_bowdenii",0.121937019035661,0.337349397590361,"group4"
"Lactobacillus_vaginalis",0.121534097495547,0.335341365461847,"group4"
"Prevotella_dentalis",0.121013621809318,0.333333333333333,"group4"
"Mycoplasma_salivarium",0.120464358124454,0.327309236947791,"group4"
"Actinobaculum_massiliense",0.119877449368256,0.323293172690763,"group4"
"Streptococcus_sinensis",0.119866311043388,0.321285140562249,"group4"
"Bacteroides_acidifaciens",0.119809638036126,0.319277108433735,"group4"
"Treponema_putidum",0.118652544542567,0.313253012048193,"group4"
"Actinomyces_oricola",0.118397299899018,0.307228915662651,"group4"
"Anaerovorax_odorimutans",0.118017128412061,0.305220883534137,"group4"
"Lactobacillus_amylovorus",0.114120440851697,0.298192771084337,"group3"
"Dialister_micraerophilus",0.111634719070099,0.28714859437751,"group3"
"Parascardovia_denticolens",0.110764508289237,0.281124497991968,"group3"
"Bacteroides_zoogleoformans",0.109171347903243,0.27710843373494,"group3"
"Desulfobulbus_propionicus",0.10803771587396,0.275100401606426,"group3"
"Lactobacillus_helveticus",0.105233989401835,0.269076305220884,"group3"
"Lactobacillus_oris",0.104805644315707,0.267068273092369,"group3"
"Dialister_propionicifaciens",0.104657901909176,0.265060240963855,"group3"
"Actinomyces_viscosus",0.103906001371575,0.261044176706827,"group3"
"Treponema_pectinovorum",0.102812584944442,0.255020080321285,"group3"
"Treponema_parvum",0.100753062209035,0.248995983935743,"group3"
"Actinomyces_timonensis",0.0976955438143322,0.238955823293173,"group3"
"Porphyromonas_uenonis",0.0963981914748115,0.236947791164659,"group3"
"Prevotella_timonensis",0.0960112162405052,0.234939759036145,"group3"
"Eubacterium_minutum",0.091975042480072,0.228915662650602,"group3"
"Selenomonas_bovis",0.0913796965087015,0.226907630522088,"group3"
"Ruminofilibacter_xylanolyticum",0.0878892236316018,0.220883534136546,"group3"
"Lactobacillus_plantarum",0.0827186466472329,0.204819277108434,"group3"
"Porphyromonas_asaccharolytica",0.0785303356259257,0.198795180722892,"group2"
"Campylobacter_curvus",0.0763385187340921,0.182730923694779,"group2"
"Prevotella_bergensis",0.0763385187340921,0.180722891566265,"group2"
"Corynebacterium_argentoratense",0.0760677735391555,0.178714859437751,"group2"
"Treponema_bryantii",0.0749129919328244,0.174698795180723,"group2"
"Peptostreptococcus_anaerobius",0.0735452551423206,0.168674698795181,"group2"
"Azospira_oryzae",0.0713466663916519,0.164658634538153,"group2"
"Fusobacterium_canifelinum",0.0679280429875785,0.150602409638554,"group2"
"Pseudoramibacter_alactolyticus",0.0675779160633127,0.14859437751004,"group2"
"Actinomyces_cardiffensis",0.064467315972377,0.134538152610442,"group2"
"Wolinella_succinogenes",0.061958304501853,0.126506024096386,"group2"
"Pyramidobacter_piscolens",0.0575782322095063,0.122489959839357,"group2"
"Necropsobacter_rosorum",0.0547210272578089,0.120481927710843,"group2"
"Lactobacillus_crispatus",0.0546474648781833,0.118473895582329,"group2"
"Howardella_ureilytica",0.0507648293216382,0.110441767068273,"group2"
"Paludibacter_propionicigenes",0.0505359718278406,0.108433734939759,"group2"
"Streptococcus_intermedius",0.048908872988501,0.102409638554217,"group2"
"Streptococcus_troglodytae",0.0454281506990209,0.0943775100401606,"group1"
"Lactobacillus_reuteri",0.0425442896127918,0.0823293172690763,"group1"
"Prevotella_multisaccharivorax",0.039977968296918,0.0742971887550201,"group1"
"Alloscardovia_omnicolens",0.0385326560596944,0.072289156626506,"group1"
"Actinomyces_israelii",0.037667718202752,0.070281124497992,"group1"
"Lactobacillus_gasseri",0.0318940388772424,0.0602409638554217,"group1"
"Prevotella_multiformis",0.0278968368883806,0.0281124497991968,"group1"
"Lactobacillus_casei",0.0252342640080216,0.0240963855421687,"group1"
"Atopobium_minutum",0.0205875741941886,0.0180722891566265,"group1"
"Bifidobacterium_dentium",0.0146335245141966,0.0160642570281124,"group1"
"Lactobacillus_rhamnosus",0.0140999152152803,0.0140562248995984,"group1"
"Lactobacillus_johnsonii",0.0104884590734181,0.00803212851405622,"group1"
"Lactobacillus_salivarius",0.00827970021510372,0.00401606425702811,"group1"
"Lactobacillus_fermentum",6.69344042838142e-05,0,"group1"
