"","Node1","Node2","Weight"
"97","Veillonella_dispar","Prevotella_pallens",1
"136","Treponema_denticola","Eubacterium_brachy",1
"149","Prevotella_baroniae","Porphyromonas_endodontalis",1
"152","Treponema_denticola","Porphyromonas_endodontalis",1
"185","Capnocytophaga_leadbetteri","Prevotella_shahii",1
"271","Porphyromonas_endodontalis","Dialister_invisus",1
"534","Veillonella_dispar","Prevotella_salivae",1
"543","Prevotella_pallens","Prevotella_salivae",1
"556","Lachnoanaerobaculum_orale","Prevotella_salivae",1
"747","Veillonella_dispar","Prevotella_veroralis",1
"756","Prevotella_pallens","Prevotella_veroralis",1
"775","Prevotella_salivae","Prevotella_veroralis",1
"782","Rothia_aeria","Rothia_dentocariosa",1
"1083","Rothia_aeria","Streptococcus_pneumoniae",1
"1122","Rothia_dentocariosa","Streptococcus_pneumoniae",1
"1598","Rothia_aeria","Haemophilus_parainfluenzae",1
"1610","Capnocytophaga_leadbetteri","Haemophilus_parainfluenzae",1
"1632","Planobacterium_taklimakanense","Haemophilus_parainfluenzae",1
"1644","Streptococcus_pneumoniae","Haemophilus_parainfluenzae",1
"1648","Lautropia_mirabilis","Haemophilus_parainfluenzae",1
"1907","Treponema_denticola","Filifactor_alocis",1
"1909","Porphyromonas_endodontalis","Filifactor_alocis",1
"1950","Porphyromonas_gingivalis","Filifactor_alocis",1
"1978","Granulicatella_adiacens","Rothia_mucilaginosa",1
"1980","Streptococcus_cristatus","Rothia_mucilaginosa",1
"1994","Rothia_dentocariosa","Rothia_mucilaginosa",1
"2011","Haemophilus_parainfluenzae","Rothia_mucilaginosa",1
"2022","Veillonella_dispar","Lachnoanaerobaculum_saburreum",1
"2025","Leptotrichia_buccalis","Lachnoanaerobaculum_saburreum",1
"2031","Prevotella_pallens","Lachnoanaerobaculum_saburreum",1
"2047","Mogibacterium_diversum","Lachnoanaerobaculum_saburreum",1
"2050","Prevotella_salivae","Lachnoanaerobaculum_saburreum",1
"2056","Prevotella_veroralis","Lachnoanaerobaculum_saburreum",1
"2147","Rothia_aeria","Leptotrichia_hofstadii",1
"2159","Capnocytophaga_leadbetteri","Leptotrichia_hofstadii",1
"2204","Porphyromonas_gingivalis","Leptotrichia_hofstadii",1
"2369","Actinomyces_oris","Streptococcus_sanguinis",1
"2387","Rothia_dentocariosa","Streptococcus_sanguinis",1
"2410","Rothia_mucilaginosa","Streptococcus_sanguinis",1
"2429","Capnocytophaga_leadbetteri","Fusobacterium_periodonticum",1
"2473","Haemophilus_parainfluenzae","Fusobacterium_periodonticum",1
"2642","Capnocytophaga_leadbetteri","Capnocytophaga_granulosa",1
"3051","Streptococcus_pneumoniae","Gemella_haemolysans",1
"3426","Actinomyces_oris","Streptococcus_oralis",1
"3444","Rothia_dentocariosa","Streptococcus_oralis",1
"3451","Streptococcus_pneumoniae","Streptococcus_oralis",1
"3461","Haemophilus_parainfluenzae","Streptococcus_oralis",1
"3482","Gemella_haemolysans","Streptococcus_oralis",1
"3584","Capnocytophaga_leadbetteri","Cardiobacterium_valvarum",1
"3628","Haemophilus_parainfluenzae","Cardiobacterium_valvarum",1
"3637","Leptotrichia_hofstadii","Cardiobacterium_valvarum",1
"3644","Capnocytophaga_granulosa","Cardiobacterium_valvarum",1
"3654","Streptococcus_oralis","Cardiobacterium_valvarum",1
"4201","Prevotella_pallens","Eubacterium_sulci",1
"4217","Mogibacterium_diversum","Eubacterium_sulci",1
"4220","Prevotella_salivae","Eubacterium_sulci",1
"4257","Fusobacterium_periodonticum","Eubacterium_sulci",1
"4471","Veillonella_dispar","Actinomyces_graevenitzii",1
"4474","Leptotrichia_buccalis","Actinomyces_graevenitzii",1
"4499","Prevotella_salivae","Actinomyces_graevenitzii",1
"4530","Lachnoanaerobaculum_saburreum","Actinomyces_graevenitzii",1
"4575","Prevotella_pallens","Alloprevotella_rava",1
"4594","Prevotella_salivae","Alloprevotella_rava",1
"4600","Prevotella_veroralis","Alloprevotella_rava",1
"4625","Lachnoanaerobaculum_saburreum","Alloprevotella_rava",1
"4759","Veillonella_dispar","Atopobium_parvulum",1
"4781","Lachnoanaerobaculum_orale","Atopobium_parvulum",1
"4787","Prevotella_salivae","Atopobium_parvulum",1
"4793","Prevotella_veroralis","Atopobium_parvulum",1
"4810","Bifidobacterium_dentium","Atopobium_parvulum",1
"4818","Lachnoanaerobaculum_saburreum","Atopobium_parvulum",1
"4835","Slackia_exigua","Atopobium_parvulum",1
"4847","Streptococcus_parasanguinis","Atopobium_parvulum",1
"4849","Actinomyces_graevenitzii","Atopobium_parvulum",1
"5581","Treponema_denticola","Treponema_socranskii",1
"5812","Prevotella_salivae","Selenomonas_flueggei",1
"5877","Atopobium_parvulum","Selenomonas_flueggei",1
"6788","Rothia_aeria","Capnocytophaga_ochracea",1
"6800","Capnocytophaga_leadbetteri","Capnocytophaga_ochracea",1
"6803","Eubacterium_brachy","Capnocytophaga_ochracea",1
"6807","Prevotella_denticola","Capnocytophaga_ochracea",1
"6809","Actinomyces_oris","Capnocytophaga_ochracea",1
"6821","Eubacterium_nodatum","Capnocytophaga_ochracea",1
"6838","Lautropia_mirabilis","Capnocytophaga_ochracea",1
"6853","Leptotrichia_hofstadii","Capnocytophaga_ochracea",1
"6856","Streptococcus_sanguinis","Capnocytophaga_ochracea",1
"6859","Tannerella_forsythia","Capnocytophaga_ochracea",1
"6860","Capnocytophaga_granulosa","Capnocytophaga_ochracea",1
"6870","Streptococcus_oralis","Capnocytophaga_ochracea",1
"6872","Cardiobacterium_valvarum","Capnocytophaga_ochracea",1
"6881","Prevotella_oralis","Capnocytophaga_ochracea",1
"6888","Prevotella_nanceiensis","Capnocytophaga_ochracea",1
"6893","Treponema_socranskii","Capnocytophaga_ochracea",1
"6904","Veillonella_rogosae","Gemella_sanguinis",1
"6928","Granulicatella_adiacens","Gemella_sanguinis",1
"6967","Rothia_mucilaginosa","Gemella_sanguinis",1
"6974","Fusobacterium_periodonticum","Gemella_sanguinis",1
"6982","Gemella_haemolysans","Gemella_sanguinis",1
"6987","Streptococcus_oralis","Gemella_sanguinis",1
"7037","Treponema_denticola","Prevotella_intermedia",1
"7108","Prevotella_pleuritidis","Prevotella_intermedia",1
"7139","Capnocytophaga_ochracea","Prevotella_intermedia",1
"7275","Prevotella_pallens","Selenomonas_sputigena",1
"7294","Prevotella_salivae","Selenomonas_sputigena",1
"7300","Prevotella_veroralis","Selenomonas_sputigena",1
"7325","Lachnoanaerobaculum_saburreum","Selenomonas_sputigena",1
"7352","Selenomonas_ruminantium","Selenomonas_sputigena",1
"7355","Prevotella_oralis","Selenomonas_sputigena",1
"7359","Atopobium_parvulum","Selenomonas_sputigena",1
"7770","Prevotella_shahii","Alloprevotella_tannerae",1
"9467","Capnocytophaga_leadbetteri","Capnocytophaga_sputigena",1
"9472","Eubacterium_yurii","Capnocytophaga_sputigena",1
"9527","Capnocytophaga_granulosa","Capnocytophaga_sputigena",1
"9560","Treponema_socranskii","Capnocytophaga_sputigena",1
"9571","Capnocytophaga_ochracea","Capnocytophaga_sputigena",1
"10027","Treponema_denticola","Treponema_medium",1
"10074","Filifactor_alocis","Treponema_medium",1
"11032","Veillonella_dispar","Solobacterium_moorei",1
"11041","Prevotella_pallens","Solobacterium_moorei",1
"11060","Prevotella_salivae","Solobacterium_moorei",1
"11091","Lachnoanaerobaculum_saburreum","Solobacterium_moorei",1
"11119","Eubacterium_sulci","Solobacterium_moorei",1
"11125","Atopobium_parvulum","Solobacterium_moorei",1
"11136","Peptostreptococcus_stomatis","Solobacterium_moorei",1
"11175","Oribacterium_sinus","Solobacterium_moorei",1
"11634","Veillonella_dispar","Campylobacter_concisus",1
"11643","Prevotella_pallens","Campylobacter_concisus",1
"11656","Lachnoanaerobaculum_orale","Campylobacter_concisus",1
"11662","Prevotella_salivae","Campylobacter_concisus",1
"11693","Lachnoanaerobaculum_saburreum","Campylobacter_concisus",1
"11702","Capnocytophaga_granulosa","Campylobacter_concisus",1
"11724","Actinomyces_graevenitzii","Campylobacter_concisus",1
"11727","Atopobium_parvulum","Campylobacter_concisus",1
"11737","Selenomonas_flueggei","Campylobacter_concisus",1
"11750","Selenomonas_sputigena","Campylobacter_concisus",1
"11777","Oribacterium_sinus","Campylobacter_concisus",1
"11787","Veillonella_dispar","Prevotella_melaninogenica",1
"11796","Prevotella_pallens","Prevotella_melaninogenica",1
"11815","Prevotella_salivae","Prevotella_melaninogenica",1
"11877","Actinomyces_graevenitzii","Prevotella_melaninogenica",1
"11880","Atopobium_parvulum","Prevotella_melaninogenica",1
"11931","Solobacterium_moorei","Prevotella_melaninogenica",1
"11935","Campylobacter_concisus","Prevotella_melaninogenica",1
"11941","Veillonella_dispar","Megasphaera_micronuciformis",1
"11944","Leptotrichia_buccalis","Megasphaera_micronuciformis",1
"11945","Actinomyces_odontolyticus","Megasphaera_micronuciformis",1
"11950","Prevotella_pallens","Megasphaera_micronuciformis",1
"11963","Lachnoanaerobaculum_orale","Megasphaera_micronuciformis",1
"11969","Prevotella_salivae","Megasphaera_micronuciformis",1
"11975","Prevotella_veroralis","Megasphaera_micronuciformis",1
"11991","Selenomonas_noxia","Megasphaera_micronuciformis",1
"12000","Lachnoanaerobaculum_saburreum","Megasphaera_micronuciformis",1
"12017","Slackia_exigua","Megasphaera_micronuciformis",1
"12028","Eubacterium_sulci","Megasphaera_micronuciformis",1
"12031","Actinomyces_graevenitzii","Megasphaera_micronuciformis",1
"12032","Alloprevotella_rava","Megasphaera_micronuciformis",1
"12034","Atopobium_parvulum","Megasphaera_micronuciformis",1
"12044","Selenomonas_flueggei","Megasphaera_micronuciformis",1
"12056","Prevotella_fusca","Megasphaera_micronuciformis",1
"12057","Selenomonas_sputigena","Megasphaera_micronuciformis",1
"12085","Solobacterium_moorei","Megasphaera_micronuciformis",1
"12090","Prevotella_melaninogenica","Megasphaera_micronuciformis",1
"12254","Eubacterium_saphenum","Abiotrophia_defectiva",1
"12269","Actinomyces_oris","Abiotrophia_defectiva",1
"12316","Streptococcus_sanguinis","Abiotrophia_defectiva",1
"12320","Capnocytophaga_granulosa","Abiotrophia_defectiva",1
"12325","Gemella_haemolysans","Abiotrophia_defectiva",1
"12330","Streptococcus_oralis","Abiotrophia_defectiva",1
"12364","Capnocytophaga_ochracea","Abiotrophia_defectiva",1
"12371","Haemophilus_parahaemolyticus","Abiotrophia_defectiva",1
"12385","Capnocytophaga_sputigena","Abiotrophia_defectiva",1
"12389","Treponema_medium","Abiotrophia_defectiva",1
"12398","Granulicatella_elegans","Abiotrophia_defectiva",1
"12444","Rothia_dentocariosa","Gemella_morbillorum",1
"12561","Abiotrophia_defectiva","Gemella_morbillorum",1
"12778","Haemophilus_parainfluenzae","Haemophilus_sputorum",1
"12886","Veillonella_dispar","Veillonella_atypica",1
"12895","Prevotella_pallens","Veillonella_atypica",1
"12908","Lachnoanaerobaculum_orale","Veillonella_atypica",1
"12914","Prevotella_salivae","Veillonella_atypica",1
"12920","Prevotella_veroralis","Veillonella_atypica",1
"12945","Lachnoanaerobaculum_saburreum","Veillonella_atypica",1
"12977","Alloprevotella_rava","Veillonella_atypica",1
"12979","Atopobium_parvulum","Veillonella_atypica",1
"12989","Selenomonas_flueggei","Veillonella_atypica",1
"13034","Campylobacter_concisus","Veillonella_atypica",1
"13035","Prevotella_melaninogenica","Veillonella_atypica",1
"13036","Megasphaera_micronuciformis","Veillonella_atypica",1
"13267","Rothia_mucilaginosa","Streptococcus_australis",1
"14044","Treponema_denticola","Corynebacterium_matruchotii",1
"14045","Eubacterium_brachy","Corynebacterium_matruchotii",1
"14049","Prevotella_denticola","Corynebacterium_matruchotii",1
"14051","Actinomyces_oris","Corynebacterium_matruchotii",1
"14055","Streptococcus_cristatus","Corynebacterium_matruchotii",1
"14063","Eubacterium_nodatum","Corynebacterium_matruchotii",1
"14067","Olsenella_uli","Corynebacterium_matruchotii",1
"14069","Rothia_dentocariosa","Corynebacterium_matruchotii",1
"14084","Selenomonas_noxia","Corynebacterium_matruchotii",1
"14095","Leptotrichia_hofstadii","Corynebacterium_matruchotii",1
"14098","Streptococcus_sanguinis","Corynebacterium_matruchotii",1
"14100","Campylobacter_showae","Corynebacterium_matruchotii",1
"14111","Actinomyces_viscosus","Corynebacterium_matruchotii",1
"14112","Streptococcus_oralis","Corynebacterium_matruchotii",1
"14115","Prevotella_pleuritidis","Corynebacterium_matruchotii",1
"14118","Parascardovia_denticolens","Corynebacterium_matruchotii",1
"14145","Leptotrichia_shahii","Corynebacterium_matruchotii",1
"14153","Haemophilus_parahaemolyticus","Corynebacterium_matruchotii",1
"14155","Actinomyces_georgiae","Corynebacterium_matruchotii",1
"14160","Prevotella_maculosa","Corynebacterium_matruchotii",1
"14166","Actinomyces_cardiffensis","Corynebacterium_matruchotii",1
"14180","Granulicatella_elegans","Corynebacterium_matruchotii",1
"14186","Abiotrophia_defectiva","Corynebacterium_matruchotii",1
"14191","Campylobacter_gracilis","Corynebacterium_matruchotii",1
"14195","Streptococcus_constellatus","Corynebacterium_matruchotii",1
"14196","Prevotella_nigrescens","Corynebacterium_matruchotii",1
"14210","Capnocytophaga_leadbetteri","Eikenella_corrodens",1
"14254","Haemophilus_parainfluenzae","Eikenella_corrodens",1
"14472","Treponema_socranskii","Parvimonas_micra",1
"14504","Capnocytophaga_sputigena","Parvimonas_micra",1
"14524","Gemella_morbillorum","Parvimonas_micra",1
"14622","Prevotella_pleuritidis","Scardovia_wiggsiae",1
"14719","Prevotella_baroniae","Fusobacterium_nucleatum",1
"14722","Treponema_denticola","Fusobacterium_nucleatum",1
"14723","Eubacterium_brachy","Fusobacterium_nucleatum",1
"14724","Porphyromonas_endodontalis","Fusobacterium_nucleatum",1
"14727","Prevotella_denticola","Fusobacterium_nucleatum",1
"14730","Dialister_invisus","Fusobacterium_nucleatum",1
"14769","Filifactor_alocis","Fusobacterium_nucleatum",1
"14773","Leptotrichia_hofstadii","Fusobacterium_nucleatum",1
"14779","Tannerella_forsythia","Fusobacterium_nucleatum",1
"14793","Prevotella_pleuritidis","Fusobacterium_nucleatum",1
"14810","Treponema_lecithinolyticum","Fusobacterium_nucleatum",1
"14813","Treponema_socranskii","Fusobacterium_nucleatum",1
"14814","Dialister_pneumosintes","Fusobacterium_nucleatum",1
"14838","Prevotella_maculosa","Fusobacterium_nucleatum",1
"14849","Treponema_medium","Fusobacterium_nucleatum",1
"14850","Selenomonas_infelix","Fusobacterium_nucleatum",1
"14869","Campylobacter_gracilis","Fusobacterium_nucleatum",1
"14872","Campylobacter_rectus","Fusobacterium_nucleatum",1
"14873","Streptococcus_constellatus","Fusobacterium_nucleatum",1
"14874","Prevotella_nigrescens","Fusobacterium_nucleatum",1
"14892","Capnocytophaga_leadbetteri","Prevotella_saccharolytica",1
"14986","Dialister_pneumosintes","Prevotella_saccharolytica",1
"14996","Capnocytophaga_ochracea","Prevotella_saccharolytica",1
"15010","Prevotella_maculosa","Prevotella_saccharolytica",1
"15021","Treponema_medium","Prevotella_saccharolytica",1
"15036","Abiotrophia_defectiva","Prevotella_saccharolytica",1
"15047","Corynebacterium_matruchotii","Prevotella_saccharolytica",1
"15051","Fusobacterium_nucleatum","Prevotella_saccharolytica",1
"15070","Eubacterium_yurii","Catonella_morbi",1
"15071","Prevotella_shahii","Catonella_morbi",1
"15094","Peptococcus_niger","Catonella_morbi",1
"15122","Fusobacterium_periodonticum","Catonella_morbi",1
"15414","Capnocytophaga_leadbetteri","Actinomyces_massiliensis",1
"15467","Leptotrichia_hofstadii","Actinomyces_massiliensis",1
"15569","Corynebacterium_matruchotii","Actinomyces_massiliensis",1
"15617","Rothia_dentocariosa","Streptococcus_salivarius",1
"15670","Streptococcus_parasanguinis","Streptococcus_salivarius",1
"16116","Veillonella_dispar","Alloscardovia_omnicolens",1
"16930","Streptococcus_parasanguinis","Streptococcus_thermophilus",1
"17014","Streptococcus_salivarius","Streptococcus_thermophilus",1
"17263","Haemophilus_parainfluenzae","Neisseria_flavescens",1
"17772","Veillonella_dispar","Leptotrichia_wadei",1
"17775","Leptotrichia_buccalis","Leptotrichia_wadei",1
"17781","Prevotella_pallens","Leptotrichia_wadei",1
"17798","Actinomyces_meyeri","Leptotrichia_wadei",1
"17800","Prevotella_salivae","Leptotrichia_wadei",1
"17806","Prevotella_veroralis","Leptotrichia_wadei",1
"17831","Lachnoanaerobaculum_saburreum","Leptotrichia_wadei",1
"17833","Leptotrichia_hofstadii","Leptotrichia_wadei",1
"17862","Actinomyces_graevenitzii","Leptotrichia_wadei",1
"17863","Alloprevotella_rava","Leptotrichia_wadei",1
"17865","Atopobium_parvulum","Leptotrichia_wadei",1
"17888","Selenomonas_sputigena","Leptotrichia_wadei",1
"17911","Leptotrichia_goodfellowii","Leptotrichia_wadei",1
"17922","Megasphaera_micronuciformis","Leptotrichia_wadei",1
"17928","Veillonella_atypica","Leptotrichia_wadei",1
"17957","Rothia_aeria","Streptococcus_mitis",1
"18003","Streptococcus_pneumoniae","Streptococcus_mitis",1
"18013","Haemophilus_parainfluenzae","Streptococcus_mitis",1
"18021","Streptococcus_gordonii","Streptococcus_mitis",1
"18034","Gemella_haemolysans","Streptococcus_mitis",1
"18039","Streptococcus_oralis","Streptococcus_mitis",1
"18107","Granulicatella_elegans","Streptococcus_mitis",1
"18113","Abiotrophia_defectiva","Streptococcus_mitis",1
"18114","Gemella_morbillorum","Streptococcus_mitis",1
"18352","Treponema_denticola","Prevotella_oris",1
"18357","Prevotella_denticola","Prevotella_oris",1
"18359","Actinomyces_oris","Prevotella_oris",1
"18360","Dialister_invisus","Prevotella_oris",1
"18387","Prevotella_marshii","Prevotella_oris",1
"18392","Selenomonas_noxia","Prevotella_oris",1
"18399","Filifactor_alocis","Prevotella_oris",1
"18409","Tannerella_forsythia","Prevotella_oris",1
"18440","Treponema_lecithinolyticum","Prevotella_oris",1
"18454","Capnocytophaga_ochracea","Prevotella_oris",1
"18456","Prevotella_intermedia","Prevotella_oris",1
"18458","Selenomonas_sputigena","Prevotella_oris",1
"18479","Treponema_medium","Prevotella_oris",1
"18499","Campylobacter_gracilis","Prevotella_oris",1
"18504","Prevotella_nigrescens","Prevotella_oris",1
"18505","Corynebacterium_matruchotii","Prevotella_oris",1
"18507","Parvimonas_micra","Prevotella_oris",1
"18508","Scardovia_wiggsiae","Prevotella_oris",1
"18509","Fusobacterium_nucleatum","Prevotella_oris",1
"18510","Prevotella_saccharolytica","Prevotella_oris",1
"18515","Prevotella_buccae","Prevotella_oris",1
"18519","Mogibacterium_timidum","Prevotella_oris",1
"18524","Streptococcus_anginosus","Prevotella_oris",1
"18542","Capnocytophaga_leadbetteri","Porphyromonas_catoniae",1
"18548","Prevotella_shahii","Porphyromonas_catoniae",1
"18586","Haemophilus_parainfluenzae","Porphyromonas_catoniae",1
"18599","Fusobacterium_periodonticum","Porphyromonas_catoniae",1
"18607","Gemella_haemolysans","Porphyromonas_catoniae",1
"18630","Prevotella_nanceiensis","Porphyromonas_catoniae",1
"18644","Prevotella_aurantiaca","Porphyromonas_catoniae",1
"18646","Capnocytophaga_ochracea","Porphyromonas_catoniae",1
"18667","Capnocytophaga_sputigena","Porphyromonas_catoniae",1
"18687","Gemella_morbillorum","Porphyromonas_catoniae",1
"18719","Streptococcus_mitis","Porphyromonas_catoniae",1
"18986","Fusobacterium_periodonticum","Lachnoanaerobaculum_umeaense",1
"19102","Neisseria_flavescens","Lachnoanaerobaculum_umeaense",1
"19203","Eubacterium_sulci","Eubacterium_infirmum",1
"19260","Solobacterium_moorei","Eubacterium_infirmum",1
"19281","Parvimonas_micra","Eubacterium_infirmum",1
"20303","Rothia_aeria","Corynebacterium_durum",1
"20313","Neisseria_sicca","Corynebacterium_durum",1
"20324","Actinomyces_oris","Corynebacterium_durum",1
"20342","Rothia_dentocariosa","Corynebacterium_durum",1
"20349","Streptococcus_pneumoniae","Corynebacterium_durum",1
"20380","Gemella_haemolysans","Corynebacterium_durum",1
"20385","Streptococcus_oralis","Corynebacterium_durum",1
"20387","Cardiobacterium_valvarum","Corynebacterium_durum",1
"20419","Capnocytophaga_ochracea","Corynebacterium_durum",1
"20460","Gemella_morbillorum","Corynebacterium_durum",1
"20469","Prevotella_nigrescens","Corynebacterium_durum",1
"20473","Scardovia_wiggsiae","Corynebacterium_durum",1
"20492","Streptococcus_mitis","Corynebacterium_durum",1
"20962","Lautropia_mirabilis","Cardiobacterium_hominis",1
"20977","Leptotrichia_hofstadii","Cardiobacterium_hominis",1
"20980","Streptococcus_sanguinis","Cardiobacterium_hominis",1
"20996","Cardiobacterium_valvarum","Cardiobacterium_hominis",1
"21049","Capnocytophaga_sputigena","Cardiobacterium_hominis",1
"21053","Treponema_medium","Cardiobacterium_hominis",1
"21068","Abiotrophia_defectiva","Cardiobacterium_hominis",1
"21079","Corynebacterium_matruchotii","Cardiobacterium_hominis",1
"21101","Streptococcus_mitis","Cardiobacterium_hominis",1
"21103","Prevotella_oris","Cardiobacterium_hominis",1
"21131","Treponema_denticola","Fretibacterium_fastidiosum",1
"21288","Fusobacterium_nucleatum","Fretibacterium_fastidiosum",1
"22274","Gemella_sanguinis","Streptococcus_infantis",1
"22346","Streptococcus_mitis","Streptococcus_infantis",1
"22372","Veillonella_dispar","Prevotella_histicola",1
"22381","Prevotella_pallens","Prevotella_histicola",1
"22400","Prevotella_salivae","Prevotella_histicola",1
"22406","Prevotella_veroralis","Prevotella_histicola",1
"22431","Lachnoanaerobaculum_saburreum","Prevotella_histicola",1
"22458","Selenomonas_ruminantium","Prevotella_histicola",1
"22462","Actinomyces_graevenitzii","Prevotella_histicola",1
"22463","Alloprevotella_rava","Prevotella_histicola",1
"22465","Atopobium_parvulum","Prevotella_histicola",1
"22475","Selenomonas_flueggei","Prevotella_histicola",1
"22488","Selenomonas_sputigena","Prevotella_histicola",1
"22520","Campylobacter_concisus","Prevotella_histicola",1
"22521","Prevotella_melaninogenica","Prevotella_histicola",1
"22522","Megasphaera_micronuciformis","Prevotella_histicola",1
"22523","Cryptobacterium_curtum","Prevotella_histicola",1
"22528","Veillonella_atypica","Prevotella_histicola",1
"22547","Alloscardovia_omnicolens","Prevotella_histicola",1
"22551","Streptococcus_thermophilus","Prevotella_histicola",1
"22556","Leptotrichia_wadei","Prevotella_histicola",1
"22558","Dialister_micraerophilus","Prevotella_histicola",1
"22747","Corynebacterium_matruchotii","Aggregatibacter_segnis",1
"22751","Fusobacterium_nucleatum","Aggregatibacter_segnis",1
"23694","Rothia_dentocariosa","Actinomyces_naeslundii",1
"23822","Corynebacterium_matruchotii","Actinomyces_naeslundii",1
"24324","Capnocytophaga_leadbetteri","Capnocytophaga_gingivalis",1
"24330","Prevotella_shahii","Capnocytophaga_gingivalis",1
"24381","Fusobacterium_periodonticum","Capnocytophaga_gingivalis",1
"24382","Campylobacter_showae","Capnocytophaga_gingivalis",1
"24384","Capnocytophaga_granulosa","Capnocytophaga_gingivalis",1
"24481","Parvimonas_micra","Capnocytophaga_gingivalis",1
"24504","Porphyromonas_catoniae","Capnocytophaga_gingivalis",1
"24506","Lachnoanaerobaculum_umeaense","Capnocytophaga_gingivalis",1
"24545","Capnocytophaga_leadbetteri","Prevotella_loescheii",1
"24649","Capnocytophaga_ochracea","Prevotella_loescheii",1
"24702","Parvimonas_micra","Prevotella_loescheii",1
"24704","Fusobacterium_nucleatum","Prevotella_loescheii",1
"24991","Prevotella_pallens","Prevotella_oulorum",1
"25010","Prevotella_salivae","Prevotella_oulorum",1
"25041","Lachnoanaerobaculum_saburreum","Prevotella_oulorum",1
"25072","Actinomyces_graevenitzii","Prevotella_oulorum",1
"25075","Atopobium_parvulum","Prevotella_oulorum",1
"25121","Leptotrichia_goodfellowii","Prevotella_oulorum",1
"25130","Campylobacter_concisus","Prevotella_oulorum",1
"25132","Megasphaera_micronuciformis","Prevotella_oulorum",1
"25138","Veillonella_atypica","Prevotella_oulorum",1
"25157","Alloscardovia_omnicolens","Prevotella_oulorum",1
"25166","Leptotrichia_wadei","Prevotella_oulorum",1
"25189","Prevotella_histicola","Prevotella_oulorum",1
"25533","Dialister_pneumosintes","Atopobium_rimae",1
"25582","Cryptobacterium_curtum","Atopobium_rimae",1
"25894","Treponema_denticola","Treponema_maltophilum",1
"25982","Treponema_lecithinolyticum","Treponema_maltophilum",1
"25996","Capnocytophaga_ochracea","Treponema_maltophilum",1
"26046","Prevotella_nigrescens","Treponema_maltophilum",1
"26051","Fusobacterium_nucleatum","Treponema_maltophilum",1
"26698","Haemophilus_influenzae","Haemophilus_haemolyticus",1
"26756","Streptococcus_mitis","Haemophilus_haemolyticus",1
"27295","Prevotella_salivae","Stomatobaculum_longum",1
"27326","Lachnoanaerobaculum_saburreum","Stomatobaculum_longum",1
"27357","Actinomyces_graevenitzii","Stomatobaculum_longum",1
"27360","Atopobium_parvulum","Stomatobaculum_longum",1
"27390","Actinomyces_lingnae","Stomatobaculum_longum",1
"27410","Oribacterium_sinus","Stomatobaculum_longum",1
"27415","Campylobacter_concisus","Stomatobaculum_longum",1
"27417","Megasphaera_micronuciformis","Stomatobaculum_longum",1
"27423","Veillonella_atypica","Stomatobaculum_longum",1
"27451","Leptotrichia_wadei","Stomatobaculum_longum",1
"27474","Prevotella_histicola","Stomatobaculum_longum",1
